category,intent,question_count,faq_coverage,faq_source,source_url,find_in_source_ctrlF,faq_note,answer_type,answer,chat_answer,follow_up_trigger,follow_up_answer,answer_confidence
Registration & Eligibility,senate_list_status,38,Covered,PDF,https://www.nysc.gov.ng/downloads/onlinefaq.pdf,Senate,"Verify name appears on Senate/Academic Board Approved Result list before registering; if missing, contact institution directly.",Conditional,"The Senate List, also called the Academic Board Approved List, is compiled and uploaded by your institution, not NYSC. NYSC only publishes what schools send them.

Check your status at the NYSC Senate List portal. Pick your institution, enter your matriculation number, surname, and date of birth, then search. If your details appear, you're cleared to register. If you see ""No Record Found,"" your school hasn't uploaded you yet, or there's a mismatch in your details.

Two other scenarios come up here. Being on the Senate list but not the matriculation list, or vice versa, is a separate check. NYSC also cross-references your Senate List entry against JAMB's own Matriculation List, and a mismatch there produces its own error, ""Matriculation Number not found,"" which is fixed through JAMB, not your school. A wrong graduation year showing on the uploaded Senate list is a data-entry error at your institution's end, not a personal registration problem. Report it to your school's Student Affairs or Mobilisation Office for correction and resubmission, there's no NYSC-side fix for it.

If your school never uploads you at all, this isn't just a delay. If your institution's Senate List submission misses the cutoff for your registration window entirely, you miss that batch and roll into the next one, through no fault of your own. There's no NYSC-side way to register without appearing on an uploaded Senate List first, so persistent follow-up with your school's Student Affairs office, not NYSC, is the only lever you have if it's taking unusually long. Outstanding departmental, faculty, library, or bursary clearance at your school can also keep your name off the list in the first place, that's a school-side hold, worth checking before assuming it's just processing time.","Your institution compiles and uploads the Senate List, not NYSC, and you can't register until your name appears on it. Follow up with your school's Student Affairs office if it's slow.","Are other people from your department or school also missing, or is it just you?","just_me -> This is most likely a data mismatch (wrong matric number, name, or date of birth on file) or an unresolved issue like outstanding fees or incomplete clearance. Go directly to your Student Affairs or Mobilisation Office and ask them to check and re-upload your record. If you miss your registration window while this gets sorted, your school is expected to carry you into the next mobilisation cycle rather than lose your place || others_too -> This is institutional, not personal. Your school likely hasn't submitted its list yet, or submitted it late. There's nothing to fix on your end, the timeline depends entirely on your school's admin speed, commonly one to three months after clearance, sometimes longer. Follow up with your Mobilisation Office periodically. If you miss your registration window while this gets sorted, your school is expected to carry you into the next cycle rather than lose your place","Cross-validated -- the 'just you vs. everyone' diagnostic split and NYSC's zero visibility until schools upload are consistent across multiple current guides. The Senate-List-vs-Matriculation-List distinction and its specific error message are drawn directly from the same official cross-check mechanism already confirmed elsewhere in this project (see jamb_name_mismatch/jamb_documents_requirement) -- copied in here rather than cross-referenced, per the self-containment rule. The wrong-graduation-year scenario is reasoned from the general 'institutional data-entry error' pattern rather than a source describing that exact case. Never-uploaded batch-slip consequence and school-side clearance-hold detail are reasoned from this project's own confirmed batch_assignment_logic + senate_list_status mechanics, not independently re-sourced. REKEYED this pass (C1 mechanical rekey, per BUCKET_AB_FINDINGS.md's clean-24 list): content unchanged, labels converted to canonical keys."
Registration & Eligibility,batch_stream_timing,41,Covered,PDF/MOBREG,,Mobilization Time Table,Official Mobilization Time Table published at nysc.gov.ng/mobtable.html.,Conditional,"NYSC mobilises in three batches a year: Batch A, typically starting around March, Batch B, around May to July, and Batch C, around November. Each batch usually splits into Stream 1 and Stream 2.

You don't get grouped by personal choice, it comes down to two things NYSC checks automatically. First, when your institution uploads your Senate List to the portal, an earlier upload generally means an earlier batch, regardless of when you personally finished your degree. If your school uploads late, you get pushed to a later batch even if you graduated earlier than someone in an earlier batch. Second, your age at graduation. NYSC calculates this from your date of birth on file, usually pulled from JAMB, against your graduation date, and it must come out to 30 or under. If you're over 30 at graduation, you're excluded from mobilisation entirely and issued an Exemption Certificate instead of being assigned to any batch.

Exact dates shift year to year and are published on NYSC's official mobilisation timetable when confirmed, treat any date you see before that as provisional. To find your own batch and stream, check your NYSC dashboard or call-up letter after registering, it states both directly.

If you're asking about the allowance amount, the current federal rate is ₦77,000 a month. And if you've seen an abbreviation like ""NUA"" or ""ABU"" next to a state name on your call-up letter, that's an institution code embedded in the call-up number format, not a batch or stream code. Call-up numbers run NYSC/Institution Code/Year/Serial Number, so NYSC/LAG/2026/008343 means University of Lagos, 2026.","Your batch and stream are assigned automatically, not chosen, and both are stated on your NYSC dashboard and on your call-up letter once you've registered.","Which do you need: the timetable, how you got assigned, or how to find yours?","timetable -> Batch A typically starts around March, Batch B around May to July, and Batch C around November, each splitting into Stream 1 and Stream 2.
Exact dates shift yearly and are only confirmed on NYSC's official mobilisation timetable, so treat anything earlier as provisional.
The two streams don't pass out together, and the gap between them changes by batch and year. || how_assigned -> Two things decide it, both automatic. Your institution's Senate List upload timing sets your batch, so a late upload pushes you back regardless of when you graduated.
Your age at graduation must also be 30 or under, calculated from the date of birth on your JAMB record. Over 30 at graduation means an Exemption Certificate instead of a batch. || find_mine -> Log into your NYSC dashboard, or open your call-up letter, both state your batch and your stream directly. If neither shows them yet, your call-up number hasn't been generated, which usually means an unconfirmed payment or a Senate List still pending from your institution.","Cross-validated -- the 'batch is determined by institution upload timing, not personal choice or graduation date' point is confirmed consistently across multiple current (2026) sources, including confirmation that Batch B Stream 2 camp opened August 5, 2026 while Batch C had not yet been mobilised as of that date -- consistent with the described yearly pattern. The federal allowance figure (₦77,000) is reconfirmed against 5+ independent 2026 sources. The 'NUA/ABU' abbreviation is resolved -- confirmed as institution codes (Nnamdi Azikiwe University Awka / Ahmadu Bello University Zaria) embedded in the call-up number, self-contained from this project's own NYSC_Institutional_Codes file. MERGED this pass (C2): retired batch_assignment_logic (near-duplicate; folded in the age-30-at-graduation rule this intent was missing). TRIMMED this pass: the allowance figure and NUA/ABU institution-code paragraphs cut to one-line cross-references -- that content is owned by allowance_amount and callup_number_vs_letter respectively."
Registration & Eligibility,name_correction,28,Covered,PDF,https://www.nysc.gov.ng/downloads/onlinefaq.pdf,Correction of Name,Login to dashboard > Apply for Name Correction > fill fields > Place Request. NYSC does not add/remove names; that requires institution to write NYSC directly.,Conditional,"Two different NYSC-side fixes exist depending on what's wrong. For spelling or word-order errors, like a misspelled name or names in the wrong order, log into your dashboard, click ""Apply for Correction of Name,"" fill in the fields, and submit. No fee, no institution involvement.

For adding or removing an entire name, for example a name on your certificate that's missing from your NYSC profile, NYSC won't process this directly from you. Your institution's Student Affairs Officer must write to NYSC on your behalf, so go to your school first, not the dashboard.

There's also a common third case: mismatches between your different official records, like JAMB, NIN, BVN, and your statement of result, rather than a mistake on the NYSC portal itself. NYSC's registration checks default to what's on your JAMB record as the reference point, so a NIN or BVN mismatch alone generally doesn't block registration, but a JAMB versus statement-of-result mismatch does need fixing before you can be reliably cleared.

If JAMB itself has the wrong name, that's a JAMB Correction of Data request, not an NYSC one. It's a one-time, one-cycle window, currently ₦3,500 via JAMB's eFacility portal, not an indefinite option. If that window has closed, the fallback is JAMB's Regularization service, which is slower and more expensive, so don't wait until the window closes if you already know something's wrong.

On affidavits: they're acceptable for some general name discrepancies between documents, like certificate versus passport, but not for date-of-birth corrections specifically. NYSC does not accept court affidavits as a DOB fix.","NYSC treats your JAMB record as the reference for your name, and what you can fix yourself depends on which kind of error it is.","Is this a spelling or order fix on the NYSC portal itself, an add or remove of a whole name, or a mismatch between different official records like JAMB, NIN, BVN, or your certificate?","spelling_order -> Handled entirely on your dashboard, no institution involvement, no fee || add_remove -> Go to your school's Student Affairs Officer first, they write to NYSC on your behalf || mismatch -> NYSC checks against your JAMB record, so a NIN or BVN mismatch alone generally doesn't block registration, but a JAMB versus statement-of-result mismatch does need fixing first.
Corrections go through your institution's Student Affairs office. If JAMB itself holds the wrong name, that's a JAMB Correction of Data request, not an NYSC one.","Cross-validated -- the spelling-vs-addition/removal distinction and SAO-involvement requirement are confirmed directly by an official nysc.gov.ng FAQ page and independently by multiple current guides (unchanged from prior audit). Newly added and cross-validated this pass: JAMB's Correction of Data is a one-time, one-cycle, fee-based (₦3,500) window rather than an indefinite option, with Regularization as the slower/costlier fallback once it closes -- confirmed across 5+ independent 2026 JAMB-focused sources, none of which describe any blanket embargo on name correction. The DOB-affidavit rejection is carried over from the confirmed dob_discrepancy_correction finding (self-contained, not cross-referenced) to flag that affidavits aren't a universal fix. The 'JAMB defaults as reference point, NIN/BVN-only mismatches generally don't block NYSC registration' framing is reasoned from the same logic already confirmed for DOB mismatches in dob_discrepancy_correction, extended here to name mismatches -- not independently re-sourced for name specifically, so treat that extension as reasoned rather than directly verified. REKEYED this pass (found during verification, not in either list in BUCKET_AB_FINDINGS.md -- 3 clean unambiguous branches, mechanical rekey)."
Registration & Eligibility,callup_number_delay,23,Not covered,-,,,No troubleshooting guidance found for call-up number delay.,Conditional,"First, confirm the basics: your Senate List status is approved, your registration is fully submitted, and your Remita payment, if you paid, went through. An unconfirmed payment is the single most common reason a call-up number won't generate at all.

If those all check out and it's still not showing, it's usually just a processing delay. Numbers are released in phases, not all at once, and schools whose lists were approved later get processed later. Keep checking your dashboard daily rather than assuming something is broken.

You don't need to wait for an SMS to check your dashboard yourself. SMS and email notifications are only sent to those who paid the optional registration package fee, the same fee that unlocks online call-up letter printing, and even for those who paid, the notification can lag or occasionally not arrive at all. Check your dashboard directly rather than waiting on a text that may never come.","Check that your Senate List status is approved, your registration is fully submitted, and your Remita payment went through. An unconfirmed payment is the commonest reason a call-up number never generates.","Is it just you affected, or is most of your batch or department also still waiting?","whole_batch -> This is a normal processing-wave delay, not a personal problem, nothing to do except keep checking and be patient. If you suspect a specific data issue, like a name correction still under review, resolving that directly is usually what unblocks your number || just_me -> This can genuinely mean you've been shifted to the next stream or batch, which happens and isn't something you did wrong. It's frustrating, but it doesn't mean you'll miss service, just that your window moved. If you suspect a specific data issue, like a name correction still under review, resolving that directly is usually what unblocks your number","Cross-validated -- the payment-confirmation check, phased release, and stream-shift possibility are all consistent across multiple current 2026 sources and a Nairaland-linked analysis thread. Newly added and cross-validated this pass: SMS/email notification is tied to the same optional paid registration package as online letter printing, confirmed directly via NYSC's own portal FAQ -- it's a convenience feature, not a gate, so its absence or delay doesn't mean anything is broken. REKEYED this pass (C1 mechanical rekey, per BUCKET_AB_FINDINGS.md's clean-24 list): content unchanged, labels converted to canonical keys."
Registration & Eligibility,dob_discrepancy_correction,20,Covered,PDF,https://www.nysc.gov.ng/downloads/onlinefaq.pdf,Date of Birth,Get 19/20-digit WAEC verification PIN from First Bank > enter on dashboard DOB correction link > verify. Gap between WAEC date and graduation date must be >=4 years. Different procedure if Exemption Certificate already issued.,Conditional,"Get a WAEC verification PIN, 19 or 20 digits, from an authorized outlet, then use it on your dashboard's ""Correction of Date of Birth"" link. Select your WAEC type, enter your year of exam and examination number, then verify and submit.

A few firm rules before you start. WAEC is the only exam body NYSC accepts for this, NECO and NABTEB results can't be used. You can only do this correction once, and only before you're deployed to camp, once your Call-Up Letter or Exemption Letter is generated, the option disappears permanently. The gap between your WAEC exam date and your graduation date generally needs to be at least four years for the correction to go through cleanly.

After submitting, check your dashboard daily, the update commonly takes a few days to reflect.

One point that resolves several common questions: NYSC's default reference for your date of birth is your JAMB record, not your NIN or your BVN. A DOB mismatch against NIN or BVN alone does not affect your eligibility, registration, camp admission, or your ability to open your NYSC allowance bank account, NYSC simply doesn't check those fields for this purpose.

NYSC has also stated it does not accept a court affidavit as a substitute for the WAEC-verification correction, no matter how large the discrepancy. The dashboard process above is the only accepted route.","NYSC uses the date of birth on your JAMB record as its reference, so a NIN or BVN mismatch alone doesn't block registration, camp admission, or opening your allowance account.","Is your JAMB record itself wrong, or is JAMB correct and only the NYSC portal or WAEC record off?","jamb_wrong -> Fix it at JAMB through a Correction of Data request, and do it before NYSC registration if you can, since NYSC pulls your date of birth from JAMB by default.
An affidavit isn't accepted for date-of-birth corrections specifically, unlike some general name discrepancies. || records_wrong -> Use the WAEC-verification-PIN process on your NYSC dashboard directly, as described above || nin_bvn_mismatch -> There's nothing you need to do for NYSC purposes specifically, it won't block registration, camp, or your allowance account. It's still good practice to align your records eventually, but there's no NYSC-driven urgency","Cross-validated -- the WAEC-only rule, one-time/pre-camp-only correction window, JAMB-not-NIN/BVN reference point, and the no-affidavit-accepted policy (confirmed via NYSC's own official statement on X) are all consistent across the official onlinefaq.pdf and multiple independent current (2026) sources. The direction of the 4-year WAEC-to-graduation gap rule is now officially confirmed (>=4 years), upgraded from cross-validated -- a live fetch of nysc.gov.ng/faq.html states this directly in NYSC's own words, and no current source was found describing the reverse. What happens if the dashboard still shows the wrong DOB beyond the typical few-days window is also unconfirmed by any source and flagged as such. REKEYED/RESTRUCTURED this pass (Batch 6 finish, decisions confirmed with user)."
Registration & Eligibility,callup_letter_access,18,Partial,PDF/MOBREG,,Printing of Call,"Printing call-up letters is listed as a self-service. N2,786.24 fee required to receive call-up number via SMS and print online; otherwise collect from school.",Conditional,"Your call-up number appears first, on your dashboard, once registration and payment are processed. The call-up letter, the actual printable document showing your posting state, camp, and reporting date, becomes available after that. Print it in colour, and don't laminate it. Don't confuse either of these with your Green Card, your registration confirmation slip, a separate document, or your State Code, which is only assigned once you physically arrive at camp.

If you paid the registration fee, you print your own letter online. If you didn't, you'd collect it from your institution instead. That optional payment is a fixed registration package fee, commonly cited around ₦3,000, paid via Remita during registration, not a separate charge just for printing. Paying it unlocks online printing and reprinting later if the letter is lost or damaged, plus SMS and email status notifications.

If you don't pay, you're not blocked from service, you simply collect your call-up letter physically from your institution instead. But you lose the ability to reprint it yourself if something happens to the paper copy, so keep your photocopies safe. You don't need to wait for an SMS to check or print your letter, that notification is a convenience tied to the same paid package, not a gate, check your dashboard directly regardless.

If you've held your call-up number since a previous stream, a full stream has passed with no letter, and you still haven't been mobilised, that combination isn't addressed directly by any source. The letter normally follows the number once processing catches up, so contact your state secretariat directly rather than keep waiting on the portal.","Your call-up number appears first on your dashboard, and the letter follows once processing catches up. How you get the letter depends on whether you paid the optional registration fee.","Did you pay the optional registration fee during registration, or not?","paid -> Print and reprint your call-up letter anytime from your dashboard. SMS and email notifications apply to you, though they can still lag or occasionally not arrive, check your dashboard directly if in doubt || not_paid -> Collect your call-up letter physically from your institution instead. If it's later lost or damaged you have no online reprint option, so keep it safe. You still print your Green Card yourself either way, that's a separate document and the payment choice doesn't affect it.","Cross-validated -- the four-document distinction (call-up number vs. letter vs. Green Card vs. State Code) is consistently confirmed and is a very common point of confusion in real accounts. Newly added and cross-validated this pass: the exact fee figure and what it unlocks, confirmed directly via NYSC's own portal FAQ (portal.nysc.org.ng) describing the fee as covering the whole online-registration package, not printing alone; and that SMS notification is a convenience tied to the same paid package rather than a requirement to access the letter. REKEYED this pass (C1 mechanical rekey, per BUCKET_AB_FINDINGS.md's clean-24 list): content unchanged, labels converted to canonical keys."
Registration & Eligibility,foreign_graduate_verification,17,Covered,PDF/MOBREG,https://www.nysc.gov.ng/downloads/onlinefaq.pdf,Foreign,"Still register and serve, but go through extra physical document verification (original certificates + passport entry/exit stamps) that Nigeria-trained graduates skip.",Conditional,"A foreign-trained graduate means any Nigerian citizen whose first degree or HND was earned outside Nigeria, regardless of which country, this includes Ghana and the UK, there's no ECOWAS or Commonwealth exception. You must complete online registration first, then undergo mandatory physical verification, online registration alone never substitutes for it. Only those physically seen, verified, and cleared with original credentials get deployed, exempted, or excluded.

At physical verification you need your original degree or HND certificate (a statement of result, downloaded transcript, or attestation letter are not accepted as substitutes), a complete official transcript signed and stamped by your institution, an Evaluation Letter from the Federal Ministry of Education confirming your foreign institution's accreditation, and all relevant passport pages from your study period, including the data page, entry visa, and your first-departure and return-to-Nigeria dates. O'level results, WAEC, NECO, or GCE, with a minimum of 5 credits including English and Mathematics in not more than two sittings, are required the same as for locally trained graduates, not waived.

A residence permit or visa covering your whole study period is normally required too. It shows through those same passport pages, not as a separate document. If you don't have one, provide other proof you studied there, like an immigration report and a sworn affidavit from a court in that country.

Any certificate not in English must be translated first, at the embassy of the country where you studied or a Nigerian university that teaches the language. Bring the translated copy to camp with your originals.

Online or purely correspondence-mode degrees, for example Oxford Brookes ACCA-style routes, are explicitly not accepted. An online-only foreign degree is a real risk here, not a technicality, though outcomes can depend on how your specific institution's delivery mode is evaluated, so confirm directly with NYSC or the Ministry for your programme.

Medical and health-professional foreign graduates go through the same physical verification as everyone else, not exempt, but must additionally upload proof of registration with their professional council, for example MDCN or PCN.

If your transcript hasn't arrived, you can't complete verification without it, since downloaded or unofficial transcripts aren't accepted. Press your school abroad directly, some universities can forward accreditation confirmation straight to the Ministry's evaluation unit, which can be faster.",You register through NYSC's foreign-graduate route and must attend physical verification in Nigeria in person. Bring your original certificates and your international passport showing a residence permit or visa covering your study period.,"Have you completed your online registration yet, and do you have your original certificate, transcript, and Ministry Evaluation Letter in hand?","registered:no -> Start there first, physical verification comes after || docs_in_hand:no -> Verification can't be completed until you have them, contact your foreign institution directly","Cross-validated -- mandatory physical verification regardless of online registration status, the not-accepted document list, the O'level requirement applying equally to foreign-trained graduates, and the medical-graduate professional-council requirement are confirmed directly via multiple current (2026) NYSC-sourced guides and official verification notices. The residential-permit question, translation requirement, and case-by-case online-degree evaluation are flagged as unconfirmed/reasoned. REKEYED this pass (Batch 5, compound format): both sub-slots are yes_no type, only the negative branches carry distinct content -- a yes/yes case falls through to the main answer correctly."
Registration & Eligibility,remobilization_after_abandon,14,Not covered,-,,,No remobilization/abandonment process described.,Statement,"Remobilization is the official route back into service for a corps member who absconded, meaning stopped attending camp or PPA without approval. That's different from Revalidation, which is for someone who never made it to camp at all in their assigned year.

It only happens through a periodically-opened portal, not year-round. NYSC announces each window per batch, and applications outside the stated window aren't accepted.

There are two paths depending on what your state did. If your state secretariat already took formal action on your abscondment, you register directly for remobilization when the portal opens. If your state took no formal action, a different registration route applies, confirm which applies to you with your state secretariat before the portal opens.

If you received monthly allowance before absconding, you must refund that exact amount, but only through the official NYSC dashboard, refunds paid any other way aren't recognised, and this refund is a precondition for your application being processed.

If you previously registered in an earlier window but couldn't complete documentation in your assigned state, you must register afresh in the next window rather than assume your earlier registration still counts.

On consequences: absconding is treated as a disciplinary matter, not a no-penalty choice. Unlike simply not reporting to camp at all, which just delays you to a later batch with no punishment, abandoning a PPA you already reported to, or repeatedly missing monthly clearance, is flagged as AWOL on the NYSC portal. Reported consequences include a service extension, commonly around one additional month per missed clearance, a withheld discharge certificate until the matter is resolved, and possible written queries or disciplinary action from your LGI. That's what makes remobilization necessary in the first place.

There's no waiting period before you can be remobilized — you don't have to wait for your original batch to pass out first. Some corps members believe there is, but it isn't NYSC policy, so apply through the portal when the window opens.

If your dashboard still marks you present for months you didn't actually serve, that's a records problem your state secretariat or LGI has to fix once you're back in the system through remobilization. There's no self-service dashboard correction for it.

NYSC Headquarters is at Plot 416, Tigris Crescent, off Aguiyi Ironsi Street, Maitama, PMB 138, Garki, Abuja. There's no process for someone else to enquire on your behalf, either — the affected corps member is expected to handle their own case.","Remobilization is the route back into service after absconding, and it only opens through a periodic portal window per batch. If you received allowance before absconding you must refund it through the dashboard first.",,,"Cross-validated -- remobilization-vs-revalidation distinction, dashboard-only refund requirement, and periodic (not year-round) portal opening pattern confirmed directly via multiple 2025-2026 NYSC official announcements. The two-path (state-action vs no-action) split is confirmed via a dedicated remobilization explainer. The 'must wait for original batch to pass out' claim and third-party HQ enquiry process are flagged as unconfirmed. Consequences addition (service extension, withheld certificate, disciplinary flag) cross-validated across 2+ independent current sources. REKEYED this pass (C1 mechanical rekey, per BUCKET_AB_FINDINGS.md's clean-24 list): content unchanged, labels converted to canonical keys."
Registration & Eligibility,green_card_printing,13,Not covered,-,,,Term 'Green Card' not addressed in these sources.,Conditional,"The Green Card is your online registration slip, showing your bio-data, passport photo, and other captured details. It's not the same as the call-up letter, which comes later and tells you your posting state, camp, and reporting date.

You print it yourself from your dashboard using ""Print Slip,"" on plain white A4 paper, no requirement to print in colour, and reprinting anytime is fine.

There's no rule for or against laminating it before camp. Some corps members do it without issue. If you're unsure, keep an unlaminated copy too, in case a camp officer needs to write or stamp on it later.

A blank Green Card, or one missing your call-up number, almost always means your call-up number hasn't been generated yet. Common causes are an unconfirmed Remita payment, numbers being released in stages, or your institution's Senate List submission not having reached NYSC yet.

A missing year-of-admission field on an otherwise-generated Green Card is more likely a data-entry gap from your registration or Senate List record than a call-up delay on its own, worth flagging to your institution rather than just waiting.

If you're revalidating and your dashboard says ""not evaluated"" despite complete documents, that's an active processing-queue status, not a rejection, but if it persists unusually long, raise it directly with your LGI or State Coordinator.

On payment, the roughly ₦3,000 online-registration fee unlocks unlimited online reprints and SMS or email notifications, it's not a separate one-time gate specifically for printing the Green Card. If you've completed standard registration and payment, printing access follows from that.","Print it yourself from your dashboard using Print Slip, on plain white A4. Colour isn't required and you can reprint any time. A blank card usually means your call-up number hasn't generated yet.","Is your issue that the Green Card won't print or shows blank, or that it prints fine but something on it looks wrong?","wont_print -> Check your Remita payment status first. If confirmed and still blank, it's likely a staged-release delay or a Senate List issue on your institution's end || wrong_info -> A missing call-up number means it hasn't been generated yet. Other wrong fields are usually a Senate List or registration data issue best raised with your institution or State Coordinator","Cross-validated -- Green Card vs call-up letter distinction, no-colour/no-reprint-limit, and the three common causes of a missing call-up number are confirmed consistently across multiple current 2026 guides. The N3,000 fee's actual scope is carried over from this project's already-confirmed callup_letter_access finding. Lamination and the missing-year-of-admission specifics are reasoned/flagged as not directly sourced. REKEYED this pass (C1 mechanical rekey, per BUCKET_AB_FINDINGS.md's clean-24 list): content unchanged, labels converted to canonical keys."
Registration & Eligibility,age_eligibility,12,Not covered,-,,,No age-eligibility rule stated in these specific FAQ sources.,Statement,"Eligibility is based on your age on the date your institution confirms your graduation, as recorded on the Senate List, not your age when you register, when your call-up letter arrives, or when you actually get to camp.

The governing NYSC Act sets the exemption threshold as being over the age of 30 at graduation, which means someone who is exactly 30 at graduation remains eligible to serve. Some third-party guides simplify this as ""30 or older is exempted,"" which would incorrectly exclude exactly-30 graduates, the statutory wording, over the age of thirty, is the accurate version.

If you were 30 or under at graduation, you register online as normal and go for service regardless of your current age. Someone who graduated at 28 but is now 32 due to mobilization delays or a late call-up is still eligible and won't be exempted on that basis.

If you were over 30 at graduation, exemption is automatic. You still register online, but you're issued a Certificate of Exemption instead of a call-up letter, there's no partial-service or reduced-term option.

Age is calculated by comparing the date of birth on your JAMB record, or your international passport for foreign-trained graduates, against your institution's recorded graduation date on the Senate List, not the date you personally collect your certificate. NYSC does not accept age corrections at the verification stage, so a wrong JAMB date of birth must be fixed through JAMB directly before completing NYSC registration.","Eligibility goes by your age on the graduation date recorded on the Senate List, not your age at registration or at camp. Over 30 at graduation means exemption, so someone exactly 30 is still eligible to serve.",,,"Medium -- that eligibility hinges on age-at-graduation (not current age, not registration date, not batch/call-up timing) and the JAMB-DOB-vs-Senate-List comparison mechanism are each confirmed by multiple independent current sources. The exact cutoff question ('30 or under = eligible' vs '29 or under = eligible') leans resolved: nysc.gov.ng's own exemption-certificate page quotes the statutory wording as 'over the age of thirty,' implying exactly-30 is still eligible -- echoed by multiple current (2025-2026) independent guides, one walking through the exact day-count logic. This is the majority reading, not unanimous -- at least one current source (nyscpioneers.com) still states '30 or older' is exempted, so keep a brief caveat rather than presenting it as fully settled."
Registration & Eligibility,registration_method_at_home,12,Partial,PORTAL,https://portal.nysc.org.ng/nysc/FAQ.aspx,Digital Persona,Registration can be done on own computer if a Digital Persona fingerprint USB scanner is attached; otherwise use an accredited registration center/cybercafe.,Conditional,"The only step that can't be done on an ordinary phone or laptop is biometric capture, meaning fingerprints and a live photo, which needs a specific fingerprint scanner (the DigitalPersona U.are.U 4500) and its driver software. Everything else, like filling personal details and uploading documents, works the same regardless of device.

Most current guides describe biometric capture as something that must be done at an accredited cybercafe or registration centre, full stop, and warn against attempting this on a personal device. That said, the U.are.U 4500 scanner is a real, purchasable USB device, and NYSC's own offline biometric client software has historically been installable on a personal computer, with specific Java Runtime and .NET Framework prerequisites, so a technically-inclined person with the right hardware could in principle still do it at home. Whether NYSC currently restricts this to accredited centres only, or still allows the DIY route, isn't confirmed either way for the current cycle.

If you don't have that specific scanner, an accredited cybercafe is the safe, confirmed route. A phone camera or generic USB fingerprint reader won't work for this step.","Everything except biometric capture works on an ordinary phone or laptop. Fingerprints and the live photo need a specific scanner, so an accredited cybercafe or registration centre is the safe route.","Are you asking about splitting registration across sessions or devices, or something else, like a specific platform, or paying the fee separately?","split_sessions -> This is fine for the form-filling and document-upload parts, you can log out and continue later or on another computer, since that data is saved to your account, not the device. The biometric step specifically has to happen wherever the compatible scanner is, whether that's the same session or a separate visit to a cybercafe || other_questions -> Whether a specific third-party platform is officially accredited isn't verifiable without checking NYSC's current accredited-centre list directly, treat it as unconfirmed. Paying the ₦3,000 fee separately, for example at a bank after registering online, also isn't confirmed, current guides describe paying online via the portal directly rather than a separate bank-based route, so don't assume that works","Medium -- the biometric-needs-a-specific-scanner fact and the form-filling/upload steps working on any device are well confirmed. But there's a real, unresolved conflict on whether a personal at-home scanner setup is still viable in the current cycle: multiple current 2026 guides state cybercafe-only, while the underlying hardware/software path is still documented as technically real. Downgraded from the original Medium-high given this newly-surfaced conflict. The bank-payment and SimpleServer-specific questions are unverified. RESTRUCTURED this pass (Batch 6, decision confirmed with user): all_at_once dropped -- it had no distinct content, the main answer already covers it. SimpleServer + bank-payment tangents consolidated into one other_questions branch instead of separate keys or bloating the main answer, per user's preference to keep the read short."
Registration & Eligibility,registration_payment_issue,11,Covered,MOBREG/PORTAL,,"2,786.24","N2,786.24 fee is optional (needed only for SMS call-up number + online printing). Payment troubleshooting: check Payment Status page with transaction ID, or email nyscsupport@sidmach.com for stuck ATM payments.",Procedural,"Check your Payment Status page on the dashboard using your transaction reference first. Most stuck payments are actually confirmed on the backend but not yet reflected on your dashboard, especially with bank transfer or USSD payments, which can take a few hours to sync.

If it's been longer than 24 hours and still shows unpaid despite your bank confirming the debit, including double-deduction cases where money left two different accounts but registration still shows unpaid, don't repeat the payment. Email NYSC's payment support with your transaction details and evidence of debit instead, since resubmitting risks a second charge without fixing the underlying sync issue.

If you're revalidating after a previous batch and already paid the ₦3,000 registration fee once, confirmed at the time, you don't need to pay it again. Revalidation itself is free, only cyber café service charges or printing costs may apply on top.

The ₦3,000 fee is a call-up-letter printing and notification fee, not a guarantee of mobilization by itself. If your Senate List status, JAMB record, or other registration steps weren't complete, payment alone doesn't move you forward, you'd still need to resolve whatever underlying issue held up your call-up number.

On payment safety: all payment happens through Remita, integrated directly into the NYSC portal, never a third-party link. Watch for fake sites with URLs that look official but have small spelling differences, agents offering ""faster processing"" for a fee (no such shortcut exists officially), and anyone asking for your portal password by phone or social media, NYSC never does this. Only pay within the official NYSC portal itself.

If registration stalls on the pre-payment page with a ""service provider network error,"" this is usually a portal-side traffic issue during high-demand periods rather than something wrong with your account, try a different network or browser, or off-peak hours.","Check your Payment Status page using your transaction reference first, since most stuck payments are already confirmed and just haven't synced. Don't repeat the payment, email NYSC's payment support instead.",,,"Medium-high -- the payment-sync-delay explanation, the no-repeat-payment advice, and revalidation not requiring a second ₦3,000 payment are each independently confirmed across multiple current sources. What exactly happens procedurally for someone who paid but was never mobilized isn't spelled out anywhere as a distinct official process -- the explanation given here is inferred from how the fee is described elsewhere, not confirmed as NYSC's own stated position on that specific complaint, so treat that part as reasoned inference rather than a sourced fact. Payment-scam-pattern addition cross-validated across 2 independent current sources (fake domains, backdoor-access scams, password-phishing warnings). ADDED this pass: the pre-payment network-error scenario, rerouted here from portal_account_access where it didn't belong (that intent covers login/account access, not payment-processing technical issues) -- this intent's own content (Payment Status page, RRR, stuck-payment diagnosis) is the actual matching home."
Registration & Eligibility,medical_fitness_report,11,Partial,PDF,https://www.nysc.gov.ng/downloads/onlinefaq.pdf,Health Ground,For health-ground concessional deployment: upload medical report from a Federal or State General Hospital plus doctor's details.,Conditional,"NYSC has two separate documents that get confused with each other: the Medical Fitness Certificate, compulsory for every prospective corps member including married women, with no exemption, checked at the camp gate before you're admitted to register, and the Medical Report, used specifically for health-ground concessional posting or redeployment requests, which needs a doctor's details and specifics of your condition.

The Fitness Certificate must come from a government or military hospital, private-hospital certificates are routinely rejected at the gate. The health-ground Medical Report carries the same restriction, NYSC's own FAQ page states directly that supporting documents must include a medical report from a Federal or State General Hospital.

The standard fitness certificate format typically includes tests like PCV, VDRL, HIV, HCV, HBsAg, blood group, genotype, blood pressure, sputum, urinalysis, stool microscopy, chest X-ray, and visual acuity, plus your age and personal details. Importantly, a certificate is not rejected in camp for lacking a meningitis vaccination record specifically, that's a scam narrative some WhatsApp group admins spread to get corps members to pay for a second certificate. NYSC has never made meningitis vaccination a compulsory inclusion, though getting vaccinated is still recommended for your own health, especially if posted to a northern or meningitis-belt state.

Cost estimates vary widely, some describe the certificate as technically free at public hospitals with only the tests costing roughly ₦2,000 to ₦7,000, while other guides estimate a broader ₦5,000 to ₦60,000 range depending on hospital and location.

Camp officials check the certificate during documentation, and some camps also run a supplementary medical exam after arrival, but you still need to bring a certificate obtained beforehand. The ideal window to get it is about 2 to 4 weeks before your reporting date, since government hospitals get busier and slower as reporting dates approach.",Two documents get confused here. The Medical Fitness Certificate is compulsory for camp registration and must come from a government or military hospital. The Medical Report is a separate document used for health-ground posting requests.,"Are you asking about the certificate for camp registration, the document for a health-ground redeployment request, or a dispute over whether your documents were accepted?","camp_cert -> You need the Medical Fitness Certificate, compulsory for every prospective corps member including married women, no exceptions, from a government or military hospital only, private-hospital certificates are routinely rejected at the gate || redeployment_doc -> You need the separate Medical Report, submitted with a doctor's details and specifics of your condition, officially required to be from a Federal or State General Hospital, the same government-facility restriction as the Fitness Certificate || dispute -> If camp medical staff reject your genuine documents as fake and you then have a real health emergency, report it in writing to your Camp Commandant or State Coordinator, and get an independent medical report from an NHIS-recognised hospital for the emergency itself, since any later review of your case will go by what's documented","Medium-high -- that the certificate is compulsory for all PCMs (including married women) and must come from a government/military hospital, the standard test list, and the meningitis-vaccination non-requirement (specifically debunked as a scam narrative) are each corroborated by multiple independent current sources. The Medical Report's hospital-type restriction is now officially sourced (nysc.gov.ng/faq.html confirms Federal/State General Hospital directly), not left as a source conflict. Only the exact cost stays genuinely unresolved, varying widely across sources (~N2,000-N60,000) with no single official figure found. REKEYED/RESTRUCTURED this pass (Batch 6 finish, decisions confirmed with user)."
Registration & Eligibility,jamb_number_issue,10,Partial,PDF,https://www.nysc.gov.ng/downloads/onlinefaq.pdf,Matriculation,"If matriculation/JAMB number already exists as an issue, contact your institution directly (not NYSC).",Conditional,"If your JAMB number shows as nonexistent, invalid, or not matching NYSC's records, the underlying cause is almost always that JAMB itself doesn't have you validly on its Matriculation List. NYSC's portal directly cross-checks against JAMB and shows errors like ""No JAMB Detail Found"" or ""Matriculation Number not found"" when that check fails. This isn't something NYSC can correct, it has to be fixed on the JAMB side.

There are two distinct JAMB services people often confuse. Correction of Data, roughly ₦2,500, is for fixing typos in an existing valid record. Regularization, also called Late Application, roughly ₦10,000, is for candidates whose admission was never properly captured through JAMB's CAPS system in the first place, meaning no valid Matriculation List entry exists at all. A nonexistent JAMB number on the NYSC portal points to the second scenario, you'd need JAMB Regularization, done at an accredited JAMB CBT centre or office, before your school can meaningfully include you on their Senate List submission to NYSC.","An invalid or missing JAMB number almost always means JAMB itself doesn't have you validly on its Matriculation List. NYSC can't correct that, it has to be fixed on the JAMB side.","Is your matriculation number wrong while your name is correctly on the Senate List, or is the JAMB number itself the problem?","matric -> A wrong matric number can still block your call-up number from generating even if your name shows correctly, since NYSC's checks look at the specific number, not just the name match. This needs correcting through your institution's Student Affairs office, not the NYSC dashboard directly || jamb_no -> Don't register with a JAMB number that isn't legitimately yours hoping to fix it later. NYSC's Senate-List cross-check is designed to catch that and can flag your registration as fraudulent rather than simply incorrect.
Resolve it through your institution and JAMB first. Buying a scratch card to validate a JAMB number for NYSC isn't a real requirement.","Cross-validated -- the JAMB-Matriculation-List-is-the-real-blocker mechanism and the exact NYSC error messages are confirmed directly against a source describing NYSC's cross-check logic, consistent with the already-resolved jamb_name_mismatch finding. The Correction-of-Data-vs-Regularization fee/purpose distinction is confirmed across multiple current 2026 sources, though the exact fees (N2,500 / N10,000) come from secondary guides, not JAMB's own site directly. The scratch-card question is flagged as likely inapplicable/unconfirmed rather than answered with confidence. REKEYED/RESTRUCTURED this pass (Batch 6 finish, decisions confirmed with user)."
Registration & Eligibility,stream_assignment,10,Not covered,-,,,No explanation of Stream 1 vs Stream 2 selection logic.,Conditional,"You can't choose your stream. Like your batch, it's determined by processing order, mainly how quickly your institution uploaded and submitted, including the physical hardcopy, your Senate List, not personal preference.

If your dashboard shows a message like ""sorry, you're not in this stream, you'll be notified when your call is out"" or ""your institution has not submitted hardcopy, be patient,"" this means your school's submission to NYSC either wasn't uploaded in time for the current stream's registration window, or was uploaded but the required hardcopy confirmation hasn't reached NYSC's Abuja office yet. It isn't something wrong with your individual record.

Corps members not processed in time for Stream 1 are generally carried into Stream 2 automatically rather than losing their place, though this depends on your institution eventually completing its submission.","You can't choose your stream. Like your batch it follows processing order, mainly how quickly your institution uploaded and submitted its Senate List, including the physical hardcopy.","Were you actually deployed for Stream 1 and chose not to go, or were you never processed for Stream 1 in the first place?","deployed_skipped -> Some corps members describe simply not printing or using the Stream 1 call-up letter, then waiting and reprinting once Stream 2's call-up letters are released, which moves them into Stream 2 automatically. This is based on older forum-level guidance and isn't confirmed against a current official source, so treat it as commonly reported rather than guaranteed policy || never_processed -> There's nothing to do on your end except keep checking your dashboard. You'll be included in Stream 2 or later once your school's submission clears. Following up with your school's Student Affairs office is the only lever you have","Medium-high -- the institution-upload-timing-determines-stream logic and the specific dashboard message meaning are confirmed consistently, including one source describing the exact hardcopy-submission mechanic. The skip-Stream-1-to-get-Stream-2 workaround is repeated across several guides but traces back to older, non-current sources and isn't confirmed against a current official statement -- flagged as commonly reported, not verified policy. REKEYED this pass (C1 mechanical rekey, per BUCKET_AB_FINDINGS.md's clean-24 list): content unchanged, labels converted to canonical keys."
Registration & Eligibility,postpone_defer_service,9,Not covered,-,,,No deferment procedure described.,Statement,"NYSC doesn't offer a formal option to postpone or defer to a later batch on request. Your batch is determined by your institution's Senate List upload timing, not something you personally delay once you're eligible and in the system.

Two situations actually come up here. If you've never registered at all, revalidation doesn't apply to you, your path is ordinary registration once your institution submits you on a Senate List, same as any other graduate. If you already registered and were mobilized but couldn't attend camp, that's what revalidation is for. It re-enters you for the next batch once the portal reopens, with no fresh registration and no fee, and in most cases your dashboard just updates with a new call-up number for you to reprint.

There's no process for cancelling or stopping an already-ongoing service year outright. Redeployment and maternity leave are different, narrower mechanisms, not general ""cancel my service"" options. NYSC does not defer an entire batch for a pregnancy or newborn either.","There's no formal way to postpone or defer to a later batch on request. Your batch follows your institution's Senate List upload timing, not a choice you make.",,,"Medium-high -- the revalidation-vs-fresh-registration distinction (revalidation only applies if you were already mobilized before) and the maternity leave terms (12 weeks, paid, forfeits terminal leave, no camp stay if already pregnant) are each confirmed by multiple independent current sources. Whether an ongoing service year can be formally cancelled/withdrawn mid-year could not be verified against any source and is explicitly flagged as unresolved rather than guessed at. TRIMMED this pass (T-4): full revalidation/maternity-leave/relocation detail cut to cross-references; owned by revalidation, pregnancy_accommodation, and relocation_general_process respectively."
Registration & Eligibility,registration_documents_general,9,Covered,MOBREG,https://www.nysc.gov.ng/mobreg.html,Requirements,"Functional email + Nigerian GSM number, correct matriculation number, name must appear on Senate list, compliant passport photo (white/off-white background, full face, centered).",Statement,"Standard online registration requires your National Identification Number (NIN), a functional email and phone number, a digital passport photograph, your academic credentials (Statement of Result or Certificate), and your institutional matriculation and JAMB details.

An HND graduate registers the same way as a BSc or university graduate, there's no separate document set for HND holders. NOUN graduates are also NYSC-eligible the same as graduates of any NUC-accredited Nigerian institution, being a NOUN graduate on its own doesn't change your registration requirements. The next step after registration is simply waiting for your call-up number and letter, like any other registrant.

Documents needed for camp screening overlap with, but are separate from, these online-registration documents. For the camp gate itself, bring your Call-Up Letter, Green Card, Statement of Result or Certificate, a valid ID card, passport photos, and your Medical Fitness Certificate.","Online registration needs your NIN, a working email and phone number, a digital passport photograph, your Statement of Result or Certificate, and your matriculation and JAMB details. HND and NOUN graduates register the same way.",,,Cross-validated directly via mobreg.html and consistent across independent guides for the core document list. HND/NOUN-specific handling and the broader 'complete my service year' question are reasoned from the general eligibility/process rules already confirmed elsewhere in this project rather than separately sourced for these specific phrasings. TRIMMED this pass (T-5): eligibility asides cut/tightened to cross-references.
Registration & Eligibility,prior_registration_history,9,Not covered,-,,,No guidance on re-registration after prior/abandoned NYSC history.,Conditional,"NYSC operates a one-time-in-a-lifetime rule. Once you've completed a full service year, or you already hold a valid exemption or exclusion tied to one qualifying credential, you cannot be mobilised again for a later, higher qualification. Earning a second degree afterward, including professional qualifications like medicine and surgery, doesn't create a fresh service obligation. Attempting to re-register is treated by the portal's cross-checks as a violation, not a legitimate second attempt.","NYSC is one-time-in-a-lifetime. Once you've completed service, or hold a valid exemption or exclusion, a later or higher qualification doesn't create a fresh service obligation, and re-registering is treated as a violation.","Have you already completed service once or hold an exemption or exclusion, is this about being mobilized but never attending, or something else?","already_served -> The one-time rule above applies. Using a second degree to forfeit your first registration and start over isn't how it works, your existing status stands, though a second qualification can support a fresh exemption certificate application if you're applying for exemption specifically || mobilized_no_show -> This is different from having completed service. You generally still need to revalidate to be re-posted in a later batch, and multiple rounds of revalidation across different batches are possible, missing it a second time doesn't permanently disqualify you || other_scenarios -> Two things aren't clearly confirmed here: whether military or police service completed before finishing your degree still counts toward the 9-plus-months exemption ground, and whether laboratory science graduates need to complete a compulsory internship before NYSC eligibility. For either, check directly with NYSC","Medium-high -- the core one-time-service rule (confirmed against NYSC Act Section 2 and multiple current sources, including explicit confirmation that a later additional qualification doesn't create a new service obligation) and the revalidation-can-be-repeated-after-missing-twice point (though only anecdotally sourced) are the strongest parts. The police-enlistment-before-degree and lab-science-internship scenarios remain unverified and are flagged as such rather than answered with confidence. RESTRUCTURED this pass (Batch 6, decision confirmed with user): police-pre-degree and lab-science-internship tangents consolidated into one other_scenarios branch instead of two separate thin keys."
Registration & Eligibility,graduation_date_correction,9,Covered,PDF,https://www.nysc.gov.ng/downloads/onlinefaq.pdf,wrongly exempted,"For wrongly-exempted PCMs: collect original Exemption Certificate from institution, SAO writes signed letter to NYSC HQ stating correct graduation date; then revalidate when portal reopens.",Conditional,"NYSC uses the graduation date as it appears on your Statement of Result or Senate List submission, not the date your certificate happens to be issued. A certificate showing only an issue date, for example a year after you actually graduated, is a real, reported source of confusion at camp, but the Senate List date is what NYSC actually checks, so this generally isn't an issue as long as your Senate List entry carries the correct graduation date. Even a one-day discrepancy between your NYSC portal and your Statement of Result can flag your record for rejection or a hold at the camp gate.

Correcting your graduation date has to go through your institution, it's not a self-service dashboard fix, since NYSC's system reflects whatever your school submitted on the Senate List. If your school keeps omitting the correction despite repeated requests, escalate in writing to your institution's Student Affairs office and keep records of each attempt. NYSC itself won't override what the school submitted.","NYSC uses the graduation date on your Senate List submission, not the date your certificate was issued. Even a one-day mismatch with your portal can hold you at the camp gate, so get your school to correct the record.","Has your school actually submitted the corrected graduation date to the Senate List yet, or are you still waiting on them?","awaiting_school -> Keep escalating in writing to your institution's Student Affairs office, there's no way around the institution for this correction || school_submitted -> Check your NYSC portal to confirm it reflects correctly before relying on it at camp","Cross-validated -- the Statement-of-Result-over-certificate-issue-date rule and the pre-call-up timing sensitivity are confirmed by official NYSC directive texts. No source confirms an alternate path if the institution repeatedly fails to submit the correction -- flagged as genuinely unresolved rather than guessed at. REKEYED this pass (C1 mechanical rekey, per BUCKET_AB_FINDINGS.md's clean-24 list): content unchanged, labels converted to canonical keys."
Registration & Eligibility,portal_account_access,9,Partial,PDF,https://www.nysc.gov.ng/downloads/onlinefaq.pdf,email address,Account created with a functional email address; no password-recovery procedure described.,Conditional,"Most NYSC portal access issues are solvable through the portal's own ""Forgot Password"" flow, which resets via your registered email plus a security question. A few scenarios, like losing access to your email, losing your phone number, forgetting your security question, or needing to correct a wrongly submitted account number, fall outside self-service and need direct contact with NYSC.","Most lockouts are solvable through the portal's own Forgot Password flow, which resets via your registered email plus a security question. Losing the email itself falls outside self-service and needs NYSC directly.","What exactly are you locked out of: just your password, your registered email itself, your registered phone number, or a data entry error like account number or BVN?","password -> Use the Forgot Password link on the portal and follow the reset sent to your registered email.
If you no longer have access to that email address, the recovery has to go through NYSC support or your registration centre rather than the portal alone. || email -> If you have no access to your registered email at all, self-service recovery isn't built for this. Contact NYSC support directly through their official website or official social media channels, not third-party agents, with your call-up number and identifying school details. Expect this to take longer than a routine password reset. Changing your registered email after completing registration has no confirmed self-service option, raise it directly with NYSC support || phone -> Not self-service, this typically needs a support request. Some corps members have resolved it by visiting their state NYSC secretariat in person with ID and registration details || data_error -> Correctable via your dashboard's bio-data update section if the window is still open, or by contacting NYSC or your bank directly if it's tied to allowance payment and money has already been misdirected","Medium -- the standard password-reset flow, the case-sensitive-security-answer gotcha, and the spam-folder/retry fix for delayed reset emails are each confirmed across many current guides. The no-email, no-phone-number, forgotten-security-question, and email-change scenarios all lack a documented official NYSC self-service procedure -- these are based on forum-reported real-world workarounds (contacting support, visiting the state secretariat) rather than confirmed official process, and the email-change question in particular found no source either way -- treat these as reasonable next steps, not guaranteed fixes. REKEYED/RESTRUCTURED this pass (Batch 6 finish, decisions confirmed with user)."
Registration & Eligibility,waec_certificate_requirement,8,Not covered,-,,,No explicit statement on WAEC original certificate requirement for registration.,Conditional,"For Nigerian-trained graduates, your original WAEC certificate generally isn't on the standard list of documents NYSC checks at camp registration. What matters there is your degree or HND certificate (or statement of result) and your call-up letter or green card, not your O'level result directly. WAEC only becomes directly relevant if you're a foreign-trained graduate, where NYSC does require an original O'level certificate, minimum 5 credits including English and Maths in no more than two sittings, as part of the separate foreign-graduate verification process.","For Nigerian-trained graduates your original WAEC certificate generally isn't on the camp checklist, your degree or statement of result is what matters. It's foreign-trained graduates who must present an original O'level certificate.","Are you asking about combining two WAEC results, or combining WAEC with NECO specifically?","two_waec -> This is a JAMB or admission-stage concern, since JAMB's system explicitly allows uploading and evaluating more than one O'level result across up to two sittings, rather than an NYSC-stage one. NYSC's own camp-document checklist doesn't call for the original WAEC certificate for domestic graduates in the first place, so a lost original from one sitting is unlikely to be an NYSC-specific blocker || waec_neco -> Combining WAEC and NECO sittings isn't confirmed as blocked by NYSC, and no source settles it either way.
For domestic graduates the original O'level certificate isn't on the camp checklist anyway, so confirm with WAEC or NECO rather than assuming an NYSC rule exists.","Medium-high -- the domestic-vs-foreign-trained distinction on WAEC requirements at camp is consistent across current camp-document checklists. The combined-WAEC-NECO-and-NYSC-eligibility question specifically is flagged as unresolved -- it's a real, recurring question in the source material but no source directly addresses NYSC's stance on it, as distinct from JAMB/admission's well-documented tolerance for combined results. REKEYED/RESTRUCTURED this pass (Batch 6 finish, decisions confirmed with user)."
Registration & Eligibility,biometric_capture,8,Covered,MOBREG/PORTAL,,proxy,Must not be done by proxy; same fingers used at registration are checked at camp. Digital Persona U.are.U 4500 scanner required if doing biometrics outside an NYSC office.,Conditional,"Biometric verification, meaning your thumbprint, is compulsory at orientation camp, done in person at camp registration desks using dedicated hardware scanners. Your identity is checked against the thumbprint captured during online registration, and proxy capture is strictly prohibited.

A laptop's built-in fingerprint reader isn't a substitute for this. Both online pre-camp biometric capture, at approved cyber cafes during registration, and in-camp verification are done via NYSC's own designated hardware, not personal devices.

Biometrics can only be captured within Nigeria at NYSC-approved centres, there's no option to do this from abroad. Foreign-based prospective corps members need to complete this step in Nigeria in person, the same as the physical verification requirement for foreign-trained graduates generally.

If your thumbprint verification fails at camp registration, a mismatch against your online-registration print, you generally can't be registered until it's resolved. Escalate your case on-site to camp ICT or registration staff rather than expecting a self-service fix. Repeated fingerprint failures during login or registration, for example missing it three times, locking you out of completing payment is a known issue, resolving it typically requires contacting NYSC support or your registration centre directly rather than repeatedly retrying, since repeated failed attempts can trigger a lockout.

If your old fingerprint record got dropped and you're waiting on a mail about it, don't. None is guaranteed to come automatically. Send a written application with your details to the NYSC registration email before orientation camp starts, and follow up directly if you don't hear back.

If your biometric clearance portal is closed because your LGI was unavailable, that's an administrative gap on the officiating side, not something that should be held against you, but document that you attempted clearance and follow up promptly regardless. Don't assume it's automatically excused where your allowance is concerned though. What actually risks withholding is an unresolved clearance gap, not the closure itself, so get the gap closed as soon as your LGI is available.","Your thumbprint is compulsory at camp, taken in person on NYSC's own hardware and checked against the print captured at registration. Proxy capture is prohibited and a laptop's built-in reader isn't a substitute.","Is your issue capturing biometrics for the first time, or a verification failure or mismatch afterward?","first_capture -> Must be done in person in Nigeria at an approved centre or camp, using NYSC's own hardware, not a personal device || verify_fail -> Escalate on-site to camp ICT or registration staff, or contact NYSC support for portal login issues, rather than repeatedly retrying, since repeated failures can lock you out","Cross-validated -- compulsory in-person capture, proxy prohibition, and the requirement to complete this within Nigeria are confirmed via official guidelines. The fingerprint-mismatch follow-up process, lockout-after-repeated-failure handling, and biometric-portal-closure-vs-allowance-impact are flagged as reasoned from adjacent confirmed rules rather than directly sourced for these exact scenarios. REKEYED this pass (C1 mechanical rekey, per BUCKET_AB_FINDINGS.md's clean-24 list): content unchanged, labels converted to canonical keys."
Registration & Eligibility,statement_of_result_requirement,6,Not covered,-,,,Not addressed.,Conditional,"Yes, an official Statement of Result signed and stamped by your institution is a widely accepted stand-in for your degree or HND certificate at NYSC registration and at camp if your certificate isn't ready yet. The requirement is that it must be the original, signed and stamped copy, a photocopy alone or an informal printout is routinely rejected.

A Notification of Result and an Attestation Letter are different documents from a Statement of Result, and NYSC won't necessarily accept either as a substitute the same way — for foreign-graduate evaluation, attestation letters specifically aren't accepted. Don't assume these are interchangeable with a Statement of Result unless your institution issues a document literally titled that.

If you're asking whether you can use your statement of result instead of your discharge certificate, those are two unrelated documents at opposite ends of your service. The Statement of Result is what can get you into NYSC before your degree certificate is ready. The Discharge Certificate is issued after you complete the full service year to prove you served. Neither can substitute for the other.","Whatever your school issues, it has to be the original, signed and stamped. A photocopy or an informal printout is routinely rejected.","Is your school issuing you a document actually called a Statement of Result, or something called a Notification of Result or Attestation Letter?","statement_of_result -> Accepted at registration and camp, original copy required || notification_letter -> Not confirmed as an accepted substitute. Ask your institution for an actual Statement of Result instead, or check with NYSC directly before relying on it","Statement-of-result acceptance is cross-validated -- this project's own ground_zero_guide plus 3+ independent current registration-document guides agree. Notification-of-result/attestation-letter status is flagged as unconfirmed since no source directly addresses NYSC's stance on those specific document types for domestic graduates (only one source, on foreign-graduate evaluation, explicitly rejects attestation letters). REKEYED this pass (C1 mechanical rekey, per BUCKET_AB_FINDINGS.md's clean-24 list): content unchanged, labels converted to canonical keys."
Registration & Eligibility,portal_open_registration_window,6,Partial,PDF,https://www.nysc.gov.ng/downloads/onlinefaq.pdf,Mobilization Time Table,Timetable for registration windows published at nysc.gov.ng/mobtable.html.,Statement,"Whether the portal is open right now depends entirely on where you are in the yearly mobilisation cycle. NYSC opens registration in three windows a year, for Batch A, B, and C, each announced on the official Mobilisation Time Table at nysc.gov.ng/mobtable.html. There's no single fixed calendar date every year, so check that page, or NYSC's verified social media, for the live status rather than relying on a previous year's dates. Call-up numbers are generated after registration closes and evaluation completes for that batch, typically released in stages over the following days to weeks rather than all on one date.

On the domain confusion some people have: www.nysc.gov.ng, nysc.org.ng, and portal.nysc.org.ng are all official NYSC web addresses, confirmed directly on NYSC's own registration-requirements page. In practice, nysc.gov.ng is the main information and news site, with the timetable, announcements, and state offices, while portal.nysc.org.ng is specifically where you register, log in, and access your dashboard. Any link that doesn't clearly match one of those three should be treated as unofficial.","Registration opens in three windows a year, for Batches A, B and C, announced on the official Mobilisation Time Table at nysc.gov.ng/mobtable.html. There's no fixed calendar date, so check that page for the live status.",,,"Officially confirmed -- the multi-domain fact is drawn directly from nysc.gov.ng/mobreg.html, an official source already used elsewhere in this project. The absence of one fixed yearly date is inherent to how the process works (dates are set and announced fresh each cycle) rather than an unresolved conflict. REKEYED this pass (C1 mechanical rekey, per BUCKET_AB_FINDINGS.md's clean-24 list): content unchanged, labels converted to canonical keys."
Registration & Eligibility,revalidation,5,Partial,PDF,https://www.nysc.gov.ng/downloads/onlinefaq.pdf,revalidate,Revalidation opens when the online registration portal reopens (mentioned specifically re: graduation-date correction cases).,Conditional,"Revalidation is for prospective corps members who were deployed, meaning you received a call-up number or letter, to a state but never physically reported to orientation camp. It re-enters you into the mobilisation system for the next batch without a fresh registration. It's different from remobilization, which is for corps members who did attend camp, or even served part of their year, but stopped afterward without completing service.

Revalidation typically happens automatically once the registration portal reopens for a new batch. Your dashboard updates with a new call-up number, and you simply reprint your call-up letter, no re-uploading documents or re-capturing fingerprints, unless there's a data issue with your original record. You can't select your state during revalidation, NYSC deploys you through its standard system, and while most people report keeping their original state, a change is possible depending on slot availability at that point. Revalidation itself is free.

The deciding factor between revalidation and remobilization is always whether you physically attended camp. Never attended means revalidation. Attended camp or served for a period, then stopped means remobilization instead.

If you're wondering whether your data stays on the portal after being mobilized but not registering, if you were deployed but never attended camp, that's the exact revalidation scenario, your data stays and no fresh registration is needed once the next window opens.

If your name appeared on the Senate List but you never completed registration at all, revalidation is still the route to use. Revalidate when the portal reopens for a new batch rather than starting over. Most guidance describes revalidation for people who were mobilised and missed camp though, so if your dashboard doesn't update, confirm with your institution.

You don't get to pick which batch you revalidate into. It's whichever batch opens next when the portal reopens, so plan around that rather than waiting for a preferred one.","Revalidation re-enters you into the next batch without registering again, and it's for people who were deployed but never reported to camp. Your existing data carries forward.",Did you attend orientation camp at all after you were deployed?,"no_attended -> Revalidate once the portal reopens for the next batch. In most cases this is automatic, just reprint your call-up letter when it updates || yes_attended -> That's remobilization, not revalidation. It only runs through a periodically-opened portal announced per batch, and if you collected allowance before absconding you must refund that exact amount through the NYSC dashboard before your application is processed","Cross-validated -- the revalidation-vs-remobilization distinction (attended camp or not) and the automatic, no-fresh-registration mechanic are consistent across 8+ independent current (2025-2026) sources. Whether the state can change on revalidation is reported inconsistently across sources (most say 'usually stays the same,' a few note exceptions) -- stated here as possible-but-not-guaranteed rather than asserted either way, since no single source resolves it definitively. REKEYED this pass (C1 mechanical rekey, per BUCKET_AB_FINDINGS.md's clean-24 list): content unchanged, labels converted to canonical keys."
Registration & Eligibility,callup_number_vs_letter,5,Partial,MOBREG,https://www.nysc.gov.ng/mobreg.html,SMS,Paying the fee gets call-up number via SMS + online letter printing; not paying means collecting both from school instead.,Statement,"A call-up number and a call-up letter are two different things, and having one isn't an instant guarantee the other has arrived yet.

Your call-up number is a unique tracking code, similar to a matric number, generated after you complete registration and payment. It confirms your mobilisation record is valid and moving forward, but on its own it doesn't show your state of deployment.

And yes, NYSC still issues call-up numbers under the fully online registration system. That part hasn't changed.

The call-up letter is the actual document naming your posted state, camp address, and reporting date. It's your entry pass into camp, you can't register at orientation camp without it.

In the large majority of cases a valid call-up number for a batch is followed by a call-up letter for that same batch, since NYSC releases numbers in stages ahead of full mobilisation. The two don't appear at the exact same moment though, so a short gap between them showing on your dashboard is normal, not a sign something's gone wrong.

Whether you paid the online registration fee changes how you access both. Paying it gets you an SMS notification plus online printing for both documents. Not paying means collecting them physically through your institution instead.","They're different documents. Your call-up number is a tracking code generated after registration and payment, and on its own it doesn't show your state. The call-up letter names your state, camp and reporting date.",,,"Cross-validated across 6+ independent current sources, plus this project's own pre-existing note on the fee/access split (paid vs. unpaid registration route). No single official NYSC statement was found describing the exact timing gap between number and letter release, but the mechanics converge consistently everywhere checked."
Registration & Eligibility,missed_posting_consequence,5,Not covered,-,,,Not addressed.,Statement,"There's no formal punishment, and no ""you must wait a full year"" rule, for simply not reporting to camp after being posted. Not showing up to camp carries no disciplinary penalty, unlike abandoning service mid-way.

What actually happens is administrative rather than punitive. Your case sits until the next registration window opens, at which point you revalidate to be reprocessed into a new batch. There's no separate punishment-track application, but you can't be reprocessed into the same batch cycle you missed, only the next one.

There's no guaranteed minimum or maximum wait, it depends purely on when NYSC next opens the portal for a new batch, typically the next batch in the A, B, C yearly cycle rather than a fixed one-year penalty. That specific ""you must wait a year"" claim isn't supported and is best treated as a myth.

Whether you land in the same state again isn't guaranteed either way. Most people report keeping the same state on revalidation, but NYSC can and does assign differently depending on slot availability, so a change is possible without it being something you can plan around.","There's no punishment for simply not reporting to camp, unlike abandoning service mid-way. Your case waits until the next registration window, when you revalidate to be reprocessed into a new batch.",,,"Cross-validated -- the no-formal-penalty / revalidation-is-the-fix mechanic reuses this project's own confirmed disciplinary_query finding per the self-containment rule; the 'no guaranteed one-year wait' correction is drawn from 6+ independent current sources consistently describing the wait as 'until the next available batch,' not a fixed year."
Registration & Eligibility,jamb_name_mismatch,5,Not covered,guide,https://www.androidpols.com.ng/2026/02/jamb-matriculation-list-2026-how-to.html,No JAMB Detail Found,Not in official onlinefaq.pdf/mobreg.html -- sourced from current independent guides describing the portal cross-check mechanism directly.,Statement,"What matters isn't the literal wording on your physical JAMB admission letter, but whether your name on your school's Senate List submission matches JAMB's Matriculation List record for you. NYSC's portal cross-checks these two directly during registration, a mismatch there blocks registration with an error like ""No JAMB Detail Found"" or ""Matriculation Number not found.""

So if your school submitted your correct name to NYSC and your Senate List entry is clean, a difference on the JAMB admission letter itself, like a missing name or different order, generally doesn't block your mobilisation or camp entry, your school's submitted record is what's checked, not the JAMB letter's exact wording.

The real problem arises at an earlier gate: if your school refuses to release your certificate or statement of result because of the JAMB naming discrepancy in the first place, you can't register at all, regardless of what NYSC itself would have accepted. That's a school-side block, not an NYSC one.

To resolve it, start with your school's registrar or student affairs office, not JAMB directly, since your school is the one that originally submitted your name to JAMB, so they can issue a correction letter more easily. Take that letter to JAMB for a name correction via the Late Application, or Regularization, option on the JAMB e-Facility portal. Current sources mostly cite a ₦10,000 fee, though some report a ₦5,000 to ₦20,000 spread, so confirm the exact figure on the portal before paying. Processing commonly takes 4 to 8 weeks after your institution submits the endorsed Indemnity Form, though some report it faster, 1 to 3 weeks, and others up to 12 weeks. Start this as early as possible if you're trying to make a specific graduation or batch list.","What matters is whether your name on your school's Senate List matches JAMB's Matriculation List, since NYSC cross-checks those two. A difference on the physical JAMB admission letter itself generally doesn't block you.",,,"Medium-high -- the Senate-List-vs-Matriculation-List cross-check mechanism and its specific error messages are confirmed by a detailed current (Feb 2026) source, resolving the ambiguity the previous answer had flagged as unresolved. The regularization fee and timeline are confirmed but with a real spread across sources (fee: mostly ₦10,000, some cite lower/higher; timeline: mostly 4-8 weeks, some faster or slower) -- flagged as a range rather than a single number. AUDITED."
Registration & Eligibility,course_of_study_correction,5,Covered,PDF,https://www.nysc.gov.ng/downloads/onlinefaq.pdf,Correction of Course,"Login to dashboard > Correction of Course of Study link > select correct course > Send Request. Approval is done by your institution's Student Affairs Officer (SAO), not NYSC.",Statement,"Course of study is corrected via the ""Correction of Course of Study"" link on your NYSC dashboard, where you select the correct course and submit. The actual approval comes from your institution's Student Affairs Officer, not NYSC directly, since NYSC is only reflecting what your school uploaded to the Senate List.

If your school itself uploaded the wrong course, the fix has to happen at your school's end, with Student Affairs or Exams and Records correcting and re-uploading, not purely on the NYSC portal. The portal request routes back to your institution for confirmation before NYSC updates anything.

You can't be mobilized if your school hasn't uploaded your academic details at all. Mobilization depends entirely on your school first uploading your Senate List entry, and NYSC has zero visibility of you until that happens.

One thing worth knowing: NYSC's own official FAQ states corrections are only entertained within three months of your date of online registration. Get any of these resolved well within that window rather than letting it linger.","Use the Correction of Course of Study link on your dashboard, but approval comes from your institution's Student Affairs Officer, since NYSC only reflects what your school uploaded to the Senate List.",,,"Cross-validated -- the correction mechanism (dashboard request routed through the institution's SAO) is described consistently across many independent current guides and is directly confirmed in NYSC's own official onlinefaq.pdf. The graduation-year-as-institutional-error framing reuses the same reasoning already confirmed for senate_list_status in this dataset, per the self-containment rule. TRIMMED this pass (T-6): graduation-date correction content cut to a cross-reference; owned by graduation_date_correction (its own Conditional)."
Registration & Eligibility,exclusion_letter_process,5,Partial,PDF,https://www.nysc.gov.ng/downloads/onlinefaq.pdf,Exclusion Letter,Part-time graduates register online and print their Exclusion Letter from the dashboard. 'NERD' terminology not specifically addressed.,Conditional,"The Exclusion Letter is issued specifically to graduates whose mode of study, like part-time, distance learning, or a sandwich programme such as NOUN, disqualifies them from full NYSC service. You register through the same NYSC portal process as everyone else, but your journey ends after online registration, no call-up letter, no camp.

The Exclusion Letter is not collected physically at your institution the way the Exemption Certificate is. It's a digital document you download and print yourself from your NYSC dashboard once processed. Both Nigerian and foreign-trained excluded graduates print the Original Letter of Exclusion online themselves.

The Exemption Certificate, for over-30s and other non-mode-of-study exemptions, is the one collected physically at your institution, don't confuse the two collection methods.

Requirements typically include your confirmed Senate List entry and your original statement of result or certificate. Printing it online carries a processing fee, reported around ₦2,786.24 in current sources. It typically becomes available around the same time as call-up letters are for everyone else, sometimes slightly before or after, with no fixed date, so keep checking your dashboard rather than waiting for a physical collection notice.","An Exclusion Letter goes to graduates whose mode of study, like part-time, distance learning or a sandwich programme, disqualifies them from full service. You download and print it yourself from your dashboard.","Are you trying to collect a letter you're eligible for, or contesting one you don't think you should have received?","collecting -> Confirm your Senate List entry, gather your documents, pay the online printing fee if applicable, and check your dashboard regularly since it's a self-print digital document with no fixed release date and no physical institution pickup || contesting -> This is a classification issue, not a document-collection issue, for example you registered expecting a call-up number for service but got an exclusion or exemption message instead, and believe your qualification should count as full-time. NYSC's system is going by what your institution submitted, so the correction has to come from your school's Student Affairs Officer requesting a re-classification, NYSC itself won't resolve this from the portal directly","Medium-high -- the digital, self-print-from-dashboard nature of the Exclusion Letter (as opposed to physical institution collection) is directly confirmed by NYSC's own nysc.gov.ng certification page and corroborated by multiple independent 2025/2026 guides -- this corrects the previous version of this answer, which incorrectly stated it's collected at the institution like the Exemption Certificate. The processing fee figure (N2,786.24) is corroborated by at least one current source. The 'contesting a wrongly-issued letter' branch is based on the general SAO-escalation pattern used elsewhere in the dataset rather than a directly documented NYSC procedure for this specific dispute -- treat it as a reasonable next step, not a confirmed official process. REKEYED this pass (C1 mechanical rekey, per BUCKET_AB_FINDINGS.md's clean-24 list): content unchanged, labels converted to canonical keys."
Registration & Eligibility,jamb_regularization,4,Not covered,-,,,Not addressed.,Conditional,"Whether JAMB regularization is compulsory depends on how you gained your admission. If you were admitted without a JAMB registration number, common for direct ND or part-time entrants, or where your school ran its own admission process, yes, it's compulsory. Without it you can't proceed with NYSC registration, since NYSC's mobilization checks require a valid JAMB registration number tied to your admission.

Regularization itself is normally processed within about 24 hours after your institution submits your stamped indemnity form, and can be done at any time, it has no deadline. You can complete it while still finishing other registration steps, but you generally can't complete final NYSC registration until it's reflected.","Whether it's compulsory depends how you were admitted. If you got in without a JAMB registration number it is compulsory, because NYSC's mobilisation checks require one tied to your admission.","Did you gain admission without a JAMB registration number in the first place, or are you asking about moving from a part-time ND to a full-time HND?","no_jamb_at_admission -> Regularization is compulsory and sufficient. Complete it as described above and proceed once it reflects || nd_to_hnd -> Regularization is compulsory if you were admitted without a JAMB registration number, and it's normally processed within about 24 hours once your institution submits your stamped indemnity form.
Do it before you try to complete NYSC registration, since your name can't be validly uploaded to the Senate List without it.","The general compulsory-regularization-for-no-JAMB-number rule and its processing timeline are cross-validated across many consistent independent guides. The part-time-ND/full-time-HND uncertainty is flagged as a genuine, sourced policy conflict (JAMB's own statement via @JAMBHQ, dated 6 Nov 2025, vs. older guides describing regularization as sufficient), not guessed at -- and a Dec 2025 forum report confirms this is a live, unresolved dispute, not a settled myth. REKEYED this pass (C1 mechanical rekey, per BUCKET_AB_FINDINGS.md's clean-24 list): content unchanged, labels converted to canonical keys."
Registration & Eligibility,olevel_fslc_requirement,4,Not covered,-,,,Not addressed.,Statement,"NYSC does require your original O-level result, WAEC, NECO, GCE, or equivalent, for registration and camp documentation. NYSC's own registration guidance is clear that an online result printout isn't accepted in place of the original certificate.

If your name is arranged differently across your WAEC, JAMB, and degree certificate, for example the name order is swapped, that's a common and generally fixable issue through the dashboard Name Correction request, not an automatic disqualifier. Still worth correcting rather than leaving unresolved, to avoid identity-matching problems later, like job applications or professional bodies.

Your First School Leaving Certificate, your primary school certificate, doesn't appear on any NYSC document checklist. It's not required for registration or camp.","Your original O-level certificate isn't on the standard camp checklist for Nigerian-trained graduates, your degree or statement of result is what's checked. Foreign-trained graduates do need an original O'level certificate at verification.",,,"O-level-original-required is officially confirmed via nysc.gov.ng/foreignmobreg.html and consistent across domestic document checklists -- high confidence. FSLC-not-required is an absence-of-requirement finding (no source lists it as needed) rather than a source directly stating 'not required,' so it's flagged as reasoned rather than officially confirmed. The name-order-mismatch guidance reuses this project's own name_correction findings per the self-containment rule."
Registration & Eligibility,nerd_clearance_process,4,Partial,guide,https://nyscblog.com.ng/952/nerd-clearance-for-nysc,must be done through an officially accredited agent,Not in official onlinefaq.pdf/mobreg.html. Corrected from prior audit pass: self-enrollment for domestic graduates has been discontinued per current 2026 guides.,Statement,"The NERD clearance fee is most consistently cited as ₦10,000 flat at an accredited NERD Digital Service Centre, though some sources give a wider ₦10,500 to ₦20,000 range depending on the agent. Confirm with an accredited centre directly before paying, since this has genuinely varied over the policy's rollout.

Self-enrollment isn't generally available anymore for Nigerian-trained graduates. Self-service registration existed early in the NERD rollout, which is why some people still describe enrolling by themselves using their phone, but current sources confirm that option has been discontinued for domestic graduates. Registration must now go through an officially accredited NERD agent or Digital Service Centre, who handles the upload and verification on your behalf. Only foreign-trained graduates self-enroll, through a separate NERD portal specifically for them.

NERD compliance became mandatory by federal directive effective October 6, 2025, with full enforcement applying to graduates mobilising for NYSC from January or February 2026 onward. One specific exemption is documented: 2025 Batch C Stream 2 graduates, whose mobilisation began before the policy took effect. If your prior registration falls in or after the January or February 2026 mobilisation cycle, NERD compliance applies to you even if you weren't deployed from that earlier attempt. If your case doesn't clearly match the documented Batch C Stream 2 exemption, confirm directly with NYSC or NERD rather than assuming exemption.

There's no separate downloadable NERD clearance slip form to request in advance. The slip is generated automatically once your project or thesis is uploaded and verified, and you retrieve it yourself by logging into your own NERD dashboard, where you can download it as a PDF or have it sent to your email.","NERD clearance is most consistently cited at ₦10,000 flat at an accredited NERD Digital Service Centre, though some sources quote up to ₦20,000. Confirm with an accredited centre before paying, since this has genuinely varied.",,,"Medium-high -- the mandatory-accredited-agent requirement for Nigerian-trained graduates is confirmed by multiple current (2026) sources and corrects the previous answer's claim that self-enrollment was generally available -- one source explicitly documents that self-service option being discontinued. The fee is narrower than before but still has a real spread (₦10,000 vs up to ₦20,000) across sources -- flagged rather than resolved to one number. The Batch C Stream 2 exemption is specifically documented; broader exemption claims beyond that case are not. AUDITED."
Registration & Eligibility,profile_data_error,3,Covered,PDF,https://www.nysc.gov.ng/downloads/onlinefaq.pdf,Class of Degree,Class of Degree and Qualification corrections follow the same dashboard flow as course correction; approval is by institution's SAO.,Statement,"Correction of Qualification, for example BA showing instead of BSc, and Correction of Class of Degree, for example third class showing instead of 2:1, are both real, named links on your NYSC dashboard, not something you have to escalate informally.

For a wrongly-recorded degree class specifically, correct it via the dashboard request, and also contact your Student Affairs Officer to expedite your institution's confirmation, since approval is effectively institution-driven. It's worth fixing promptly too, a reported case describes the erroneous grade ultimately being what's printed on your final NYSC certificate if it isn't fixed in time, since NYSC's own records, not your actual transcript, are what the certificate is generated from.

On gender showing incorrectly on your mobilization list, this doesn't carry the eligibility, posting, or documentation consequences that name or DOB errors can. It's a portal data-accuracy issue worth correcting via the same dashboard channel, but not something that causes a problem while it's being fixed.

One thing worth knowing: NYSC's official FAQ states corrections are only entertained within three months of your date of online registration. Don't let any of these linger past that window.","Correction of Qualification and Correction of Class of Degree are both named links on your dashboard. Submit there, then contact your Student Affairs Officer, since approval is effectively institution-driven.",,,"The qualification/class-of-degree correction mechanism is directly confirmed in NYSC's own official onlinefaq.pdf and consistent independent guides; the certificate-consequence point comes from a real reported case rather than an official statement. The gender-error no-consequence conclusion is reasoned from the absence of any source flagging it as consequential, not a positive confirmation -- flagged accordingly."
Registration & Eligibility,registration_slip_printing,3,Not covered,-,,,Not addressed.,Statement,"Your registration or green slip can't print because it's gated by your evaluation status, not a printing bug on your end. Three common causes: an unconfirmed or still-processing Remita payment, NYSC releasing evaluations in stages rather than all at once, or your institution's Senate List submission still being processed on NYSC's end.

Check your dashboard's evaluation status first. If it still says ""not yet evaluated,"" printing simply won't be available regardless of how many times you retry, this generally resolves with time rather than requiring you to do anything differently.","Printing is gated by your evaluation status, not a bug on your end. If your dashboard still says not yet evaluated, the slip won't print no matter how often you retry.",,,"Cross-validated -- directly reuses this project's own already-confirmed green_card_printing findings per the self-containment rule; this intent is effectively the same underlying issue phrased differently, not a separately-sourced fact."
Registration & Eligibility,portal_evaluation_status,3,Not covered,-,,,Not addressed.,Statement,"""Not evaluated"" on your dashboard means NYSC hasn't yet processed and confirmed your registration against your school's Senate List and your payment. This gates not just your green slip but visibility of your batch and deployment state too.

If your dashboard is stuck showing an old batch label, for example still ""Batch A,"" while classmates who registered alongside you have moved to ""Batch B,"" this is most consistent with a lag in your own record being re-evaluated rather than you being excluded. There's no official escalation path beyond waiting and checking periodically, though visiting your state's NYSC secretariat in person is a common way to get a manual look at a stuck record.

Similarly, a deployment state not showing after you already have a call-up letter is usually a temporary dashboard sync or upload-lag issue rather than a sign of an actual problem. Dashboard lag like this shows up elsewhere in the system too, and it's rarely something personal to your record.","Not evaluated means NYSC hasn't yet processed your registration against your school's Senate List and your payment. It gates your slip, your batch and your deployment state until it clears.",,,"Reasoned/commonly-reported -- reuses this project's own confirmed 'evaluation gates access' and 'dashboard lag is common, not personal' patterns from green_card_printing and monthly_clearance per the self-containment rule; no official NYSC source addresses these specific stuck-dashboard scenarios directly."
Registration & Eligibility,state_of_origin_correction,2,Not covered,-,,,Not addressed.,Statement,"Proceed with registration. A state-of-origin error isn't something NYSC lets you correct on the portal, and it doesn't block or invalidate your registration. NYSC has stated directly that they don't change your state of origin, because it's pulled straight from the JAMB database recorded at the time of your admission, not something NYSC captures independently.

The one real consequence: you simply can't be posted to whatever state is incorrectly showing as your state of origin, since NYSC generally avoids posting corps members to their own recorded state of origin. Beyond that, it doesn't affect your eligibility, registration, or any other part of the process.

If the error genuinely needs fixing for reasons beyond NYSC, for example it's wrong on JAMB itself, that's a JAMB-side correction, separate from NYSC.","NYSC doesn't change your state of origin, because it's pulled from your JAMB record at admission. It doesn't block registration, but you can't be posted to whatever state is showing.",,,"Cross-validated -- directly via NYSC's own official social-media statement (""NYSC don't change state of origin. That is what is on the JAMB database when you got admission"") plus multiple independent guides describing the same JAMB-origin/no-portal-correction/no-eligibility-impact pattern; consistent, no conflicts found."
Registration & Eligibility,jamb_documents_requirement,2,Not covered,guide,http://nysc-cds.com/article/how-do-jamb-regularization-nysc-registration,JAMB admission letter is not required in camp,"Not in official onlinefaq.pdf/mobreg.html. Previously merged with jamb_name_mismatch content; now a distinct, direct Statement answer.",Statement,"No, your original JAMB result and JAMB admission letter aren't required as physical documents at the orientation camp gate. Camp registration checklists consistently centre on your Call-Up Letter, school ID card, Statement of Result or Degree Certificate, NYSC Green Card, and a medical fitness certificate, JAMB documents aren't part of that at-camp list.

Where JAMB does matter is earlier and indirectly, at the online registration stage, not as a document you physically present. Your school submits your details to NYSC's Senate List, which the NYSC portal cross-references against the JAMB Matriculation List. If your JAMB record doesn't match up, online registration itself can be blocked with an error like ""No JAMB Detail Found,"" but this is resolved before you ever get to camp, through your school and JAMB, not by carrying the physical letter.

A few older or online-registration-focused checklists do list a JAMB admission letter among documents to have ready for the registration or upload stage. If you're asked for it there, that's a portal-upload context, separate from the physical camp-gate checklist described above.","No, your original JAMB result and admission letter aren't required at the camp gate. JAMB matters earlier and indirectly, at online registration, through your school's Senate List submission.",,,"Medium-high -- the camp-gate document checklist (which excludes JAMB documents) is consistent across multiple current, detailed 2026 guides, and one source explicitly confirms the JAMB admission letter is not required at camp for clearance. The online-registration-stage mention of JAMB documents in some guides is noted but not deeply verified, since it does not affect the core answer. AUDITED."
Registration & Eligibility,admission_year_correction,2,Not covered,-,,,Not addressed.,Statement,"There's no dedicated, self-service ""year of admission"" correction link comparable to the Course of Study or Date of Birth correction tools on the NYSC dashboard. This field is pulled from your JAMB or school admission record the same way course of study and graduation year are, so a genuine error in it needs the same route: through your institution's Student Affairs Officer confirming the correct data to NYSC, rather than a direct self-edit.

Corps members have reported the year-of-admission field showing blank or ""0"" on their Green Card while every other detail, like graduation year and mobilization eligibility, is correct, and this hasn't been reported to cause a mobilization problem on its own. NYSC's disqualification checks focus on graduation date, age, and course or degree data, not specifically on year of admission being populated.

If your call-up number hasn't appeared yet and the portal didn't capture your year of admission, that's most likely a portal display or processing gap rather than a rejection, keep checking your dashboard rather than assuming it's a blocking error.","There's no self-service correction link for year of admission. Like course of study it's pulled from your admission record, so a genuine error routes through your institution's Student Affairs Officer.",,,"The ""field showing 0 doesn't block mobilization"" point comes from a real reported case with a direct (if informal) confirmation. No official NYSC source specifically addresses year-of-admission correction as its own documented process, so the correction-routing advice is reasoned by analogy to course-of-study/graduation-date correction, not separately confirmed."
Registration & Eligibility,bvn_name_mismatch,2,Not covered,-,,,Not addressed.,Statement,"A BVN with an extra name compared to your school or NYSC records, for example three names on BVN versus two on your school documents, is generally the lower-risk kind of mismatch. For opening your NYSC allowance account in camp, only your first name and surname on the BVN are actually checked against your documents, so an additional middle name on one record and not the other typically doesn't block account opening.

What matters more is your BVN name not matching your NYSC or school name at all, or the surname or first name themselves differing, not just an extra middle name. That kind of mismatch can delay or block account opening and needs fixing beforehand. Visit your bank with your NIN slip and an affidavit to align your BVN name with your correct NIN or school name, ideally before camp, since fixing it after camp is possible but slower and holds up your first allowance payment while it's resolved.

Name arrangement or order alone, meaning names in a different sequence, doesn't cause a problem, only the actual names matching does.","An extra middle name on your BVN is the lower-risk kind of mismatch, since only your first name and surname are checked when opening your camp account. A surname or first-name difference matters far more.",,,"Cross-validated across several independent, consistent current guides on the first-name-and-surname-only BVN check and the affidavit-based bank correction process. The ""extra middle name specifically is usually fine"" framing is a reasonable direct inference from that confirmed first-name/surname rule, not a source stating it in exactly those terms -- flagged as an inference from a confirmed fact."
Registration & Eligibility,place_of_birth_correction,1,Not covered,-,,,Not addressed.,Statement,"Place of birth is one of the profile fields NYSC allows a correction request for during online registration, through your dashboard's correction request options, which for most non-name, non-DOB fields ultimately routes back through your institution or NYSC's own verification rather than being an instant self-edit.

Unlike state of origin, which affects where you can be posted, or date of birth, which affects age eligibility, place of birth doesn't affect your eligibility, posting, or registration. It's a data-accuracy field worth correcting for consistency across your official documents, but a delay or minor discrepancy here isn't described anywhere as something that blocks registration or camp attendance the way a DOB or course-of-study mismatch can.","Place of birth can be corrected through your dashboard's correction request options. Unlike state of origin or date of birth, it doesn't affect your eligibility, posting or registration.",,,"Reasoned -- no NYSC-specific source addresses a place-of-birth correction procedure or consequence directly; this is inferred from how the portal treats similarly low-stakes profile fields, and should be treated as the weakest-sourced answer in this batch."
Registration & Eligibility,institution_details_correction,1,Not covered,-,,,Not addressed.,Statement,"Not freely, no. Your institution isn't a field you can just edit yourself after registration completes, because your entire registration is tied to the Senate List your specific school uploaded you on. NYSC's core corrections, like name, DOB, course of study, and class of degree, are all still anchored to which school uploaded you.

If there's a genuine error in your institution details, the fix routes back through your school's Student Affairs Officer confirming the correct information to NYSC, the same as a course-of-study correction, it isn't something you can self-select a different institution for on the dashboard.

If you're asking because you attended more than one institution, for example ND at one school and HND at another, that's a different situation covered by JAMB regularization, not an institution-details edit. If you were admitted without a JAMB registration number, regularization is compulsory before you can complete NYSC registration, and it's normally processed within about 24 hours once your institution submits your stamped indemnity form.","You can't edit your institution yourself after registration, because your whole record is tied to the Senate List that specific school uploaded you on. Corrections route through its Student Affairs Officer.",,,"Reasoned by direct analogy to the confirmed course-of-study-correction mechanism (same portal, same SAO-routing pattern). No source specifically names ""institution details correction"" as its own distinct process, so this is inferred rather than separately confirmed."
Registration & Eligibility,callup_letter_meaning,1,Not covered,-,,,Not addressed.,Statement,"A call-up letter is the official NYSC document confirming you've been mobilised for service. It states your assigned state of deployment, your orientation camp location, and your reporting date, and it functions as your entry pass into camp, you can't register at camp without it.

It's issued after your online registration is complete, evaluated, and, if applicable, paid for, and becomes available on your dashboard for online printing closer to camp resumption. It's distinct from your call-up number, the tracking code printed on it, and from your Green Card, a separate registration-confirmation slip generated right after you first register, before deployment is even decided.","It's the official document confirming you've been mobilised, stating your state of deployment, camp location and reporting date. It's your entry pass into camp, and you can't register at camp without it.",,,Consistent with this project's own already-established ground_zero_guide description of the call-up letter and confirmed across 6+ independent current sources with no contradiction found.
Posting & PPA,ppa_change_request,54,Not covered,-,,,No PPA-change procedure described in these sources.,Conditional,"You can't switch PPAs just by asking. Start by getting a rejection letter from your current PPA's head, stating they can't accept you. This is the standard first step. Take the letter to your LGI (Local Government Inspector) or your State Coordinator's office, along with a written request explaining why you want to change.

Approval usually takes about two weeks, though it can stretch to a month depending on your state. Once approved, you'll get a new posting letter. Report to the new PPA, get their acceptance letter, and complete fresh documentation with the new LGI.

Your allowance isn't affected by an official change. Just don't abandon your current PPA before approval comes through, since that counts as absconding and can trigger disciplinary action. On fees, there's no single nationwide charge for a PPA change, but some states do ask for a small processing fee as part of the official route, so being asked for one at your state secretariat isn't automatically a red flag. What is a scam is paying an outside agent or middleman to speed up or guarantee a reposting. NYSC doesn't sell PPA changes. If you're unsure whether a fee is legitimate, ask your LGI or the state secretariat directly rather than paying someone who approached you privately.

Some corps members say an acceptance letter from the new organisation works on its own, without a rejection letter. This isn't reliable, so treat the rejection letter as the safe default.

There's also no reliable way to change a PPA through the portal, so don't wait for a portal option to appear. Use the letter route.

Once your State Coordinator approves a change, that decision is treated as final, and your former PPA has no standing to pull you back whatever anyone there says. NYSC reversing its own approved change isn't a documented part of the process, so if it happens to you, take it straight to your LGI or the state secretariat that approved the change, since they hold the record of what actually happened.

There's no fixed time window for requesting a change, and no set process for swapping PPAs with another corps member. For either, ask your LGI directly, since practice varies by state.","Get a rejection letter from your current PPA's head, then take it with a written request to your LGI. Approval usually takes about two weeks. A small state processing fee can be legitimate, but nobody can fast-track it for you.",What's your reason for wanting to change?,"location_issue -> Explain this directly to your LGI and bring evidence, like photos or a police report if it's security related || mistreatment -> Report this specifically to your LGI, it counts as misconduct and strengthens your case || prefer_different -> You'll need an acceptance letter from your preferred PPA first, since ""I don't like it"" alone isn't accepted as grounds || different_state -> That's not a PPA change, that's redeployment, a separate and harder process","Cross-validated on re-check -- the rejection-letter-first process, the acceptance-letter-only minority path (explicitly described elsewhere as a last resort with no guaranteed approval), and the 2-weeks-to-~1-month timing all reconfirmed against independent 2026 sources this pass. A single source's mention of an online portal option for PPA change is added but flagged as uncorroborated. The other specific edge cases (time-limit-on-requesting, PPA swapping, CLO meaning, non-existent PPA) remain explicitly flagged as unverified rather than resolved by guessing."
Posting & PPA,ppa_rejection_reposting,22,Partial,PDF,https://www.nysc.gov.ng/downloads/onlinefaq.pdf,Camp Reposting,"'Printing of Place of Primary Assignment Letter after Camp Reposting' is listed as an available self-service, but the underlying process isn't detailed.",Procedural,"If your assigned PPA rejects you, the organisation notes ""rejected"" on your posting letter and gives you a separate rejection letter. Take it to your LGI, or ZI, at the LGA secretariat. They'll process a repost to a new PPA in the same area, and you can speed this up by already having an acceptance letter from an organisation willing to take you. NYSC will then issue a new posting letter, which you can also download from your dashboard.

A few things to expect. Some organisations resist signing a rejection letter, since it can affect NYSC's willingness to post future corps members to them, so persistence and a clear explanation, like ""this location is too far, I have no way to commute,"" helps. A few corps members also report LGIs initially treating the rejection as if the corper personally refused the post, sometimes even demanding a query form before accepting it as a genuine PPA-side rejection. Stay calm, explain clearly that the PPA rejected you, not the reverse, and escalate to the State Secretariat if the LGI won't cooperate.

This process itself has no fixed nationwide fee, though some states may charge a local processing fee, check with your State Secretariat directly. There's no formal deadline for submitting a rejection letter, and no specific penalty tied purely to being PPA-rejected, since that isn't something you did. That's different from unofficially abandoning a PPA without any rejection letter at all, which is treated as absconding and can trigger disciplinary action.

One important distinction: you personally can't reject your PPA just because you found a better offer elsewhere. A valid rejection has to come from the PPA's side, or you need your own strong documented reason, like location, security, or health, going through the LGI, not simply preferring a different organisation.","If your PPA rejects you, take the rejection letter and your posting letter to your LGI for a repost. You can still do your monthly clearance meanwhile, at the secretariat rather than through the PPA.",," Real-world friction to expect: some organisations resist signing a rejection letter, since it can affect NYSC's willingness to post future corps members to them -- persistence and a clear explanation ('this location is too far, I have no way to commute') helps. A few corps members also report LGIs initially treating the rejection as if the corper personally refused the post, sometimes even demanding a 'query form' before accepting it as a genuine PPA-side rejection -- stay calm, explain clearly that the PPA rejected you (not the reverse), and escalate to the State Secretariat if the LGI won't cooperate. On cost, deadlines, and penalties specifically: this process itself has no fixed nationwide fee, though some states may charge a local processing fee -- check with your State Secretariat directly rather than assume either way. No source confirms a formal deadline for submitting a rejection letter, nor any specific penalty tied purely to being PPA-rejected (which isn't something you did) -- that's different from unofficially abandoning a PPA without any rejection letter at all, which is treated as absconding and can trigger disciplinary action. What repeated rejections over several months mean for POP timing specifically (as in one report of four rejections over six months) isn't addressed anywhere found -- flagged as genuinely unresolved. One more distinction worth being explicit about: you personally cannot 'reject' your PPA just because you found a better offer elsewhere -- a valid rejection has to come from the PPA's side (they decline to take you), or you need your own strong documented reason (location, security, health) going through the LGI, not simply preferring a different organisation.","Cross-validated -- core process confirmed via a first-person Medium account and multiple Nairaland-linked threads, which also surfaced the two friction points above that the polished guide sites left out. Newly checked this pass: fee variability (state-dependent, not fixed) confirmed via an independent source; no confirmed deadline for submitting a rejection letter or penalty specific to being PPA-rejected -- both explicitly left unresolved rather than guessed at. The multi-month/multiple-rejection POP-timing question also remains unresolved."
Posting & PPA,reporting_deadline_after_camp,14,Partial,PDF,https://www.nysc.gov.ng/downloads/onlinefaq.pdf,Printing of Place of Primary Assignment Letter after Camp Reposting,PDF confirms reposting-after-rejection is a portal feature but gives no day-count for either initial reporting or reposting turnaround.,Statement,"Report to your PPA first, before going home, that's the expected first step after camp closes, letter in hand. Collect your posting letter from your platoon official on the closing day, or print it from your dashboard within one to two days if you missed that. Bring at least three copies for signing, stamping, LGA filing, and your own records.

There's no official fixed deadline published by NYSC for how many days you have, three working days is the commonly cited informal norm, but treat it as a target rather than a rule. If you genuinely can't reach your PPA the same day, you can lodge overnight at a Corpers' Lodge or an affiliated religious-body lodge and report the following morning, that's a normal option, not a violation.

Delaying reporting risks complications with your first monthly clearance, though there's no automatic penalty schedule.

If your PPA rejects you once you get there, they note ""rejected"" on your posting letter and give you a separate rejection letter. Take it to your LGI or Zonal Inspector at the LGA secretariat and they'll repost you to a new PPA in the same area. Having an acceptance letter from an organisation willing to take you speeds that up.","Report to your PPA first, before going home, with your posting letter in hand. Bring at least three copies for signing, stamping and filing. NYSC publishes no fixed deadline, so treat the commonly cited three working days as a target.",,,"Medium -- core sequence (PPA first, lodge-then-next-morning fallback) is confirmed across independent sources; no official source gives a fixed day-count for initial reporting, so ""3 working days"" is flagged as common practice, not confirmed policy. Reposting-after-rejection timing is confirmed as genuinely unfixed (multiple independent sources agree it varies by state), not a research gap. AUDITED. TRIMMED this pass (T-7): PPA-rejection detail cut to a cross-reference -- routes to the existing ppa_rejection_reposting intent (qc22) rather than a new split, per D2's finding that it already has a real home."
Posting & PPA,change_local_government,10,Not covered,-,,,Not addressed.,Conditional,"To move from your current Local Government Area to a different one, whether within the same state or to another state, you go through NYSC's LGA transfer process. This is a distinct procedure from a general PPA change, not the same as changing employer within your existing LGA.

Submit a written request explaining your reason, for example security, health, marital, or accommodation grounds, to your current Local Government Inspector or State Coordinator. Your current PPA must acknowledge the request, their sign-off is required before it moves forward, since they're releasing you. The request then goes to the State Secretariat or LGI office for review, and if it involves moving states, it's escalated for onward processing. Review typically takes a few weeks, there's no fixed guaranteed turnaround.","Submit a written request with your reason to your current LGI or State Coordinator, and your current PPA has to acknowledge it before it moves forward. Review typically takes a few weeks with no guaranteed turnaround.",Was the transfer request approved or rejected?,"approved -> You'll receive an approval or relocation letter. Report to your new LGI or secretariat with it, and you'll need a new PPA posting in the new LGA, continuing monthly clearance there going forward, not at your old LGA || rejected -> You can appeal by resubmitting through your State Coordinator with stronger supporting evidence for your reason, like a medical report, police report, or marriage certificate depending on the ground cited. Repeated appeals without new evidence are unlikely to succeed","Cross-validated on re-check -- an independent source (Edulife's LGA-change guide) directly confirms the same-shape process described here: a formal letter to the State Coordinator plus a no-objection letter from the current PPA. Escalation/appeal-on-rejection specifics remain reasoned rather than independently confirmed. REKEYED this pass (C1 mechanical rekey, per BUCKET_AB_FINDINGS.md's clean-24 list): content unchanged, labels converted to canonical keys."
Posting & PPA,direct_posting,9,Not covered,-,,,Not addressed.,Statement,"""Direct posting"" isn't an official NYSC term or process at all. It refers to an informal, unofficial practice where corps members pay middlemen, sometimes claiming NYSC connections, to influence their posting to a preferred state, most commonly Lagos or Abuja.

NYSC doesn't recognise it, doesn't publish any pricing for it, and there's no refund guarantee if it fails. Costs vary entirely by whatever the individual scammer or middleman charges, and NYSC's own guidance is that any payment made to guarantee a specific PPA or posting outside the official portal is a documented, recurring scam pattern.

This is separate from NYSC's actual, legitimate concessional posting system, the state-preference list during registration, health, marriage, or security relocation grounds, which has defined criteria and doesn't rely on personal influence or informal payment.

Corps members caught attempting to pay for or influence a posting can also face disciplinary consequences from NYSC, on top of the risk of losing money to a scammer.

It was also never officially allowed at any level, state, university, or LGA, so there's nothing to check on whether it's currently working. When people say it's on or off this season, that only reflects how unpredictable the unofficial practice is.","There's no such official process. Direct posting means paying middlemen to influence your posting, NYSC has never sanctioned it, and paying puts both your money and your posting at risk.",,,"Cross-validated -- NYSC's non-recognition of direct posting, its distinction from official concessional posting, and the associated scam risk are confirmed directly via NYSC's own public statements discouraging payment for postings and corroborated by multiple current 2025-2026 guides and reporting."
Posting & PPA,ppa_private_sector,8,Not covered,-,,,Not addressed.,Statement,"Private-sector PPAs, corporate firms, tech companies, NGOs, banks, are common and permitted, alongside more traditional school or government postings. You can be posted to a private company rather than a school or government office.

Specific sectors, like banking, oil and gas, or telecommunications, can have regulated or restricted intake quotas, so availability isn't unlimited or guaranteed in every sector. There's no public registry you can check yourself to confirm whether a specific organisation is NYSC-registered to receive corps members, that has to be confirmed through your LGI or State Coordinator directly.","You can be posted to a private company rather than a school or government office. Corporate firms, tech companies, banks and NGOs are all normal PPA categories, though some regulated sectors have restricted intake quotas.",,,"Cross-validated -- private-sector PPAs being real, common, and subject to sector-specific quotas is consistent across current guides. The no-public-registry finding is carried over from this project's already-confirmed ppa_choice_influence finding (self-containment)."
Posting & PPA,ppa_ngo_service,7,Not covered,-,,,Not addressed.,Conditional,"Yes, corps members do serve in NGOs. National and international NGOs are a normal, regular PPA category alongside government, schools, and private companies. NGO presence and how easy placement is varies by state and sector demand, including in northern states, not because of any rule against it.

An NGO doesn't need to already be ""registered"" with NYSC in the sense of appearing on some pre-existing list before it can accept a corps member. A formal acceptance letter from a legitimate, verifiable organization is what actually establishes the relationship, NYSC's posting-letter process is what formalizes it, not prior enrollment in a registry.","NGOs are a normal PPA category alongside government, schools and private companies. An NGO doesn't need to be pre-registered with NYSC, a formal acceptance letter from a verifiable organisation is what establishes it.","Are you trying to get posted to a specific NGO you've already identified, or asking generally whether NGO postings happen?","specific_ngo -> Get a formal acceptance letter from the NGO addressed to the State Coordinator, then submit it through your LGI before or shortly after camp, the same way as any other requested PPA || general -> No action needed. NGOs are a normal, common posting category and NYSC may simply post you to one directly based on your course of study, without you having to find or request one yourself","Cross-validated for the general PPA-request/acceptance-letter mechanism, which is documented consistently across many independent guides. The ""posted based on course of study"" and ""no prior registration required"" points are reasoned from that same general PPA process rather than a source naming NGOs specifically -- flagged as reasoned, not separately sourced. REKEYED this pass (C1 mechanical rekey, per BUCKET_AB_FINDINGS.md's clean-24 list): content unchanged, labels converted to canonical keys."
Posting & PPA,serve_at_current_workplace,7,Not covered,-,,,Not addressed.,Statement,"You can't simply nominate your existing employer or job as your PPA by default. You can request it, the same way as any other preferred PPA. The employer must issue a formal PPA request letter addressed to your State Coordinator, which you submit through your LGI, and this only works cleanly if you're posted to the state where that employer is located to begin with, since your state of posting is assigned by NYSC, not chosen by you.

A genuinely remote job is different in one respect. Because it doesn't require your physical presence in a state-based office the way a normal PPA role would, keeping a remote job alongside your service isn't restricted by anything NYSC-specific, though your officially assigned PPA is still what has to sign your monthly clearance, so a remote job doesn't replace the need for a real, accepted PPA.

There's no guaranteed right to be posted to your current state of employment, and no defined mechanism to have your posting state influenced by where you schooled.

Completing NYSC while actually working full-time at a different organization from your assigned PPA, without going through the acceptance-letter or reassignment process, risks being treated as an absconding or PPA-rejection irregularity, since your assigned PPA is the organization required to sign you off every month.","Your employer must issue a formal PPA request letter that you submit through your LGI, and this only works cleanly if you're already posted to the state where they are.",,,"Reasoned -- built from the general PPA-request/acceptance mechanism and the monthly-clearance/sign-off rule already established elsewhere in this dataset (see monthly_clearance). No NYSC source specifically addresses ""keeping your existing job while serving"" as its own named rule, so this is inference from confirmed adjacent mechanics, not a directly sourced statement."
Posting & PPA,ppa_type_non_teaching,7,Not covered,-,,,Not addressed.,Statement,"NYSC posts corps members across many sectors, not just teaching. Schools, primary and secondary, do take the largest single share of postings, simply because Nigeria has more teaching vacancies than any other single category. But ministries, hospitals, clinics, private companies, banks, NGOs, and tertiary institutions all take corps members too.

Posting is based primarily on your course of study and the state's needs at the time, not a rule that everyone must start out teaching. A computer science graduate, for example, can be and often is posted to a bank, ICT firm, telecom company, or ministry rather than a classroom. Corps members aren't restricted to teaching regardless of discipline.

There's no official way to skip orientation camp itself, it's compulsory, with only documented medical, security, or redeployment exceptions. If you're posted to a school PPA and it isn't a fit, the normal PPA-rejection and reposting process is the route, not a blanket right to avoid teaching.","Teaching takes the largest single share of postings because that's where most vacancies are, but ministries, hospitals, banks, private companies, NGOs and tertiary institutions all take corps members. Posting follows your course of study and the state's needs.",,,"Cross-validated -- the sector range (schools, ministries, hospitals, private companies, banks, NGOs, tertiary institutions) and the course-of-study/state-need basis for posting are described consistently across many independent current guides, with no conflicts found."
Posting & PPA,ppa_accommodation,6,Not covered,-,,,Not addressed.,Statement,"There's no official NYSC rule requiring your PPA to provide accommodation. Many guides say an employer should offer housing or a stipend to rent one, plus transport if it's far from work, but this isn't enforced, and many PPAs, especially private companies and rural postings, don't provide it.

NYSC itself doesn't provide housing. Universities and polytechnics sometimes offer accommodation on campus, but that varies by institution.

For accommodation in a specific city, ask corps members already posted there through your CDS or WhatsApp group, or check with the local NYSC secretariat.","No NYSC rule requires your PPA to provide accommodation, and NYSC doesn't provide housing itself. Many PPAs, especially private companies and rural postings, don't offer it, so plan to arrange your own.",,,"Commonly reported, not officially confirmed -- the accommodation-or-stipend expectation is consistent and repeated across many independent sources, but always described as convention/practice rather than cited to an official NYSC bye-law text."
Posting & PPA,ppa_registration_status,3,Not covered,-,,,Not addressed.,Statement,"There's no official, public NYSC portal or database where you can look up which organizations are ""registered"" as approved PPAs in a given state. Unofficial third-party sites and blogs compile crowdsourced, unverified lists of companies known to accept corps members by state, but none of these is an authoritative NYSC registry.

In practice, an organization doesn't need to already appear on some pre-existing NYSC list before it can take a corps member. What actually establishes an organization as your PPA is the request-letter process itself, the organization issues a request letter addressed to your State Coordinator, you submit it through your LGI, and NYSC processes it, not prior enrollment in a registry. So no, a PPA doesn't need to be registered with NYSC beforehand in the sense of pre-existing paperwork, the request-and-acceptance process is what establishes the relationship.","There's no public NYSC registry of approved PPAs to look up, and third-party lists aren't authoritative. What establishes an organisation as your PPA is the request-letter process, not prior listing.",,,"Reasoned from the same PPA-request/acceptance mechanism confirmed elsewhere in this dataset. The ""no official public registry exists"" point is a search-verified absence (no such NYSC-run database was found), not a positive official NYSC statement that none exists -- flagged accordingly."
Posting & PPA,ppa_documentation,3,Partial,PDF,https://www.nysc.gov.ng/downloads/onlinefaq.pdf,Place of Primary Assignment Letter,PPA letter printing listed as a self-service after camp reposting.,Statement,"Yes, being asked for both a posting letter and an acceptance letter at your PPA is completely normal, not a red flag, they're two different official documents for two different purposes.

The posting letter is issued by NYSC on the last day of camp, or via the portal if you relocated, naming your assigned PPA. You bring this to the organization first. The acceptance letter is then written by the organization, on their letterhead, confirming they've received and accepted you. You submit that back to your LGI for camp documentation and monthly clearance.

It's compulsory in practice. Without the acceptance letter, your documentation at the secretariat is incomplete and your posting isn't considered officially confirmed.

If you haven't received your PPA letter after camp at all, report to your Local Government Inspector or the state NYSC secretariat. Delays of a few days to a few weeks are common and don't necessarily mean anything is wrong.","Being asked for both a posting letter and an acceptance letter is normal. NYSC issues the posting letter, you take it to the organisation, and they write the acceptance letter you submit back to your LGI.",,,"Cross-validated -- the two-document (posting letter, then acceptance letter) sequence and its purpose are described consistently and directly across many independent current guides."
Posting & PPA,consequence_of_not_reporting,1,Not covered,-,,,Not addressed.,Statement,"Not reporting to your assigned PPA is treated as absconding. Your portal is left unable to clear for about three months before you're formally tagged as having absconded. After that, you can't simply resume, you have to go through NYSC's remobilization process, a periodically-announced portal window, not year-round, to be re-mobilized, typically without needing to repeat orientation camp, and you'd report and register with a PPA once remobilized.

Beyond the lost time and having to restart via remobilization, there are also possible disciplinary consequences for confirmed abscondment, ranging up to extension of service, commonly at half pay, or in more serious cases, suspension, discharge, or dismissal from the scheme. The exact penalty applied varies by case.","Not reporting to your assigned PPA is treated as absconding, and you're formally tagged after about three months. You can't simply resume, you'd have to go through remobilization when that portal window opens.",,,"The 3-month-then-absconding-tag point and the remobilization requirement are reasonably consistent across multiple independent sources. The specific disciplinary penalty (extension/half-pay/dismissal) is reasoned from general NYSC bye-law/disciplinary descriptions rather than one authoritative source giving a single fixed penalty for this exact scenario -- flagged as a range, not a fixed rule."
Redeployment & Relocation,relocation_general_process,106,Partial,PDF,https://www.nysc.gov.ng/downloads/onlinefaq.pdf,Relocation after Camp,'Application for Relocation after Camp' is listed as a dashboard self-service; full step-by-step process not detailed.,Conditional,"""Redeployment"" and ""relocation"" are the same NYSC process under two names, moving to a different state.

There are two application windows: in camp, during week 2, with results by end of camp, or after camp, which opens once you're three months into your service year, via the dashboard's Relocation tab. LGIs administer clearance and mediate issues but don't approve relocations themselves, relocation is processed centrally via the portal and secretariats.

You must be physically registered in your original state of deployment first, you can't relocate without ever having reported there. You also can't be relocated to Lagos, Abuja, your state of origin, or your state of study, and medical graduates can't apply for in-camp relocation.

So there's no success rate to compare for Lagos or Abuja. They aren't harder to get, they're excluded outright, same as your state of origin and your state of study.

Pregnancy on its own isn't a relocation ground, pregnant corps members are handled through the separate camp-exemption track, they complete camp registration and kit collection then leave, and are still posted to a PPA like every other corps member. Only a genuine additional medical complication becomes a health-ground relocation case.

On marital documents specifically: a registry marriage certificate, proof of the husband's residence (a domicile letter or utility bill), and change-of-name evidence if applicable are the consistently-required set. An ""introduction letter from the husband's workplace"" isn't confirmed as a standard requirement, so don't treat it as mandatory unless your specific state office asks for it.

Once approved and any relocation fee paid on the portal, you'll likely need clearance from your previous state's coordinator before you can print your letter, this can take days to a few weeks, and visiting the secretariat in person is usually faster than waiting online.","Apply in camp during week 2, or after camp once you're three months in, via your dashboard's Relocation tab. You must have reported to your original state first, and you can't relocate to Lagos, Abuja, your state of origin, or your state of study.","Which ground applies, health, marital, or security, and are you still in camp, already at your PPA, or cancelling a relocation you already applied for?","ground:health -> You need a government hospital medical report with the doctor's details. Approval commonly runs about 14 days once the post-camp window is open, though more urgent documented conditions have been processed faster, sometimes as little as 2 days || ground:marital -> You need a registry marriage certificate, your husband's ID, proof of his residence, and name-change evidence if applicable. This is for married female corps members only. Approval commonly runs 14 to 21 days || ground:security -> Submit a written statement of the specific threat, ideally with supporting evidence. This is often prioritised. If applying from Borno, Yobe, or Adamawa specifically, it's fast-tracked, often approved before camp ends. From any other state, it faces a much higher bar and needs strong documentation || stage:in_camp -> Use the week-2 form distributed on-site at the Relocation Desk, results are released on the last day of camp, sometimes visible on the dashboard before then. It's the faster route, but you still can't be sent to Lagos, Abuja, your state of origin or your state of study, and the state you get isn't guaranteed to be your first choice, you can be sent somewhere else nearby if your preferred state has no space || stage:after_camp -> Wait for the 3-month mark, then apply via the dashboard's Relocation tab, filling in details and uploading supporting documents, max 200kb each. Once approved and cleared, print your relocation letter in colour and report to your new state's secretariat within 21 days of approval, miss that window and the relocation can be automatically reversed || stage:cancel -> If still in camp, ask your platoon officer or camp commandant to cancel it. After camp, write a formal cancellation letter to your state coordinator. Confirm the cancellation actually shows on your dashboard rather than assuming it went through. You can reapply after a rejection or cancellation, there's no one-shot rule, though each new attempt restarts the clearance and printing steps from scratch","Cross-validated and improved on audit -- previously resolved points (3-month window for all grounds, previous-state-coordinator clearance step, 21-day report-or-reversed window, marital ground restricted to married women) all reconfirmed against independent 2026 sources this pass. Marital document list specifically reconfirmed (marriage certificate + husband's-residence proof + name-change evidence); no source confirms an 'introduction letter from husband's workplace' as required. Re-tagging pass complete: the pre-camp pregnancy question was moved to pregnancy_accommodation. PPA/file-transfer appearance timing, allowance continuity during processing, and the exact meaning of a separate 'acceptance letter' remain genuinely unresolved and flagged as such. MERGED this pass (C2): folded in redeployment_general (security fast-track, allowance-delay warning), relocation_documents_grounds (per-ground doc specifics), relocation_consequences (the LGIs-don't-approve-centrally-processed point), in_camp_redeployment (in-camp desk detail, pregnancy routed OUT to pregnancy_accommodation per its own answer's exemption-track logic). Restructured to a 2-slot compound (ground x stage) per D2-01/D6, replacing the old flat 9-item fork. Still open: PPA/file appearance timing after relocation, allowance continuity during processing, and the inconsistent 'acceptance letter' terminology -- none resolved by any source found, still flagged unconfirmed."
Redeployment & Relocation,relocation_status_tracking,17,Not covered,-,,,Not addressed.,Statement,"Check your relocation status by logging into your NYSC portal dashboard, you'll also be notified by email or SMS once a decision is made.

If approved, the dashboard won't reveal your new state or generate the relocation letter until you pay a mandatory relocation-letter-printing fee, about ₦1,000 plus a Remita commission, roughly ₦1,176 total, via the ""Pay and Print your Relocation Letter"" link on your dashboard. This is a genuine NYSC portal fee, separate from any scam ""guaranteed relocation"" payment made to an individual, which NYSC doesn't endorse.

For some approvals, a clearance step from your previous state's coordinator is also required before the letter becomes printable, which can add further delay. After approval, and payment, and clearance if required, it commonly takes anywhere from a few days to a few weeks for the dashboard, state code, and new PPA letter to update. There's no fixed official timeframe, so a wait of this length is common, not necessarily a sign something is wrong.

Don't travel to or begin work at your new PPA before the relocation is confirmed on your dashboard, moving before it updates risks being sent back to correct it.

For in-camp relocation specifically, outcomes are commonly released around the last day of camp, though the portal often glitches around that time, so an immediate update exactly on that day isn't guaranteed.

If nothing has changed after an unusually long wait, go directly to your LGI or state secretariat rather than continuing to just refresh the portal.

Even in the harder cases, going in person is still your only real recourse. That includes a printed approval that later vanished from your status, or a visit that didn't seem to register. There's no guaranteed fix for either, so keep a copy of whatever you printed as proof.","Check your dashboard, and you'll get an email or SMS once a decision is made. Once approved you pay about ₦1,180 to print the letter. Don't travel to your new PPA before it's confirmed on your dashboard.",,,"Medium-high -- the letter-printing fee, the previous-state-coordinator clearance step, and the ""few days to a few weeks"" update timing are each corroborated by multiple independent current sources (2024-2026). The ""printed letter later disappears from the status page"" scenario, the in-camp POP-day release timing, and any fixed day-count remain unconfirmed by any official source -- flagged as unresolved, not guessed at."
Redeployment & Relocation,post_relocation_process,16,Not covered,-,,,Not addressed.,Conditional,"Once your relocation is approved, don't travel back to your old state, report directly to your new state's NYSC secretariat, and don't return to camp itself, relocation only changes your state or PPA, it doesn't restart orientation.

Bring your original relocation approval letter, a colour print, not laminated, plus a photocopy with your camp bank name, account number, and phone number written on it, and a copy of your statement of result or certificate.

After you submit these at the new secretariat, your state code updates in the system, commonly within 1 to 7 days depending on the source, though timing varies. Your new PPA posting then typically appears on your dashboard within roughly 2 to 7 days after that, you can't start travelling to or working at the new PPA before it appears there.

There's no universally-quoted deadline for reporting, guides consistently say ""report promptly"" rather than giving one specific day count, so treat any specific number you hear as common practice, not confirmed policy.

Once your PPA appears, take it to your new LGA for the same LGI, documentation, and clearance process regular posting requires, this effectively restarts that part of the process in the new location, since your old state's local records don't automatically carry over.","Report directly to your new state's secretariat, not back to your old state and not to camp, since relocation changes your state or PPA without restarting orientation. Bring your original approval letter, in colour and unlaminated.","Is the issue that your PPA or state code hasn't updated yet, or something else after relocation?","code_not_updated -> There's no confirmed guaranteed escalation path if the update doesn't appear within the typical window. The consistent advice is to contact your new state's LGI or the secretariat's relocation desk directly rather than wait indefinitely || other -> A further LGA-to-LGA transfer within a state is possible if the two LGIs, or the Zonal Inspector or State Coordinator, approve it, separate from the state-to-state relocation process itself. On allowance, you open a new account in your new state, and a payment gap of up to about three months is commonly reported during the switch.","Medium-high -- the core sequence (report to new secretariat with original letter and required documents, don't return to old state or to camp, state code then PPA posting) is consistent across multiple independent current (2026) guides. The exact day-counts for state-code and PPA-posting timing vary between sources (24-72 hours vs 1-7 days for the code; 2-7 days for the PPA) and no single official figure was found, so treat these as approximate ranges. Whether there's a hard reporting deadline, and what to do if the PPA never appears, are flagged as unresolved -- consistent with the same gaps already found for relocation_status_tracking. REKEYED/RESTRUCTURED this pass (Batch 6 finish, decisions confirmed with user)."
Redeployment & Relocation,relocation_cost,4,Not covered,-,,,"Not addressed (registration/relocation fees not itemized beyond the general N2,786.24 printing fee).",Statement,"The relocation application itself is free, NYSC doesn't charge to submit or review a request. The only fee involved is for printing the approved relocation letter once your request is granted, approximately ₦1,000 plus Remita's own transaction commission of about ₦180, for a total of roughly ₦1,180, paid through the Remita link on your dashboard.

You can reprint the letter after paying, the print option stays available on your dashboard once payment clears, so log back in, go to the Relocation section, and print as many copies as you need for documentation at your new state secretariat.

No agent is required for any part of this, application, approval check, payment, and printing all happen through your own NYSC portal login. There's no separate ""fast relocation"" pricing tier or route-specific cost, paying someone extra for a faster or guaranteed relocation is a known scam pattern, NYSC doesn't sell speed or outcomes, and all legitimate transactions happen on the official portal.","The relocation application itself is free. The only official cost is about ₦1,180 to print your approved relocation letter on the portal. Anyone charging you to arrange one is running a scam.",,,"Cross-validated -- the ~₦1,000 + Remita-commission fee for printing the relocation letter (and that it's the only charge) is confirmed consistently across 5+ independent sources spanning 2019-2026, including a source that itemizes the exact Remita commission (₦179.88). The scam-warning caveat about paid agents and ""fast"" relocation is reused from the standing scam-warning finding already established under ppa_choice_influence/state_of_deployment_choice, per this project's self-containment rule, rather than independently re-sourced for relocation specifically."
Orientation Camp,logistics_general_experience,11,Not covered,guide,,,"Borrows the style (drills, parade, uniform, early mornings) for three weeks -- closer to a structured, physically active orientation than real military training.",Statement,"Orientation camp runs a structured routine for about three weeks. Expect early morning drills and roll call (announced by bugle), platoon activities, classroom lectures, SAED (Skills Acquisition and Entrepreneurship Development) sessions, sports, and evening social or cultural events. It's a military style schedule with restricted movement in and out of camp, though it's not full military training, just an orientation exercise with military influenced discipline layered in.

Camp fire is one of the evening social events, a bonfire centred social and cultural night, not a lecture or drill. The exact day and timing vary by camp.

Camp officials and soldiers enforce discipline strictly around routine, dress code, and movement. Days typically wind down by evening after lectures, drills, and any scheduled social events, though the exact lights out or rest time depends on camp administration.

On vaccination, your medical fitness certificate is not rejected at camp for lacking a meningitis vaccination record. That's a scam narrative used to push corps members into paying for a second certificate. Getting vaccinated is still worth it for your own health, especially if you're posted to a northern state. For parade drills specifically, the common advice from past corps members is to stay hydrated, follow instructions promptly, and pace yourself rather than overexert in the first few days.","Camp runs about three weeks on a military-style routine: early drills and roll call, platoon activities, lectures, SAED sessions, sports and evening socials, with movement in and out restricted.",,,"Cross-validated -- the daily structure (drills, lectures, SAED, sports, social events) and movement restrictions are consistent across multiple independent guides and first-person accounts. Camp fire timing, exact rest/lights-out time, and any current vaccine requirement are flagged as varying by camp/year rather than fixed policy, since no source gives a single confirmed answer. TRIMMED this pass (T-8): vaccination-requirements paragraph cut to a cross-reference; medical_fitness_report already covers CSM vaccination in more depth (incl. the scam-narrative debunk)."
Orientation Camp,docs_required_at_camp,20,Covered,PDF,https://www.nysc.gov.ng/downloads/onlinefaq.pdf,original,Foreign graduates: bring all original uploaded documents + translated certificate. Medical graduates: bring practice license. Failure leads to registration cancellation and no PPA posting.,Statement,"The core documents you need at the camp gate are your Call-Up Letter, Green Card, Statement of Result or Certificate, your institution's ID card, recent white background passport photographs, and a Medical Fitness Certificate from a government or military hospital. JAMB documents aren't required at the gate itself, that's checked earlier, at the online registration stage.

On Statement of Result versus Certificate: if your certificate isn't ready yet, an original Statement of Result is accepted, as long as it's genuine, properly signed and stamped by your institution, and not marked ""provisional."" If you already have your actual certificate, that's fine on its own and you don't also need a statement of result, though it's worth confirming your certificate matches your NYSC dashboard details exactly (name, graduation date), since a mismatch there is a known registration risk. There's no expiry date on how old a Statement of Result can be, so don't worry about ""expiry"" claims, just keep it in good condition. Photocopies aren't accepted for either document. Bring the original, and keep a photocopy only as backup.

If neither your certificate nor statement of result is ready by the time camp registration opens, there's no on-the-spot workaround at the gate. You can't be registered without an original document, and your institution is expected to carry you into the next available registration window rather than you losing your place entirely.

On your school ID: it's not strictly enforced. If your Statement of Result is signed and stamped and your name appears on the Senate List, you can generally still be cleared without it, though some camps may still ask for it, so bring an alternative photo ID (NIN slip, voter's card, passport) as backup. A police report isn't a confirmed substitute for the school ID specifically. What corps members report actually working is a letter of identification from your institution, so request that before camp if yours is lost or the school has collected it.

A visibly damaged or stained original document is a real risk at the gate since verification depends on legibility. A clean backup copy is sensible precaution. Your school ID and admission letter alone are not a substitute for the required documents above.","Bring your Call-Up Letter, Green Card, Statement of Result or Certificate, school ID card, passport photographs, and a Medical Fitness Certificate from a government or military hospital. A stained or damaged original is a real risk, so carry a clean copy.",,,"Cross-validated -- the core checklist and JAMB-not-required-at-gate distinction are consistent across current guides and confirmed by first-hand accounts of the gate-check process (also reconfirmed via this project's jamb_documents_requirement finding, copied in here). SOR expiry and stained-document handling are flagged as unconfirmed rather than guessed at, since no source states a fixed rule either way. MERGED this pass (C2): retired docs_school_id_at_camp and docs_statement_of_result_at_camp into this hub -- both were narrow sub-questions of 'what do I bring to camp,' heavy shared vocabulary, not classifier-separable. The SOR intent's cert/SOR/neither fork was dropped to prose covering all three cases, since forking the general checklist behind that question would be bad UX for someone who just wants the list -- this survivor stays a plain Statement, no fork."
Orientation Camp,logistics_arrival_timing,11,Not covered,-,,,Not addressed.,Conditional,"You're expected to report on the exact date on your call-up letter, but arriving any time after that, up until registration formally closes, counts as late arrival rather than automatic disqualification. NYSC has repeatedly clarified that late arrivals with a genuine reason still get registered, and has even extended registration deadlines in years when many corps members faced travel delays.

The hard line is registration closing entirely. Once the stated window ends, arriving after that means you weren't registered for that camp intake, and you'd need to follow up about being carried into the next batch instead of being admitted late.

There's no allowance for arriving a day early. Camps aren't generally described as accepting corps members before the stated opening date, so don't assume ""come a day before"" is fine. If you have a specific reason to arrive early, confirm with your camp directly first.

If you've just received a new call-up letter after redeployment, the same logic applies to that new letter, a day's lateness with a genuine reason is generally tolerated. You generally can't change your reporting date once your call-up letter is issued, it's fixed to your batch's camp schedule.","You're expected on the exact date on your call-up letter, but arriving later still counts as late arrival, not disqualification. The hard line is registration closing entirely.","Are you asking about arriving late, or arriving early or on a different date than stated?","late -> You'll likely still be registered, but go as soon as possible and be ready to explain the delay to camp officials. Arriving after registration has fully closed means you missed that camp intake and need to follow up with NYSC about the next batch || early -> Not a guaranteed option. Check with your specific camp directly before assuming it's allowed","Cross-validated -- the late-arrival tolerance (with genuine reason) and the hard registration-closing cutoff are confirmed via NYSC's own public statements responding to 2024 late-arrival complaints, plus multiple independent camp-arrival guides. Early arrival and the redeployment-specific late-arrival scenario are flagged as unconfirmed rather than guessed at. REKEYED this pass (C1 mechanical rekey, per BUCKET_AB_FINDINGS.md's clean-24 list): content unchanged, labels converted to canonical keys."
Orientation Camp,items_laptop_allowed,8,Not covered,-,,,Not addressed.,Conditional,"Laptops generally aren't allowed inside orientation camp dormitories or premises, due to security regulations and space limitations. Security personnel can confiscate them if found during baggage checks at the gate, so don't plan on bringing one into camp expecting to use it there.

If you're posted to a far state and need your laptop for after camp, for example at your PPA, the safest approach is to have it sent to your off-camp accommodation, or arranged to arrive after you've left camp, rather than carrying it through camp registration. Don't count on camp security holding a personal laptop for you for the full three weeks, that's not an official service, just an informal offer some people mention.",Laptops are treated very differently inside camp and afterwards at your PPA.,"Do you need the laptop during camp itself, or only after camp at your PPA?","during_camp -> Don't bring it, it's likely to be confiscated at the gate || after_camp -> Arrange for it to reach your off-camp accommodation, or have someone send it to you after camp ends, rather than carrying it in with you","SUPERSEDED BY camp_items_allowed (intents merged) -- text folded into the camp_items_allowed answer, row kept here for provenance. Cross-validated -- the laptop ban and confiscation risk are consistent across current camp-packing and prohibited-items guides. The 'leave it with security' storage option is flagged as unconfirmed rather than a real service, since no source describes NYSC formally holding personal electronics for corps members. REKEYED this pass (C1 mechanical rekey, per BUCKET_AB_FINDINGS.md's clean-24 list): content unchanged, labels converted to canonical keys."
Orientation Camp,cds_group,7,Not covered,-,,,Not addressed (CDS is a named department at nysc.gov.ng/cds.html but no FAQ content retrieved).,Statement,"CDS stands for Community Development Service, one of NYSC's four cardinal programs. It's the mandatory weekly service you render to your host community outside your PPA, throughout the full service year, not just camp. Every corps member is assigned to a CDS group after camp.

This is different from the camp-only special groups people also loosely call CDS groups: OBS (Orientation Broadcasting Service, the camp's in-house news and media team), Man O' War (drills and physical training), Red Cross, and similar groups exist only during the three week camp. Some, like Red Cross, continue as an actual post-camp CDS group, but others, like OBS and Man O' War, don't carry over.

Joining OBS specifically requires an interest or background in journalism, broadcasting, or public speaking, and selection is made by camp officials, often the public relations committee, rather than a fixed application process.

There's no posting or CV advantage tied to joining any specific camp group or CDS group. Claims that OBS membership affects posting, or that one CDS group is objectively best for a CV, are common camp folklore. What actually makes it CV-worthy is leadership roles and active participation in any group, not the specific group name.

If you're asking about a ""temporary NYSC certificate,"" there's no such document. What NYSC issues is the Discharge Certificate, also called the Certificate of National Service, after you complete the full year, collected at your LGA of service on final clearance.","CDS is Community Development Service, the weekly service you give your host community all year, and you're assigned to a group after camp. No group carries a posting or CV advantage.",,,"SUPERSEDED BY cds_general (intents merged) -- text folded into the cds_general answer, row kept here for provenance. Cross-validated -- CDS meaning (Community Development Service, weekly, mandatory, post-camp) and OBS meaning (Orientation Broadcasting Service) confirmed consistently across 5+ independent current guides and firsthand camp accounts. The CDS-vs-camp-group distinction is reasoned from combining these sources, not stated as a single explicit fact anywhere. CV-value, posting-advantage, and 'best group' claims are explicitly flagged as unconfirmed folklore, not fact. The 'temporary NYSC certificate' point is reasoned from this project's own confirmed discharge-certificate and Temporary-ID findings (self-contained, not cross-referenced) -- no source directly addresses this exact phrase, so it's flagged as an assumption about what the asker likely means, not a confirmed term. TRIMMED this pass (T-2): the temporary-certificate content cut to a one-line cross-reference; owned by discharge_certificate."
Orientation Camp,logistics_food,7,Not covered,-,,,Not addressed.,Statement,"NYSC provides three official meals a day, breakfast, lunch, and dinner, throughout the 21 day camp, following a fixed food timetable distributed at camp. There's no single nationwide timetable though, each camp gets its own copy.

The official menu is carb-heavy and repetitive (rice, beans, yam, swallow, bread or pap and akara for breakfast), and quality and variety is a very commonly reported complaint, though it varies by camp. Lagos, Abuja, and Ogun State are mentioned across multiple accounts as comparatively better.

You don't need to bring food, but ready-to-eat items like garri, cereal, and snacks are welcome supplements, since cooking is banned in most camps. The Mammy Market, the camp's internal shopping and food area, is where most corps members supplement the official meals. Budget roughly ₦1,500 to ₦3,000 a day if you're relying on it regularly.

On power, hostel sockets are inconsistent, and some hostels have none working at all, which is why paid charging at Mammy Market is so common. Bring a power bank.","NYSC provides three meals a day across the 21 days, on a fixed timetable set per camp. The menu is carb-heavy and repetitive and quality varies by camp, which is a common complaint.",,,"Cross-validated -- the three-meals-a-day structure, carb-heavy menu pattern, and Mammy Market supplementation habit (with the ₦1,500-3,000/day range) are consistent across 5+ independent current sources. The socket-disconnection/POS-fee friction is commonly-reported across multiple independent firsthand accounts but not officially documented by NYSC -- flagged as camp-life reality, not confirmed policy. TRIMMED this pass (T-3): the power/charging/POS-fee paragraph cut to a cross-reference; owned by logistics_accommodation."
Orientation Camp,logistics_travel_to_camp,6,Not covered,-,,,Not addressed.,Conditional,"NYSC's official camp address list is published at nysc.gov.ng/camps.html. Check there or your call-up letter to confirm your camp's address, since locations occasionally shift between camp cycles.

Here's the full camp location by state:

Abia: Umunna, Bende LGA. Adamawa: Lapondo Road, Damare, Girei LGA. Akwa Ibom: Ikot Itie Udung, Nsit Atai LGA. Anambra: Umuawulu/Mbaukwu, Awka South LGA. Bauchi: Wailo, Ganjuwa LGA. Bayelsa: Boro Town, Kaiama/Kolokuma-Opokuma LGA. Benue: Wannune, Tarka LGA. Borno: Maiduguri (temporary orientation facility). Cross River: Obubra LGA. Delta: Issele-Uku, Aniocha North LGA. Ebonyi: Afikpo LGA. Edo: Okada, Ovia North East LGA. Ekiti: Ise-Orun/Emure LGA. Enugu: Awgu LGA. Gombe: Amada, Akko LGA. Imo: Eziama Obaire, Nkwerre LGA. Jigawa: Fanisau, Dutse LGA. Kaduna: Kubau LGA. Kano: Kusala Dam, Karaye LGA. Katsina: Mani Road. Kebbi: Basaura, Jega LGA (moved from Dakingari — some older guides still show the outdated Dakingari address). Kogi: Asaya, Kabba LGA. Kwara: Yikpata, Edu LGA. Lagos: Iyana-Ipaja, Agege. Nasarawa: Keffi. Niger: Paiko. Ogun: Sagamu. Ondo: Ikare-Akoko. Osun: Ede. Oyo: Iseyin. Plateau: Mangu. Rivers: Nonwa-Gbam, Tai LGA. Sokoto: Wamakko. Taraba: Sibre, Jalingo LGA. Yobe: Dazigau. Zamfara: Tsafe. FCT: Kubwa, Bwari Area Council.

For fare or transport guidance to your camp, there's no official NYSC source, that depends on your specific route and general interstate transport options.","NYSC publishes the official camp address list at nysc.gov.ng/camps.html. Check there or your call-up letter, since camp locations occasionally shift between cycles.","Which state's camp are you trying to reach, and are you asking for the address or for transport and fare guidance?","info_type:address -> Check nysc.gov.ng/camps.html directly or your call-up letter. If you're heading to Kebbi specifically, note the camp moved from Dakingari to Basaura, Jega LGA — some older guides still show the outdated Dakingari address || info_type:transport -> There's no official NYSC source for transport fares or companies. Ask other corps members from your area heading to the same camp, or check your route's usual interstate transport options directly","Cross-validated -- full 37-location table sourced from a March 2026 compilation cross-checked against nysc.gov.ng/camps.html snippets and independent state-secretariat sources, which agree on every state except Kebbi. Kebbi resolved to Basaura/Jega LGA per this project's own prior audit (official directory + 6+ June 2026 news reports), overriding the older Dakingari address still found in some third-party guides. REKEYED this pass (Batch 5, compound format): only info_type forks (address/transport); the state sub-slot has no per-state branch content of its own since the full state-by-state address table already lives in the main answer field -- correctly contributes nothing to the assembled follow-up text. Also cleaned 2 leaked meta-commentary phrases (""this project..."") found while rekeying -- F1 cleanup, done opportunistically."
Orientation Camp,logistics_accommodation,6,Not covered,-,,,Not addressed.,Statement,"Corps members are housed in hostels, bunk-bed dorm rooms shared by multiple people, or less commonly in large halls without partitions. Which type, and how many people per room, depends entirely on the specific camp's facilities, not on anything you choose, and it's commonly reported as crowded. Tents are rare in current camps, mostly an older or temporary-camp fallback.

Accommodation is gender-segregated, with separate hostels or sections for male and female corps members. Entering the opposite sex's hostel is against camp rules.

Electric sockets in hostels are inconsistent. Multiple firsthand accounts describe entire hostels with no working sockets at all, forcing reliance on paid charging at Mammy Market, while other accounts don't mention this issue, so it really is camp-dependent. Taps running dry is a related, commonly reported problem. Bring a power bank and enough physical cash from home regardless of which camp you're posted to, since ATMs are often unavailable on-site. Bringing cash also saves you the POS withdrawal fees you'll otherwise pay at Mammy Market.

If you've heard about religious-group transport or accommodation to camp, there's no official NYSC-sponsored service for this. Any such arrangements are organized independently by religious or community groups, so verify directly with the group in question before relying on it.","You're housed in shared bunk-bed hostels, gender-segregated and commonly crowded. Sockets and running water are inconsistent between camps, so bring a power bank and enough cash from home.",,,"Cross-validated -- hostel/hall accommodation types and confirmed gender segregation are consistent across 5+ independent sources. Room headcount and socket availability are confirmed camp-dependent (commonly-reported, not a fixed official figure) rather than a single fact either way. Religious-group transport/accommodation claims are flagged as unconfirmed -- no source addresses this directly."
Orientation Camp,kit_footwear,2,Not covered,-,,,Not addressed.,Statement,"NYSC issues its own white canvas sneaker as part of the camp kit, but the quality is consistently reported as poor and flimsy. That's why nearly every packing guide recommends bringing your own pair of plain white sneakers as a backup for daily wear, drills, parade, and general camp movement. It's a comfort and durability workaround, not a rule requirement.

Any plain white sneaker style is commonly accepted, as long as it's genuinely all-white with no large contrasting logo or colour panel. Camp dress code calls for white-on-white, and anything that visibly breaks that risks standing out at inspection, though there's no official published spec on exact logo size.","NYSC issues white canvas sneakers but the quality is widely reported as poor, so most guides recommend bringing your own plain all-white pair as a backup. No large logos or contrasting panels.",,,"SUPERSEDED BY camp_kit (intents merged) -- text folded into the camp_kit answer, row kept here for provenance. Reasoned/commonly-reported -- no official NYSC document specifies footwear brand, material, or logo tolerance; drawn from consistent packing-guide consensus (5+ sources) rather than stated policy. SPLIT this pass (D2-11/C2): the second-pair content moved out to the new kit_footwear_extra_pair intent -- this answer now covers dress-code allowability only. Converted from Conditional to Statement (no fork left)."
Orientation Camp,logistics_curfew_leaving,5,Not covered,-,,,Not addressed.,Conditional,"Two different things get asked here. Daily ""lights out,"" commonly around 10pm, is camp's nightly indoors and quiet-hours rule. Multiple firsthand accounts describe enforcement as fairly loose in practice, but it's not the same as a formal exit curfew.

Leaving the camp grounds at all during the 21 days, for any reason, including after swearing-in, requires a formal written exeat: a letter addressed to your Platoon Officer or the Camp Director requesting permission to leave, stating your reason, reviewed and approved case by case. This is the standard, expected process, not something you can just walk out for.

A genuine family emergency is exactly the kind of situation an exeat is meant to cover, and a legitimate emergency is generally approved promptly, though there's no fixed processing time.

Leaving camp before the three weeks end without an approved exeat, sometimes called ""jumping the fence,"" is treated as a serious disciplinary offense. One documented case describes two corps members caught doing this in Osun State facing a panel and a two-week extension of their orientation period. An exeat is for a temporary, same-day-type exit with an expected return, it isn't a route to leaving the program early or permanently before your scheduled reporting or POP dates.",Leaving the camp grounds at all during the 21 days needs a formal written exeat approved by your Platoon Officer or Camp Director. Nightly lights-out is a separate rule.,"Are you asking about daily lights-out and indoor hours, or about formally leaving the camp grounds for a specific reason?","lights_out -> A nightly rule, commonly around 10pm, loosely enforced per multiple accounts. You don't need permission for this one || leaving_grounds -> Submit a written exeat request through your Platoon Officer to the Camp Director, stating your reason. Approval is case-by-case, and leaving without one risks disciplinary action, including a documented service-extension case","Cross-validated -- the exeat process (written request through the Platoon Officer to the Camp Director) and the jumping-the-fence consequence (with a documented Osun State example) are confirmed across multiple independent current sources. Lights-out enforcement being loose in practice is a commonly-reported pattern across firsthand accounts, not an official rule NYSC states outright. No source gives a fixed approval-time guarantee for emergency exeat requests. REKEYED this pass (C1 mechanical rekey, per BUCKET_AB_FINDINGS.md's clean-24 list): content unchanged, labels converted to canonical keys."
Orientation Camp,logistics_belongings_mixed_up,4,Not covered,-,,,Not addressed.,Statement,"Multiple firsthand camp accounts describe clothes, toiletries, or gadgets getting mixed up or going missing in the shared hostel and communal laundry environment. It's a real, fairly common camp-life friction, though it's not an official NYSC-acknowledged issue, and there's no formal complaint or compensation process for it. Treat it as a known informal risk rather than something NYSC has a policy for.

The practical fix that comes up repeatedly: mark or label your personal items, especially uniform pieces like khaki, white T-shirts, and shorts, which look identical across corps members and are easy to grab by mistake. Keep valuables and gadgets in a personal bag rather than leaving them out in the open hostel space, and avoid leaving laundry unattended in shared washing areas.","Clothes, toiletries and gadgets do get mixed up in shared hostels and communal laundry, and there's no formal NYSC complaint process for it. Label your kit, especially uniform pieces, and keep valuables on you.",,,"Reasoned from multiple independent firsthand camp accounts, not an officially documented NYSC policy or process -- no source confirms a formal mechanism for reporting or resolving mixed-up belongings, so both the described problem and the mitigation advice are flagged as commonly-reported informal camp-life patterns, not confirmed facts."
Orientation Camp,logistics_budget,4,Not covered,-,,,Not addressed.,Statement,"There's no official NYSC-set camp budget, but multiple 2026 guides converge on roughly ₦20,000 to ₦35,000 or more as a realistic range for personal expenses across the full three weeks. That covers Mammy Market food supplementation, laundry, toiletries, and incidentals, separate from your official kit and uniform costs. A narrower estimate just for food puts Mammy Market supplementation alone at ₦15,000 to ₦20,000 if you lean on it heavily.

Surviving on just ₦20,000 is workable if you're eating mostly the free camp-provided meals and keeping Mammy Market extras minimal, roughly ₦1,000 a day. It's the tight end of the range though, not a comfortable cushion.

Whatever you budget, remember your allawee isn't paid until during or after camp, so this money needs to come from home, not from any NYSC payment. Most camp locations also lack a working ATM on-site and can have unreliable network for transfers, so bring physical cash rather than relying on your card.","There's no official camp budget, but current guides converge on roughly ₦20,000 to ₦35,000 for three weeks of personal expenses, separate from kit and uniform costs. ₦20,000 works if you eat mostly camp food.",,,"Cross-validated -- the ₦20,000-₦35,000+ overall range and the ₦20,000-as-workable-lean-budget point are both confirmed consistently across 3+ independent current (2026) guides. The narrower food-only ₦15,000-₦20,000 estimate comes from a separate source and is presented as a sub-estimate, not a conflicting figure."
Orientation Camp,kit_tshirt,3,Not covered,-,,,Not addressed.,Statement,"Both round-neck and V-neck white T-shirts appear across different packing guides, with no reports of rejection specifically over neck style. The consistent requirement everywhere is plain white with no prints or logos, not the collar shape, so a V-neck is very likely fine, though round-neck is the more common default if you'd rather not stand out.

NYSC issues its own T-shirts, commonly two, but fit and quality are widely reported as inconsistent. Bringing three extra of your own is a frequently recommended baseline for the full three weeks, though that's a comfort and laundry-frequency choice, not a fixed camp requirement. More or fewer works fine depending on how often you're comfortable doing laundry.","The requirement is plain white with no prints or logos, not the collar shape, so round-neck or V-neck are both fine. NYSC issues its own but fit is inconsistent, so three of your own is a common baseline.",,,"SUPERSEDED BY camp_kit (intents merged) -- text folded into the camp_kit answer, row kept here for provenance. Reasoned/commonly-reported -- no official document addresses collar style or an exact required T-shirt count; based on consistent packing-guide consensus across 6+ sources."
Orientation Camp,items_car_allowed,2,Not covered,-,,,Not addressed.,Statement,"No, personal vehicles aren't allowed inside NYSC orientation camps. This is consistently reported across camp-preparation guides as one of the standard restrictions. You, and anyone dropping you off, would arrive by public transport or private drop-off outside the camp gate rather than driving in and parking on camp grounds.","No, personal vehicles aren't allowed inside orientation camps. You or whoever drops you off stops outside the camp gate rather than driving in and parking on camp grounds.",,,"SUPERSEDED BY camp_items_allowed (intents merged) -- text folded into the camp_items_allowed answer, row kept here for provenance. Commonly-reported -- consistent across multiple current sources, though not drawn from an official NYSC document directly; no source described any exception process."
Orientation Camp,logistics_platoon_duties,2,Not covered,-,,,Not addressed.,Statement,"Platoons rotate a daily ""on-duty"" assignment throughout the 21 days. With roughly ten platoons in camp, each takes a turn, cycling through until the last day.

On-duty tasks commonly described across firsthand accounts include leading morning devotion or meditation, kitchen assistance, general camp sanitation like mopping, sweeping, and litter-picking, sometimes toilet cleaning, and supporting evening social activities. The exact mix depends on the camp and what your particular platoon is assigned that day.

There's no official process for opting out of platoon duty specifically. Some corps members describe occasionally skipping their duty day, for example by being at the camp clinic instead, without consistently visible consequences, but that's an informal workaround, not a sanctioned excusal route. The one confirmed way to be excused from physically demanding camp activities generally is being medically assessed as unfit during the camp health screening. That's a broader exemption from parade and drills generally, rather than something specific to kitchen or platoon duty.","Platoons rotate a daily on-duty assignment through the 21 days, covering morning devotion, kitchen help, camp sanitation and support for evening activities. The exact mix depends on your camp and your day.",,,"Cross-validated -- the daily platoon-rotation system and the described range of duty tasks (kitchen, sanitation, devotion-leading) are consistent across multiple independent firsthand camp accounts. Avoiding duty is explicitly flagged as reasoned from informal, inconsistent anecdotal accounts, not a sanctioned or documented process -- no official source describes any legitimate opt-out beyond the general medical-unfit exemption."
Orientation Camp,items_phone_allowed,2,Not covered,-,,,Not addressed.,Statement,"Yes, phones are allowed in camp, unlike laptops and tablets, which are commonly banned. The only restriction is on when and where you use it. Keep it away, commonly in your waist pouch, and don't use it during drills, parades, or other official activities. That's both a camp rule and a practical safety measure, since pickpocketing on busy parade grounds is a reported issue.

Bring a power bank alongside your phone. Camp electricity supply is commonly reported as unreliable or limited to certain hours.","Yes, phones are allowed, unlike laptops. The restriction is when and where you use one, so keep it away during drills, parades and official activities. Bring a power bank, camp electricity is unreliable.",,,"SUPERSEDED BY camp_items_allowed (intents merged) -- text folded into the camp_items_allowed answer, row kept here for provenance. Commonly-reported -- highly consistent across 6+ independent current sources with no contradiction found; no official NYSC document was located stating this directly, but the convergence is strong enough to treat as reliable."
Orientation Camp,logistics_social,2,Not covered,-,,,Not addressed.,Statement,"Making friends in camp tends to happen naturally through the structures camp already puts you in: your platoon (a mixed group from different states you spend most of each day with), your hostel roommates, and any camp social group you join, like drama, sports, choir, or band. Platoon time especially is a great way to make friends and build a sense of teamwork.

Camp-based cultural groups like a drama troupe do exist and organize their own rehearsals and performances, for example at camp fire or cultural-day events, and in some cases the friendships continue informally after camp too. How active any specific group is depends heavily on the particular camp and that year's group, so it varies.","Friendships form through the structures camp already puts you in: your platoon, your hostel roommates, and any camp group you join like drama, sports, choir or band.",,,"Reasoned from multiple independent firsthand camp accounts, not an officially documented NYSC process -- the platoon/hostel/group-based pattern for socializing is consistent across sources, but 'how lively' any specific group is flagged as subjective and camp-dependent, not something that can be stated as a general fact."
Orientation Camp,kit_replacement_lost_items,1,Not covered,-,,,Not addressed.,Conditional,"This depends on what exactly got lost. NYSC's own official khaki, vest, T-shirt, and boots kit is issued to you at camp, after you register and collect your state code, so if it's your NYSC-issued uniform you're worried about, that isn't something you'd be bringing with you in the first place. It's handed out on arrival regardless of what happened in transit.

If instead you mean a self-purchased backup kit, extra whites, a waist pouch, and similar, that got lost or mixed up before you even reach camp, there's no official NYSC replacement process for personal items. The common workaround is buying replacements from vendors inside camp at the Mammy Market once you arrive, since they consistently stock exactly this kind of kit, usually at a markup.","It depends whether you mean your official NYSC-issued kit or something you bought and packed yourself, because only one of those is replaceable.","Is it your official NYSC-issued kit you're worried about, or something you personally bought and packed?","nysc_issued -> Issued at camp regardless of what happened before you arrived, so there's nothing to replace beforehand || personal -> Buy replacements from camp vendors at the Mammy Market on arrival. There's no official NYSC process for replacing personal items","SUPERSEDED BY camp_kit (intents merged) -- text folded into the camp_kit answer, row kept here for provenance. Reasoned/commonly-reported -- no official NYSC process exists for personal item loss in transit; builds on this project's own already-confirmed logistics_belongings_mixed_up pattern (Cluster B) per the self-containment rule, plus general Mammy Market vendor consensus across sources. REKEYED this pass (C1 mechanical rekey, per BUCKET_AB_FINDINGS.md's clean-24 list): content unchanged, labels converted to canonical keys."
Orientation Camp,logistics_laundry,1,Not covered,-,,,Not addressed.,Statement,"There's no official NYSC laundry service. Corps members typically hand-wash their own clothes, commonly at designated hostel washing areas, and in some camps the Mammy Market also offers a paid laundry service as an alternative.

On theft, this is the same pattern as belongings getting mixed up more generally: clothes and personal items going missing during communal washing or from shared hostel spaces is a commonly reported risk, though not an officially acknowledged NYSC issue. The practical fix that comes up repeatedly is washing in smaller batches you can watch over, avoiding leaving laundry unattended in open communal areas, and marking your uniform pieces so they're identifiable, since NYSC-issued items look identical across corps members.","There's no official laundry service. You hand-wash at designated hostel washing areas, and some camps have a paid laundry option in Mammy Market. Label your clothes, items do go missing.",,,"Reasoned from multiple independent firsthand camp accounts -- no official NYSC source describes a formal laundry service or a laundry-theft policy, so both the described risk and the mitigation advice are flagged as commonly-reported camp-life patterns, reused from this project's own logistics_belongings_mixed_up finding per the self-containment rule, not independently sourced facts."
Orientation Camp,saed_program,1,Not covered,-,,,SAED is a named department at nysc.gov.ng/saed.html but no FAQ detail retrieved.,Statement,"SAED stands for Skills Acquisition and Entrepreneurship Development, one of NYSC's four cardinal programs, confirmed directly on NYSC's own site at nysc.gov.ng/saed.html. It runs through two divisions: Skills Acquisition, which is vocational and technical training, and Entrepreneurship Development, which covers business education, mentorship, and access to funding opportunities.

The in-camp phase begins automatically when you arrive at orientation camp. Every corps member attends introductory sensitization lectures and a SAED exhibition where partner training organizations present their tracks, and you register your preferred skill during camp. Camp itself is where you make your choice and enrol, not where the deep training happens. The actual training continues after camp through NYSC-accredited partner organizations in your service state.

Skill categories on offer vary by state, but commonly include ICT and digital skills (web design, graphic design, digital marketing, Microsoft Office), fashion design and tailoring, cosmetology and hairdressing, catering and food processing, agribusiness (fish farming, poultry, crop production), photography and videography, driving, building trades like bricklaying, renewable and solar energy, and culture and tourism-related business skills, among others.

SAEDConnect, NYSC's official online platform, supports continued training access, mentorship, and business-partner connections through the rest of your service year, though it doesn't provide direct funding itself, it connects you to organizations that do.","SAED is Skills Acquisition and Entrepreneurship Development, one of NYSC's four cardinal programmes. It starts automatically at camp with sensitisation lectures, then you pick a skill track, and it continues after camp.",,,"Cross-validated -- directly confirmed via NYSC's own official page (nysc.gov.ng/saed.html) for the program structure and two-division breakdown, cross-checked against 5+ independent current guides for the in-camp/post-camp phase split and the specific skill-category list, which is noted consistently as varying by state rather than fixed nationwide."
Orientation Camp,kit_waist_pouch,1,Not covered,-,,,Not addressed.,Statement,"There's no colour requirement for your waist pouch. Every packing guide describes it purely functionally, for holding your phone, cash, ID, and small valuables securely during parade and outdoor activities, unlike the T-shirt, shorts, and socks, which are explicitly required to be white.

A multicolour pouch is very likely fine as a practical carry item, though sticking to something plain or subdued is a reasonable default if you'd rather not stand out.","There's no colour requirement for your waist pouch, unlike the T-shirt, shorts and socks which must be white. It's purely functional, for your phone, cash and ID during parade.",,,"SUPERSEDED BY camp_kit (intents merged) -- text folded into the camp_kit answer, row kept here for provenance. Reasoned -- based on the absence of any colour requirement across all sources checked, not a source directly confirming multicolour pouches are permitted, since none discuss pouch colour explicitly either way."
Orientation Camp,items_personal_allowed,1,Not covered,-,,,Not addressed.,Statement,"A chess board or similar small board game doesn't appear on any NYSC banned-items list. The restrictions consistently target electronics and appliances (laptops, extension cords, cooking equipment), weapons, and bulky luggage, not casual recreational items.

Several packing guides actively recommend bringing books, a journal, or small board games for downtime, so a chess board fits that same category and should be fine, packed within your normal luggage without needing special permission.","Small recreational items like books, a journal or a board game aren't on any banned list. The restrictions target electronics and appliances, weapons and bulky luggage.",,,"SUPERSEDED BY camp_items_allowed (intents merged) -- text folded into the camp_items_allowed answer, row kept here for provenance. Reasoned/commonly-reported -- no official item-by-item list exists; based on the consistent shape of banned-items lists across 4+ sources plus explicit 'bring games for downtime' recommendations."
Orientation Camp,kit_khaki_customization,1,Not covered,-,,,Not addressed.,Statement,"No, customizing or altering your khaki is explicitly discouraged. NYSC management has directly criticised the practice in an official statement, describing reshaping or slim-fitting khaki trousers as ""defacing"" the uniform, and specifically flagging this among female corps members for making the fit inappropriately tight.

Camp guides consistently describe modifying or slim-fitting your khaki as something that can lead to punishment. Using a custom-made khaki instead of what NYSC issues generally isn't allowed either. The one exception is buying a replacement or spare set from approved camp vendors if your issued size doesn't fit or wears out, not altering what you're given.","No. NYSC has publicly criticised reshaping or slim-fitting khaki as defacing the uniform, and camp guides describe altering it as something that can lead to punishment.",,,"SUPERSEDED BY camp_kit (intents merged) -- text folded into the camp_kit answer, row kept here for provenance. Cross-validated -- the no-customization/no-slim-fitting rule is confirmed via a quoted NYSC management statement on the practice and reinforced consistently across independent dress-code guides."
Orientation Camp,kit_packing_list_general,1,Not covered,-,,,Not addressed.,Procedural,"Here's a consolidated packing list for orientation camp.

Documents: bring originals plus 2 to 3 photocopies of each, in a labelled waterproof folder. That means your Call-Up Letter, Green Card, degree certificate or Statement of Result, WAEC or NECO result, birth certificate or age declaration, medical fitness certificate from a government or military hospital, a valid ID, your JAMB result slip, and at least 12 passport photographs.

Clothing: NYSC issues white T-shirts, shorts, socks, sneakers, and the full khaki uniform at camp, but quality and fit are widely reported as inconsistent. Bring 2 to 3 extra plain white T-shirts and shorts, extra white socks, and your own pair of plain white sneakers for daily wear. Don't bring your own khaki, it's issued at camp.

Bedding: bring your own bedsheet, pillowcase, and a mosquito net. Camp mattresses are commonly reported as bare or worn.

Practical items: a waist pouch, padlocks for your luggage, and a power bank, since camp power supply is commonly reported as unreliable.

Toiletries and basic medicines: paracetamol, antiseptic, and any personal medication you need.

Cash: budget ₦20,000 to ₦35,000 or more to cover the full three weeks.

Food: only ready-to-eat snacks and beverages, no cooking equipment or raw foodstuffs.

Don't bring laptops, tablets, extension cords, personal vehicles, weapons, pets, alcohol or drugs, your own mattress, or any electrical appliance beyond a phone, charger, and power bank. These are consistently reported as confiscated at the gate.","Bring your documents as originals plus two or three photocopies in a labelled waterproof folder, your own plain white kit as backup for what NYSC issues, toiletries, a power bank and enough cash.",,,"SUPERSEDED BY camp_kit (intents merged) -- text folded into the camp_kit answer, row kept here for provenance. Cross-validated -- the document list and budget figure reuse this project's own already-confirmed ground_zero_guide and logistics_budget findings per the self-containment rule; the rest of the packing consensus is drawn from 8+ independent current (2025-2026) camp-prep guides that converge closely with each other, though none is an official NYSC document."
Orientation Camp,items_food_allowed,1,Not covered,-,,,Not addressed.,Statement,"Yes, ready-to-eat beverages and snack items like Milo, powdered or tinned milk, and Golden Morn or other cereal flakes are fine to bring. The actual restriction is on anything requiring cooking or food preparation, raw foodstuffs, cooking appliances, boiling rings, and gas cylinders are the items explicitly banned, not packaged, ready-to-consume food and drink in general.","Packaged ready-to-eat food and drink like Milo, milk and cereal are fine. What's banned is anything needing cooking: raw foodstuffs, cooking appliances, boiling rings and gas cylinders.",,,"SUPERSEDED BY camp_items_allowed (intents merged) -- text folded into the camp_items_allowed answer, row kept here for provenance. Commonly-reported -- consistent across multiple current packing/banned-item guides; no official NYSC food policy document was found directly, so this rests on convergent informal-source consensus rather than an official list."
Allowance,allowance_payment_issue,27,Not covered,-,,,Not addressed.,Conditional,"Two very different causes here, and it matters which one you're dealing with.

Individual or account-level: wrong bank details or a BVN mismatch, your PPA submitting your attendance or clearance late, or a missed monthly biometric or CDS clearance. These are fixable by checking your portal details and following up with your LGI or PPA.

Batch-wide or systemic: NYSC allowance delays have repeatedly been a national, government-budget-level issue. In 2024 and 2025, for example, the government publicly acknowledged and apologised for a months-long delay in rolling out the new ₦77,000 rate, affecting entire batches at once, unrelated to anything individual corps members did wrong. If your whole batch or state is affected, there's genuinely nothing to fix on your end except escalate collectively and wait, check your dashboard's Payment History for visibility into backlogs.

On top-ups: some state governments pay an additional monthly stipend on top of the federal ₦77,000. This is entirely separate from the federal payment, optional, varies widely by state, roughly ₦5,000 to ₦50,000 where it exists, and inconsistent in timing. There's no local-government-level allowance anywhere, only state-level top-ups and occasionally PPA-level stipends from your employer, which are a private arrangement, not an NYSC payment.

Married corps members don't receive a different or higher federal rate because of marital status, the federal ₦77,000 is flat and identical for everyone regardless of marital status, academic qualification, or state.","Report it to your LGI first, then your state secretariat's Finance office if it isn't resolved. Delays have repeatedly been national funding issues rather than something wrong with your record.","Is it just you affected, or others in your batch or PPA too?","just_me -> Check your bank and BVN details on the portal first, then confirm your PPA submitted your clearance for the month, then check you completed monthly biometric verification. If none of those is the problem, escalate to your LGI first, then your state secretariat's Finance or Accounts office, which has more visibility on payment backlogs || others_too -> Treat it as likely systemic and don't assume it's something you did wrong. Still check your own bank and BVN details on the portal as a first step, it costs nothing to rule out even if the real cause turns out to be systemic","Cross-validated and materially corrected from the first draft -- real Nairaland threads spanning years, plus a 2025 ministerial statement about a nationwide N77,000 backlog, show that a significant share of allowance complaints are systemic/government-level, not individual account issues as the original answer implied. Newly added and cross-validated this pass: the current federal rate (₦77,000, confirmed across 6+ independent 2026 sources including a government-affiliated source), the existence and optional/inconsistent nature of state-level top-ups, and the absence of any confirmed local-government-level allowance or marital-status-based federal increase. Re-tagging pass complete: the personal-finance question was moved to general_meta_about_nysc, which already declines to force subjective/out-of-scope questions into a factual answer. REKEYED this pass (C1 mechanical rekey, per BUCKET_AB_FINDINGS.md's clean-24 list): content unchanged, labels converted to canonical keys."
Allowance,allowance_bank_account,10,Not covered,guide,https://nyscmobilization.org/nysc-bank-account-opening-for-corps-members/,mandatory NYSC bank account opening,Not in official onlinefaq.pdf/mobreg.html -- sourced from multiple independent current guides only.,Statement,"Yes, a new NYSC-linked account is mandatory during camp registration. This replaces any existing personal account regardless of which bank you already use, and it's the only channel your monthly allowance is paid into, no physical handout. Fintech accounts like Opay, Kuda, Moniepoint, or Palmpay aren't accepted, it must be a naira account at a CBN-licensed commercial bank, linked to your BVN.

You don't choose the bank, NYSC assigns it per camp and state from a pool of commercial banks, examples seen across recent batches include Access, UBA, Zenith, GTBank, First Bank, and Fidelity, and this varies by state and batch, so there's no single bank to recommend.

NYSC doesn't intentionally pay your allowance into someone else's account. When this happens it's described as a technical glitch, sometimes called ""double allowance."" If it happens to you, report it and return the money, keeping it risks being caught at final clearance, since bank statements are cross-checked, with a penalty of up to three months service extension without pay.

If your account name differs even slightly from your BVN or NYSC record, this can hold up payment for weeks while it's investigated. Get it corrected through your bank branch and LGI as early as possible, don't wait for a missed payment to discover it.

If your details are correct but nothing has landed, it's usually one of two things. Either an individual issue like a BVN mismatch or a late clearance submission from your PPA, or a batch-wide delay, which has repeatedly been a national funding problem affecting many corps members at once. Report it to your LGI first. If it's systemic, your state secretariat's Finance or Accounts office will have more visibility.

If you don't have a BVN at all when camp wants you to open the mandatory account, you'll need to get one first through any commercial bank, since Nigerian banks generally can't open new accounts without one, do this before camp if possible to avoid delays.

If the account itself gets blocked, there's no specific NYSC procedure for that. The route for wrong or unusable bank details is reporting it to your LGI to get the account resolved or replaced, and the same route most likely applies here.","A new NYSC-linked account is mandatory at camp registration and is the only channel your allowance is paid into. It must be a naira account at a CBN-licensed commercial bank linked to your BVN, and fintech accounts aren't accepted.",,,"Medium-high -- the mandatory-new-account rule, fintech exclusion, and BVN/naira-account requirement are confirmed across multiple current (2026) sources. Bank assignment varying by state/batch is confirmed but still not independently verified against an official NYSC circular. The blocked-account scenario is explicitly flagged as an inference, not a confirmed answer. AUDITED. ADDED this pass: the no-BVN scenario, rerouted here from portal_account_access where it didn't belong (that intent covers portal login access, not bank-account prerequisites)."
Allowance,allowance_amount,16,Not covered,guide,,,"Yes -- a federal monthly allowance (""allawee"") paid into an account opened at camp; some states/PPAs add extra, not guaranteed.",Conditional,"The federal NYSC allowance is currently ₦77,000 a month, national minimum wage plus 10%, effective March 2025. It's paid the same to every corps member regardless of state, course, or PPA, deposited into the bank account opened for you at camp, normally disbursed between the 25th and 30th of each month once you're in the regular cycle.

Two other payments get confused with this one. First, a small one-time in-camp cash payment, commonly called transport or ""bicycle"" allowance, paid physically in camp, generally starting around day 12 to 18, against your school ID and state code tag, this is separate from the monthly federal allowance. Second, some PPAs, particularly private companies like banks, tech firms, law firms, and multinationals, pay a stipend on top of the federal amount, commonly ₦30,000 to ₦150,000 a month, entirely at the PPA's own discretion, not administered or guaranteed by NYSC at all. Government offices, schools, and public-sector PPAs typically pay nothing extra or only a token amount. Some states also pay a top-up, separate again from a PPA stipend, and typically restricted to corps members posted to government establishments.

Because a PPA stipend is a private arrangement between you and your employer, chase a missing one with your PPA supervisor or HR directly, the way you would any unpaid-wages issue, not with your LGI, whose escalation channel is specifically for the federal allowance. Whether that stipend starts from your actual resumption month isn't confirmed anywhere either, it depends entirely on the PPA's own arrangement, so confirm it with them directly.

Budget-wise, treat the federal ₦77,000 as your reliable baseline and any state or PPA top-up as a bonus you shouldn't count on in advance.","The federal allowance is ₦77,000 a month, the same for every corps member, normally paid between the 25th and 30th. Any state or PPA top-up is extra and not guaranteed.","Are you asking about the very first monthly payment specifically, or the regular monthly cycle once you're already serving?","first_payment -> This is genuinely disputed across sources. Some describe it landing while still in camp, around day 18, others say you won't receive it until after camp at your PPA, since your bank details need to be entered and verified through NYSC's payment system first. Budget as if it may not arrive until after camp, since that's the safer assumption || monthly_cycle -> The 25th to 30th is the commonly quoted window, with delays of a few days up to about two weeks not unusual, especially early in a new batch or in more remote states","Medium-high -- N77,000 as the current 2026 federal figure is confirmed by numerous independent current sources (a small number of stale sources still cite the pre-March-2025 N33,000 figure; treat those as outdated). The 25th-30th payment window and the LGI-then-Finance/Accounts escalation path for non-payment are each corroborated by multiple sources. Whether any specific institution/state currently pays a top-up is inherently unverifiable as a general answer since it varies and changes -- flagged as institution-specific rather than guessed at with a fixed figure. MERGED this pass (C2): retired allowance_timing (first-payment-dispute fork now this intent's fork, plus the in-camp bicycle-allowance detail folded into the main answer) and ppa_paid_allowance (PPA/employer stipend detail + state top-up + the chase-your-PPA-not-your-LGI guidance) into this survivor. Converted from Statement to Conditional to carry the first-payment-vs-monthly-cycle fork."
Allowance,nhis_health_insurance,3,Not covered,-,,,"Note: nysc.gov.ng has a separate 'NHIA Enrolment' page linked in the nav, but no FAQ content on it was retrieved.",Statement,"Yes, NYSC corps members are automatically enrolled in a dedicated health insurance scheme, the NYSC Group Individual Family Social Health Insurance Programme, run jointly with the National Health Insurance Authority.

Coverage is federally funded at no cost to you and runs from the moment you receive your call-up letter through camp, your PPA posting, and terminal leave, ending three weeks after disengagement from service. It provides curative, preventive, promotive, and rehabilitative healthcare through NHIA-accredited hospitals and HMOs nationwide, including maternity coverage for pregnant corps members and coverage for babies delivered during the service year, for 12 weeks after delivery.

You don't need to separately sign up for it beyond your normal call-up and camp registration. HMOs are assigned by geopolitical zone, and camp orientation sessions cover the specifics of how to access it.

You'll see this called NHIS, GIFSHIP, or NHIA in different places. It's the same scheme. NHIA is the NHIS renamed, and GIFSHIP is the short name for the NYSC programme itself.

In practice, some corps members report hospitals being unfamiliar with the process, or their coverage not being honoured smoothly. Confirm your accredited hospital and HMO details at camp, and keep your enrollment card on you.","Yes, you're enrolled automatically and it's free, at NHIA-accredited hospitals through the NYSC GIFSHIP scheme, from mobilisation until three weeks after service ends. Confirm your hospital and HMO at camp and keep your enrollment card on you.",,,"Officially confirmed -- drawn directly from NYSC's own official pages, nysc.gov.ng/nhia.html and nysc.gov.ng/nhia1.html."
Certificates & Documents,id_card_replacement,20,Not covered,-,,,Not addressed.,Procedural,"Log into the NYSC portal at portal.nysc.org.ng with your dashboard credentials, click ""Replacement of ID Card,"" and explain what happened in the request box. This routes you to a payment page through Remita, pay online by card or at a bank branch using your generated RRR. After payment, upload a police report and a sworn affidavit covering the loss, theft, or damage. A new plastic ID is then sent to the local government area where you're serving.

Worth knowing: NYSC actually issues two different ID cards. A Temporary ID is a laminated paper slip with your state code, used only inside orientation camp, often worn on a lanyard. A Permanent ID is the plastic card described above, used for the rest of your service year and required later to collect your Discharge Certificate at POP. Questions about a neck lanyard or being asked for an ID at camp itself are almost always about the Temporary camp ID, not the Permanent one covered by this replacement process, camp officials, not this online process, handle the Temporary ID.

Newspaper publication isn't a confirmed requirement for NYSC ID replacement, that requirement belongs to other Nigerian ID-loss processes, like lost international passports, and seems to be a common point of confusion, not an NYSC rule.

Your replacement card is tied to the LGA where you're currently serving, you can't have it sent to a different state than your posting.

Report the loss to your LGI as soon as it happens, even before starting the online process. Carrying your ID at all times is a stated requirement during service, and it's also needed later for Discharge Certificate collection, so don't let this sit unresolved.","Apply through the NYSC portal under Replacement of ID Card, explain what happened, and pay via Remita. You need the permanent ID later to collect your Discharge Certificate at POP.",,"Report the loss to your LGI as soon as it happens, even before starting the online process -- carrying your ID at all times is a stated requirement during service, and it's also needed later for Discharge Certificate collection, so don't let this sit unresolved.","Cross-validated -- the police-report-plus-affidavit-plus-Remita-payment sequence is consistent across independent sources describing the same portal flow. Newly added and cross-validated this pass: the Temporary-vs-Permanent ID card distinction, confirmed directly by an independent guide describing both card types and their separate purposes -- this resolves several of this intent's questions that were actually about the Temporary camp ID, not the replacement process itself. No source confirms a newspaper-publication requirement for NYSC ID replacement specifically, so that's flagged as likely a conflation with other Nigerian document-loss processes rather than stated as a real requirement."
End of Service,discharge_certificate,18,Not covered,-,,,Not addressed.,Conditional,"A Discharge Certificate, also called a Certificate of National Service, is issued after you complete the full one-year service. That's different from an Exemption Certificate, which is issued instead of service to people who never had to serve at all, for example age 30 or over at graduation, 9 or more months of prior Armed Forces or Police service, or a National Honour. These are mutually exclusive outcomes, not two names for the same document. Leaving service early, for example to start a master's programme, before completing the year means you wouldn't yet qualify for a Discharge Certificate.

Locally trained graduates collect it at their LGA of service upon final clearance, foreign-trained or special cases follow HQ-issued directives. Collection isn't freely transferable to another state, and someone else generally can't collect it on your behalf, it requires your physical presence.

NYSC doesn't reprint a lost, burnt, or water-damaged certificate, no matter how many years have passed. Instead you apply for a Letter of Confirmation of Service, via a police report, a sworn affidavit, and Remita payment verification.

That's different from a genuine error on the certificate. If the mistake is traceable to NYSC's own production, for example a data entry slip, return the certificate to your State Certification Officer for correction. If the error is because of what you personally wrote on the format during camp, since certificates are produced exactly as penned then, correction is harder and likely needs a formal request routed through your institution, or NDHQ for foreign-trained graduates.

A photocopy is informally accepted by some employers for interim use but isn't a substitute where formal certification is required. Laminating the original is commonly advised against since it can interfere with verification stamps NYSC or employers may later need to apply.","It's issued after you complete the full service year, collected at your LGA on final clearance. NYSC doesn't reprint a lost or damaged certificate, so keep it safe.","What's actually wrong with your certificate, is it lost or destroyed, or does it have an error on it?","lost -> Apply for a Letter of Confirmation of Service, using a police report, an affidavit, and Remita payment verification. There's no time limit on this || error -> If it's an NYSC-side production error, return it to your State Certification Officer. If it's from what you personally submitted at camp, it likely needs a formal request routed through your institution or NDHQ","Cross-validated for the no-reprint/Letter-of-Confirmation policy and the NYSC-error vs self-submitted-error distinction (confirmed directly via NYSC's own certificate collection page and a current collection/replacement guide). Discharge-vs-exemption distinction, proxy collection, and lamination advice are reasoned from adjacent confirmed NYSC document-handling patterns rather than a source addressing discharge certificates specifically -- flagged as such. REKEYED this pass (C1 mechanical rekey, per BUCKET_AB_FINDINGS.md's clean-24 list): content unchanged, labels converted to canonical keys."
Certificates & Documents,exemption_certificate,16,Covered,PDF,https://www.nysc.gov.ng/downloads/onlinefaq.pdf,Exemption Certificate,Nigeria-trained: collect from institution; corrections only allowed within 3 months of online registration date. Foreign-trained: come to NYSC HQ with original documents for clearance and collection.,Conditional,"Exemption is automatic, not something you separately apply for. Once you complete online registration, NYSC compares the date of birth on your JAMB record, or your international passport if you didn't sit JAMB, against your graduation date on the Senate List. If that shows you were 30 or older at graduation, not your current age, or your record shows 9 or more months already served in the Armed Forces or Police before call-up, or you hold a National Honour, the system automatically classifies you for exemption instead of call-up.

This is why a 28-year-old 2019 graduate who's now 30 wouldn't newly qualify by turning 30 during service. If an exemption letter shows up anyway, it's most likely because the JAMB date of birth record was already wrong at the time of graduation, not a retroactive trigger.

Processing typically takes 2 to 3 months after registration, in three stages: NYSC generates a classification printout, institutions verify or correct it, then certificates are produced and dispatched in batches aligned with the mobilisation batches. Locally trained graduates collect from their institution once notified, foreign-trained graduates collect in person at NYSC HQ in Abuja with their passport. If not collected within 6 months it's returned to HQ and must be retrieved there.

Because exemption is automatic and mutually exclusive with service, you can't register again after receiving one. If you mistakenly went to camp when your record should have shown exemption, that's a data problem, usually a wrong date of birth on file, rather than a policy exception, it needs correcting through the same WAEC-verification date-of-birth correction route, then reprocessing.

A currently-serving corps member securing a paramilitary or security job during service can't retroactively claim the 9-plus-months exemption, that clause requires the service to have already happened before call-up, not started after. There's also no route for someone already serving to write to NYSC headquarters for a mid-service exemption on that basis.

There's no camp exemption for married men, the marriage-related concessions apply to married female corps members and to pregnant or nursing mothers, not to marital status generally or to men.

An online BSc from a foreign university carries the same risk described for foreign-graduate verification generally, it can affect whether you're accepted into the process at all, which affects exemption eligibility too.

Medical exemption from NYSC on health grounds alone isn't available, the automatic exemption grounds are limited to age-at-graduation, 9-plus-months prior Armed Forces or Police service, or National Honours, a medical condition doesn't exempt you from serving. What it can do instead is support a concessional posting at registration or a health-ground redeployment request after deployment, changing where you serve, not whether you serve. The supporting document for that request is the Medical Report, not the Fitness Certificate. It's a separate document you get from a government or military hospital confirming the specific condition.","Exemption is automatic, never something you apply for. It's triggered by being 30 or older at graduation, nine or more months of prior Armed Forces or Police service, or a National Honour. Allow two to three months after registration.","Are you asking about qualifying for exemption in the first place, or about a certificate that's already supposed to have been issued to you?","qualifying -> Check your age at graduation, not now, against the JAMB date of birth on file, or your Armed Forces, Police, or National Honour status before you registered || due -> Allow 2 to 3 months from registration. If it's been longer, or the reason looks like a date-of-birth error, raise it as a correction issue with your institution or NYSC, not a new application","Cross-validated -- the four statutory exemption grounds, age-at-graduation calculation, automatic (non-applied-for) nature, 2-3 month processing window, and 6-month uncollected-certificate return rule are confirmed directly via NYSC's own certificate page and multiple current 2026 guides. The married-man camp exemption claim and mid-service paramilitary deferment scenario are flagged as unconfirmed/likely myths, since no source supports either. REKEYED this pass (C1 mechanical rekey, per BUCKET_AB_FINDINGS.md's clean-24 list): content unchanged, labels converted to canonical keys."
Certificates & Documents,certificate_correction_pending,1,Partial,PDF,https://www.nysc.gov.ng/downloads/onlinefaq.pdf,3 months,Related to the exemption certificate correction window (3-month rule) and name-correction workflow.,Statement,"If you're asking whether you can proceed to camp or registration on your current statement of result while a requested correction hasn't reflected yet, no, this is risky.

NYSC's own official FAQ states that corrections are only entertained within three months of your date of online registration. If the still-uncorrected detail isn't resolved within that window, there's no guarantee it can be fixed at all afterward.

NYSC's camp requirements also explicitly warn you not to proceed to camp if the graduation date, or other key detail, on your call-up letter or portal doesn't match what's on your certificate or statement of result, since a mismatch at physical verification is what gets people turned away or flagged. Only original documents are accepted for your statement of result or certificate at camp, no photocopies.

The safer path is to get the correction confirmed and reflected on your dashboard or Senate List entry, well within the three-month window, before registering or travelling to camp with mismatched documents, rather than assuming it will be sorted out informally on arrival.","Don't travel to camp on an uncorrected record. NYSC only entertains corrections within three months of your online registration date, and after that there's no guarantee it can be fixed at all.",,,"Cross-validated -- both the 3-month correction window and the no-photocopy-originals-only rule are directly sourced to NYSC's own official documentation (onlinefaq.pdf) and this dataset's own prior findings. The ""don't proceed to camp with a mismatch"" caution is likewise directly sourced to NYSC's stated camp requirements. The underlying question's phrasing is itself ambiguous -- flagged as an interpretation, not a verbatim-matched question."
Certificates & Documents,certificate_verification,1,Not covered,-,,,Not addressed.,Procedural,"How you verify an old NYSC certificate depends on when you served.

If you served Batch C 2014 or later, NYSC's official online certificate verification portal, verify.nysc.org.ng, has full digital records and can confirm authenticity directly.

For anyone who served before that, including a 2004 Batch A certificate, records aren't digitised, so verification has to go through the offline route. Write a formal letter addressed to the Director-General, National Youth Service Corps, Directorate Headquarters, Plot 416, Tigris Crescent, Maitama, Abuja, marked ""Attention: Director, Corps Certification."" Attach clearly, serially numbered photocopies of the certificates you want verified, and submit it. Some guides also mention a small fee, commonly cited around ₦2,000, tied to the certificate-number check, though this exact figure isn't confirmed on an official NYSC page.","It depends when you served. Batch C 2014 onwards is verifiable directly at verify.nysc.org.ng. Earlier certificates aren't digitised, so verification goes by formal letter to the Director-General at NYSC headquarters.",,,Cross-validated -- the 2014/Batch-C online-portal cutoff and the offline letter procedure for older certificates are consistent across 4+ independent sources; the exact fee amount is not officially confirmed and is flagged as such.
NOISE - not a real question / forum fragment,noise,38,,-,,,Not a real question -- excluded from FAQ coverage analysis.,,,,,,
Clearance,monthly_clearance,11,Not covered,-,,,Not addressed.,Conditional,"Monthly clearance verifies you're actively serving. Your PPA supervisor signs and stamps your clearance form, which you then present to your LGI at your designated zonal or local government clearance centre on your scheduled clearance date, alongside biometric clearance where applicable.

If you missed a previous clearance, one month or even two, you can generally still do your current or upcoming clearance. But a missed clearance doesn't just disappear, it can trigger a query from your LGI, and if left unresolved, can affect your certificate at the end of service. One reported case involved certificate denial after two missed, queried clearances, so this is a real consequence, not just a formality.

If you travelled and missed a clearance cycle, report it to your LGI as soon as possible rather than wait, allowance withholding is a realistic risk of unresolved missed clearance, though there's no fixed rule for exactly when withholding kicks in.

If your dashboard still shows you as absent despite completed clearance, or your LGI says your clearance ""wasn't uploaded,"" this is generally a reporting or upload-lag issue on the administrative side, not something wrong with your attendance. Follow up directly with your LGI to confirm it was recorded, and re-submit if needed.

If your fingerprint scanner isn't working at the secretariat, or your fingerprint keeps failing during clearance, this is a known, recurring hardware issue, report it on the spot to your LGI so an alternative can be arranged, whether that's a manual sign-off, a retry, or escalation. There's no single universal fallback procedure, so ask what your secretariat does.

Doing biometric clearance a few days after the deadline is often tolerated in practice, though there's no guaranteed grace period, resolve late clearance as soon as possible rather than assume it's automatically fine.

Completing your service year means staying current on monthly clearance throughout, then final clearance at the end, which is what unlocks your Discharge Certificate.","Your PPA supervisor signs and stamps your clearance form, then you present it to your LGI at your clearance centre on your scheduled date. A missed month doesn't disappear, so report it rather than wait.","Is your issue a missed or late clearance, or a clearance you completed that isn't reflecting correctly?","missed_late -> Do your current clearance as soon as possible and be ready to explain the gap to your LGI, don't let it go unaddressed. If the miss was due to illness, bring a doctor's report to your LGI as soon as you're able and explain what happened, corps members consistently report this being accepted to avoid being marked absent for that month. If you already know in advance you'll miss a clearance date, inform your LGI ahead of time rather than only explaining afterward || not_reflecting -> Follow up directly with your LGI to confirm it was recorded or uploaded, there's no dashboard self-fix for this","Cross-validated on the core PPA-sign-then-LGI process and Abuja ICT routing (via monthly-clearance-specific sources, carried over from this project's Batch 1 finding). The missed-clearance consequence chain (query -> possible certificate denial at POP), fingerprint-failure handling, and 'dashboard still shows absent' issue are reasoned from the core process plus scattered reported cases rather than a single confirmed source describing the full consequence pathway -- flagged accordingly. REKEYED this pass (C1 mechanical rekey, per BUCKET_AB_FINDINGS.md's clean-24 list): content unchanged, labels converted to canonical keys."
End of Service,final_clearance,10,Not covered,-,,,Not addressed.,Procedural,"Final clearance isn't a separate track from monthly clearance, it is your last clearance, done at the end of your service year, and it's what unlocks your Discharge Certificate. Monthly clearance is the recurring version done every month throughout the year that unlocks that month's allowance.

You'll need a final clearance letter from your PPA, on letterhead, signed and stamped by your supervisor, your NYSC ID card, sign-off from your CDS coordinator covering your CDS dues, Foundation Form, and magazine, and your final biometric verification. Your CDS officer forwards the final clearance to the LGI and Zonal Inspector for stamping.

Those sign-offs run across Forms 2A, 2B, and 2C, signed or stamped by your PPA head, your LGI, the Zonal Inspector, and your CDS coordinator before your final biometric verification. There's no fixed number of signatures, it depends on your state's process.

Missing clearance, monthly or final, risks no allowance for the missed months, being marked absent, with repeated misses potentially flagged as AWOL, and commonly a service-year extension, often cited as roughly one month per missed clearance, though the exact length is at your LGI's discretion, which in turn delays your final clearance and certificate.

A few things genuinely vary and aren't standardised: whether missing three months specifically causes a portal lockout, whether final clearance can be completed after passing out, whether someone else can complete it on your behalf, whether an affidavit and newspaper publication for a late name change is fully accepted, which comes down to your clearance officer's discretion, and how to reprint a lost final clearance slip. For any of these, confirm directly with your LGI rather than assume.","Final clearance is your last monthly clearance, done at the end of the year, and it's what unlocks your Discharge Certificate. You need a signed PPA clearance letter, your ID card, CDS sign-off and final biometrics.",,,"Medium -- that final clearance is the terminal instance of the same LGA clearance process (not a separate procedure), the PPA-supervisor-signature requirement, and the general consequences of missing clearance (no allowance, extension risk, delayed certificate) are each corroborated by multiple independent current sources. The specific Forms 2A/2B/2C detail and the 5-7 signatures figure each come from a single source. Five sub-questions (3-month portal lockout, post-passing-out completion, proxy completion, lost-slip reprint, affidavit name-change effect) could not be verified against any source and are explicitly flagged as unresolved rather than answered speculatively."
Clearance,clearance_logistics_general,8,Not covered,-,,,Not addressed.,Conditional,"General clearance requires personal attendance at your assigned zonal or local government clearance centre with your clearance booklet and identity card, proxy clearance, someone else signing or attending for you, is illegal and penalised.

You generally need your clearance file or booklet for monthly clearance, it's the running record your PPA and LGI sign each month, not a one-time document.

If your PPA has never hosted a corps member before and you're the first one posted there, you or your LGI typically need to source the clearance form format through your LGI or state secretariat rather than expect your PPA to already have one.

The usual sequence after arriving at your PPA is: complete documentation, then proceed to your LGI's designated clearance point. Your PPA supervisor's sign-off happens first, on the clearance form itself, with the LGI or secretariat step following.

Monthly clearance is done physically, not online, you need to be physically present with your form or booklet at the clearance centre.

If you lose your clearance slip or booklet, report it to your LGI to get a replacement, this goes through your LGI or secretariat rather than the dashboard.

You generally shouldn't leave your place of primary assignment before clearance is done for that period, since clearance is meant to verify your presence at your PPA. If you must travel, coordinate with your LGI in advance rather than simply leaving.

Doing clearance in a different state generally isn't standard practice, clearance is tied to your assigned LGA and PPA, so clearing elsewhere, for example due to travel or relocation, needs prior arrangement with your LGI rather than being a routine option.",Clearance requires you to attend your assigned zonal or local government centre in person with your clearance booklet and ID card. Proxy clearance is illegal and penalised.,"Is your question about the clearance process itself, or about a specific problem, like a lost slip, being the first corper at your PPA, or needing to clear elsewhere?","process -> Your PPA supervisor signs first, then you present to your LGI at the designated centre, in person, with your booklet and ID || problem -> A lost slip or a no-form-at-PPA situation should be raised with your LGI directly. Clearing in another state or leaving your PPA before clearance both need prior arrangement with your LGI, not a self-service option","Cross-validated on core clearance logistics and LGI verification procedures (carried over from this project's Batch 1 finding). The first-corper-at-PPA form-sourcing process, lost-slip replacement route, and cross-state clearance handling are reasoned from the core LGI-mediated process rather than separately sourced for these exact scenarios -- flagged accordingly. REKEYED this pass (C1 mechanical rekey, per BUCKET_AB_FINDINGS.md's clean-24 list): content unchanged, labels converted to canonical keys."
Clearance,clearance_ppa_wont_sign,2,Not covered,-,,,Not addressed.,Conditional,"Your PPA's obligation to sign your monthly clearance form isn't optional, it comes from the same posting letter that assigned you there, which formally obligates the organisation to receive, supervise, and clear you for as long as you're posted to them.

If a supervisor refuses to sign, this is usually a workplace dispute, like conflict with a supervisor, disagreement over duties, or the PPA disputing your attendance, rather than something you can resolve alone. Report it to your LGI right away, in person or by letter, with any evidence of attendance like sign-in records, your ID badge, or correspondence. The LGI's role is to mediate PPA disputes exactly like this one, since NYSC, not the PPA, is ultimately responsible for confirming your service.",Take it to your LGI directly with an explanation. The LGI can clear you when the normal PPA signature route isn't available for a documented reason.,Did the LGI's mediation resolve the issue?,"resolved -> Your PPA signs going forward and clearance continues normally. Keep a copy of whatever the LGI used to resolve it in case the same supervisor causes problems again || unresolved -> The LGI escalates to the Zonal Inspector for further intervention. In serious or repeated cases this can lead to NYSC clearing you on the LGI's own attestation instead of the PPA's signature, or to a formal PPA reassignment if the relationship has broken down entirely. Don't stop attending work or stop trying to get cleared while this is unresolved, document everything and keep reporting it","Cross-validated on re-check -- an independent source (Campus Cybercafe's clearance-documents guide) directly confirms the LGI-mediates-PPA-disputes mechanism in the same words used here ('your LGI will mediate between you and your PPA'). The Zonal Inspector escalation step is confirmed to exist as a real tier above the LGI in NYSC's structure, but its specific use for a sign-off refusal wasn't independently found, so that detail is still reasoned rather than fully verified. REKEYED this pass (C1 mechanical rekey, per BUCKET_AB_FINDINGS.md's clean-24 list): content unchanged, labels converted to canonical keys."
Special Circumstances,marital_family_accommodation,9,Covered,PDF/MOBREG,,married,"Married female PCMs upload marriage certificate, evidence of name change, and husband's place of domicile/ID during registration for concessional posting to husband's state.",Conditional,"Married women are required to attend orientation camp, marriage alone doesn't exempt you, you report to camp the same as anyone else in your batch.

The real exemption applies specifically to pregnant and nursing mothers. NYSC has stated explicitly that its camp structure isn't set up to accommodate them, so pregnant or nursing corps members typically aren't lodged inside the camp dormitories, they complete registration and documentation at camp premises but lodge off-camp for the duration, or in some cases apply to fully defer service until after delivery and recovery, via a medical report from a government hospital confirming pregnancy and expected delivery date, submitted before orientation begins.

If you're married, pregnant, or nursing and posted away from your husband's state, you may proceed to the orientation camp in his state of residence instead of your assigned posting state, but only with supporting documents, evidence of marriage, his ID, and evidence of his residence, submitted alongside registration. It isn't automatic just from being married, the documents are what trigger the concession, so submit them at registration rather than assume it will be applied by default.

Beyond initial camp and posting, ongoing PPA-side accommodations, like a nursing mother's teaching schedule, aren't something NYSC's general framework separately guarantees. That kind of workload concession would need to be raised with the PPA directly, or if that's untenable, considered alongside the normal PPA-change process.","Marriage alone doesn't exempt you from camp, you report the same as anyone in your batch. The real concessions apply to pregnant and nursing mothers, and to posting near your husband with supporting documents.","Are you pregnant or nursing, or asking about being posted near your husband while not pregnant or nursing?","pregnant_nursing -> You can lodge off-camp during orientation, or apply to defer service until after delivery with a government-hospital medical report submitted before camp starts || near_husband -> Submit your marriage certificate, husband's ID, and proof of his residence at registration to request camp or posting in his state, this isn't automatic without those documents","Cross-validated directly via official onlinefaq.pdf, mobreg.html, and multiple current 2026 NYSC mobilisation notices for the married-women-must-camp rule, the pregnant/nursing off-camp lodging provision, and the husband's-state concession. The ongoing PPA workload-accommodation question is flagged as outside any confirmed NYSC entitlement rather than guessed at. REKEYED this pass (C1 mechanical rekey, per BUCKET_AB_FINDINGS.md's clean-24 list): content unchanged, labels converted to canonical keys."
Special Circumstances,disability_accommodation,3,Not covered,-,,,No disability-specific accommodation policy found.,Statement,"No official, published NYSC policy document lays out a formal disability-accommodation framework, like housing adaptations or exemption from specific physical activities, for corps members with physical disabilities. Nothing on this was found on NYSC's own site directly.

What is documented, though informally rather than as codified policy, mirrors how pregnant corps members are handled. The camp clinic can issue an exemption letter excusing a corps member from strenuous physical activities, like drills, parades, or route marches, on documented medical or physical grounds, while registration, kit collection, and lectures proceed as normal.

A physical disability by itself isn't one of NYSC's confirmed automatic exemption grounds, which are age at graduation, nine or more months of prior Armed Forces or Police service, and National Honours, so a corps member with a physical disability is still expected to attend and register for service, accommodation for the physically demanding parts of camp is something you request through the camp clinic, not a reason to skip service altogether.

NYSC's ""Hope Alive"" programme has publicly recognized and supported physically-challenged ex-corps members with scholarships and employment consideration after they complete service, which itself confirms the expectation is completing service like any other corps member, not being exempted outright.","NYSC publishes no formal disability-accommodation policy. What's documented informally is that the camp clinic can issue a letter excusing you from strenuous activities like drills and parades, while registration and lectures proceed normally.",,,"The camp-clinic exemption-letter mechanism is extended by analogy from the already-confirmed pregnancy camp-accommodation process (same clinic-issued-letter mechanic), not independently sourced for disability specifically -- flagged as reasoned rather than directly confirmed. The no-automatic-exemption-for-disability-alone point follows directly from the already-confirmed exemption_certificate criteria (self-contained here). The Hope Alive programme's existence and its recognition of physically-challenged ex-corps members is directly sourced from a presidential-anniversary announcement."
Special Circumstances,pregnancy_accommodation,2,Covered,MOBREG,https://www.nysc.gov.ng/mobreg.html,pregnant,Orientation camp is stated as 'highly not ideal' for pregnant and nursing mothers; they will not be accommodated in camp.,Statement,"No, being pregnant doesn't mean a corps member can't serve. What it exempts her from is the three-week camp orientation itself. Pregnant and nursing corps members complete only the initial camp registration and kit collection, then leave, because camp facilities aren't equipped to handle pregnancy-related emergencies. She's still posted to a PPA like every other corps member and completes the service year there.

Married, pregnant corps members are entitled to paid maternity leave, six weeks before and six weeks after delivery, with the monthly allowance continuing throughout, though taking maternity leave means forfeiting the standard three-week terminal leave normally granted at the very end of service.

A pregnant corps member can also request a lighter or more accessible PPA or CDS placement, and if she's married and posted away from her husband, she can apply for a concessional posting to his state of residence, gated on submitting marriage documentation, the same concession available to married corps members generally.","Pregnancy doesn't stop you serving, it exempts you from the three-week camp itself. You complete registration and kit collection, then leave, and you're still posted to a PPA like everyone else.",,,"Cross-validated -- the camp-orientation-only exemption (not a service-year exemption), the resulting posting-and-PPA continuation, and the maternity leave duration and pay are consistent across multiple independent sources, including a 2015 official NYSC Director-General statement explaining the policy's rationale. The husband's-state concession is reused from the already-confirmed marital_family_accommodation finding per the self-containment rule, not independently re-sourced here."
Working & Life During Service,work_side_hustle_during_service,9,Not covered,-,,,Not addressed.,Statement,"NYSC doesn't prohibit having a side hustle or additional skill work during your service year, as long as it doesn't interfere with your PPA attendance, monthly clearance, or CDS participation, those three are compulsory regardless of what else you're doing.

NYSC actually runs its own official avenue for this: the SAED programme, which starts automatically for every corps member in orientation camp and continues afterward through post-camp training, mentorship, and for some participants, business grants or seed funding. So learning a skill or working toward a certification alongside your service isn't just tolerated, it's something NYSC itself structures and encourages. Many corps members also freelance, tutor, or run small businesses independently of SAED, especially given how modest the federal allowance is relative to living costs.

What you can't do is let any of this become a reason for PPA absence, that risks the same consequences as any other unexplained absence, a query, forfeited allowance for that month, or a service extension for repeated cases. This is also why working your current job at a different location while officially serving somewhere else isn't workable as a formal arrangement, you're expected to be physically present and clocking attendance at your assigned PPA, so a job elsewhere would need to fit around that, not replace it, unless you've gone through an official process, like having your existing employer serve as your PPA where that's permitted, or a formal relocation.

On pay: the federal allowance itself is calculated as national minimum wage plus 10%, but that's not the same as being a minimum-wage employee, any side income or PPA-related pay you receive is separate and depends entirely on whatever that employer or client pays.","Nothing NYSC-specific stops you working or learning a skill alongside service, but your assigned PPA still signs your monthly clearance, so it can't replace a real accepted PPA.",,,"Medium-high -- SAED as NYSC's own official skills/entrepreneurship structure (in-camp and post-camp) is confirmed by numerous current NYSC-affiliated and independent sources. The compulsory-attendance constraint is confirmed via the clearance research already done elsewhere in this project. The 'can I work my existing job while serving elsewhere' answer is reasoned from that same attendance requirement rather than a single source stating it explicitly -- flagged as a reasonable extension, not a separately sourced fact."
Working & Life During Service,leave_travel_during_service,4,Not covered,-,,,Not addressed.,Conditional,"Corps members are generally expected to stay in their posted state, and travelling outside Nigeria during service is treated as a listed during-service offence unless you get written permission first. For travel abroad, only the NYSC Director-General personally can approve it, not your PPA employer, not your State Coordinator.

For travel within Nigeria across state lines, permission runs up a chain: your PPA or employer first, then your LGI, then, depending on distance and reason, your Zonal Inspector or State Coordinator. Travelling without this permission is a during-service disciplinary offence, if tried and found guilty by the Corps Disciplinary Committee, the penalty is service extension without pay for double the period of unauthorized absence.

The different day figures you may see for leave describe different leave categories, not one contested number. Personal or casual leave is roughly 1 to 7 days, discretionary, approved by your PPA or State Coordinator. Marriage leave is about two weeks, for female corps members marrying during service. Maternity leave is up to 12 weeks, paid. Sick leave is handled separately, below. Public holidays like Christmas or Eid are commonly reported as a de facto exception corps members travel on without formal paperwork, though this isn't a written official rule either.

Attending a wedding falls under this same travel-with-permission rule as any other personal trip, there's no separate wedding-specific allowance, apply the same way, starting with your PPA and LGI.","You're expected to stay in your posted state, and travel needs permission in advance rather than after the fact. Travelling abroad without written approval is a listed during-service offence.","Is this about travelling abroad, travelling within Nigeria, attending a specific event like a wedding, or sick leave during your PPA service?","abroad -> Written Director-General approval is required, apply well ahead of time || within_nigeria -> Get permission from your PPA, then your LGI, then your Zonal Inspector or State Coordinator as needed || wedding_event -> Same permission chain as any personal trip || sick_leave -> There's no fixed, officially published number of sick days, it's handled informally between you, your PPA, and your LGI. If you're seriously ill, write a sick-leave letter to your PPA supervisor explaining the situation, and separately inform your LGI with medical documentation so any absence gets recorded rather than treated as unexplained","Cross-validated for the permission chain, the abroad-needs-Director-General-approval rule, and the disciplinary penalty (extension without pay, double the absence period) -- corroborated across multiple guides and an NYSC Director-General's own public statement on unauthorized travel. The '7 days vs. 2 weeks' figures are resolved as a type-conflation, not a genuine numeric conflict -- they describe separate leave categories (personal/casual, marriage, maternity) rather than one contested 'annual leave' number; sourced to the cross-validated third-party pattern, not a specific Bye-Laws rule number. The DSSC-requires-NYSC-certificate rule is directly sourced from multiple current (2026) DSSC recruitment listings (Army and Air Force). SPLIT this pass (D2-14/C2): the DSSC paragraph moved out to the new dssc_during_service intent -- this fork now covers abroad/within-Nigeria/wedding/sick-leave only. Sick leave folded in from the health_medical_accommodation dissolve (arm 1, D2-15) as the 4th leave category -- this was flagged as a gap and fixed in this same pass."
Working & Life During Service,disciplinary_query,2,Not covered,-,,,Not addressed.,Conditional,"A query letter is a formal written request from NYSC, issued by your LGI, Zonal Inspector, or State Coordinator, sometimes triggered by a negative report from your PPA, asking you to explain in writing why you took an action that goes against NYSC's rules. It's not a dismissal notice, it's your chance to explain before any decision is made.

Reply promptly and in writing, many queries expect a response within 24 to 48 hours. Address the specific incident honestly rather than denying it happened, explain the circumstances, attach any supporting evidence like medical reports, earlier written notifications, or witness statements, and keep copies of everything you submit. Don't assume your PPA will advocate for you, send your response and evidence directly to your LGI as well.

Ignoring a query, or being found to have genuinely broken NYSC's rules without adequate explanation, is what puts your Discharge Certificate at risk at the end of service, that's the mechanism connecting a query to that consequence, not an automatic penalty by itself.

Refusing to go to camp after receiving a call-up letter is a different, lower-stakes scenario than an in-service disciplinary query. Simply not showing up to a specific camp date carries no formal legal penalty by itself, you just miss that batch or stream and would need to go through NYSC's revalidation process to be mobilized again for a later batch. This is distinct from never intending to serve at all. Without a Discharge or Exemption Certificate you generally can't be formally employed by government agencies, can be blocked from professional practising licenses that require it, and can be barred from holding public office. That's written into the NYSC Act, not just employer preference.","A query letter is a formal written request to explain an action in writing, not a dismissal. Reply promptly, often within 24 to 48 hours, addressing the incident honestly rather than denying it.","Have you actually received a query letter for something during service, or are you asking about not attending camp at all?","query_received -> Respond in writing within the given deadline, explain honestly with evidence attached, and copy your LGI || not_attending -> No formal penalty for simply not showing up. Use NYSC's revalidation process to join a later batch when ready","Query-letter response guidance is cross-validated across several dedicated guides that consistently describe the same structure (respond in writing, explain rather than deny, attach evidence, copy your LGI). The no-formal-penalty-for-simply-not-attending-camp finding is corroborated across a call-up-letter guide and consistent forum reports, but is not drawn from an official published NYSC document -- flagged as commonly reported rather than officially confirmed. REKEYED this pass (C1 mechanical rekey, per BUCKET_AB_FINDINGS.md's clean-24 list): content unchanged, labels converted to canonical keys."
General / Meta,general_meta_about_nysc,11,Not covered,guide,,,"Compulsory for graduates under 30 at graduation. Main legitimate exits are age 30+, permanent incapacitation, or qualifying prior military/paramilitary service -- via an Exemption Certificate, not by simply not registering.",Statement,"NYSC, the National Youth Service Corps, was established in 1973 to promote national unity, integration, and development by deploying Nigerian graduates to serve for one year, generally in a state other than their state of origin.

It's compulsory under the NYSC Act for eligible graduates, Nigerian university or polytechnic graduates and approved foreign-trained graduates, generally under 30 at graduation. It's not optional for those who meet the eligibility criteria, including graduates who don't currently plan to live in Nigeria afterward, there's no exemption based on future relocation plans.

You can't skip service and still receive the NYSC Certificate, it's issued specifically for completing the service year, or qualifying for exemption or exclusion under the statutory grounds. There's no route to the certificate without either serving or formally qualifying for exemption.

A PPA, or Place of Primary Assignment, is where you're posted to work during your service year. It's assigned mainly on your course of study and the receiving state's stated needs, with NYSC making the final call.","NYSC was established in 1973 to promote national unity by deploying Nigerian graduates for one year, usually outside their state of origin. It's compulsory under the NYSC Act for eligible graduates, not optional.",,,"Cross-validated for core mandate, purpose, mandatory nature, and certificate-requires-completion-or-exemption logic against official nysc.gov.ng sources. The 'is NYSC a waste of time' question is intentionally not answered as fact since it's subjective; 'did a batch round up service in the last two weeks' is too time-specific to answer reliably here and should be checked on NYSC's current dashboard/announcements instead. TRIMMED this pass (T-11): dropped the 'is it worth it' opinion content entirely (no factual answer to give); tightened the PPA definition to one line + cross-reference to the PPA-cluster intents."
General / Meta,nysc_purpose_history,1,Not covered,guide,,,"Established 1973, post-civil-war, to deliberately mix graduates from different regions/ethnic backgrounds by posting them outside their home state, aiming to reduce purely tribal thinking.",Statement,"NYSC exists because of a specific historical decision, not generic national-service tradition. General Yakubu Gowon's government created it in May 1973, three years after the Nigerian Civil War ended, specifically to help repair the ethnic and regional fractures the war exposed, by deliberately sending young graduates to serve outside their own state and region of origin.

The scheme's stated aims go beyond simply bridging school and the job market: national unity and integration across Nigeria's diverse ethnic, religious, and regional lines, developing common ties among Nigerian youth, encouraging self-reliance, and exposing graduates to opportunities and living conditions outside their home area.

Practically, that's why you can't simply skip to job-hunting. NYSC is a legal requirement under the National Youth Service Corps Act for eligible graduates under the scheme's age criteria, and the Discharge or Exemption Certificate it produces is what most Nigerian employers, especially government ones, require before formally hiring you. The reason behind it is written into decades-old federal law, not just tradition or convenience.","General Gowon's government created NYSC in May 1973, three years after the civil war, specifically to help repair ethnic and regional fractures by posting graduates outside their own state and region of origin.",,,"The founding facts (1973, General Gowon, post-civil-war national-unity rationale) are well-established historical record, consistent across every source encountered in this project that touches NYSC's background. The legal-requirement framing is corroborated by the same NYSC Act citation used elsewhere in current guides discussing consequences of not serving."
General / Meta,nysc_skip_consequences,1,Not covered,guide,,,"No Discharge or Exemption Certificate typically blocks government employment and many professional certifications in Nigeria -- enforced by exclusion from those, not by force.",Statement,"Skipping NYSC altogether, not just missing one camp date, but never completing service at all despite being eligible, carries real, lasting consequences under Nigerian law. Without a Discharge or Exemption Certificate, you generally can't be formally employed by government agencies, may be blocked from certain professional practising licenses that require it, and can be barred from holding public office. This is written into the NYSC Act itself, not just informal employer preference.

In practice this mostly bites at the hiring stage. Many private employers also ask for it, and some international opportunities or visa applications have asked applicants to show it as proof of no outstanding national obligations.

This is distinct from a temporary lapse, like missing your call-up date or being unable to complete a specific batch, which is recoverable through revalidation or remobilization. Deliberately walking away from the scheme entirely, with no intention of ever completing it, is the scenario that produces the lasting employment-eligibility consequences described here.","Never completing service has lasting legal consequences. Without a Discharge or Exemption Certificate you generally can't be formally employed by government, may be blocked from some professional licences, and can be barred from public office.",,,"The legal-consequence framing (NYSC Act, employment bar, public-office bar) is corroborated by a dedicated source citing the Act directly. Specific real-world enforcement details -- how consistently this is actually checked beyond formal employment screening -- are not independently verified here, so this is presented as the stated legal provision rather than a confirmed enforcement track record."
General / Meta,nysc_year_structure,2,Not covered,guide,,,"Three weeks orientation camp, then eleven months working at your PPA plus a weekly community project (CDS) -- a full working role, not idle time.",Statement,"NYSC officially describes the service year as four sequential stages, its own cardinal programmes: Mobilisation (registration and posting), Orientation (the three-week camp), Primary Assignment (roughly 11 months at your PPA, doing your actual work plus weekly Community Development Service), and Winding-Up, or Passing-Out Parade (the final ceremony marking completion).

It's structured around that full roughly year-long cycle because the stated integration and exposure goals of the scheme depend on more than just the camp, the bulk of the actual community and workplace immersion happens during the Primary Assignment stage, not orientation.

Within that year, you're expected to actually work at your PPA, attending regularly, getting monthly clearance signed off, and avoiding unauthorized absence, participate in weekly CDS activities in your local area, and pass a series of checkpoints, monthly clearance and CDS project completion, that all feed into whether you're issued a Discharge Certificate at the end.","The service year runs in four stages: Mobilisation, the three-week Orientation camp, Primary Assignment for roughly eleven months at your PPA with weekly CDS, then Winding-Up and the Passing-Out Parade.",,,"The four-cardinal-programmes structure is directly sourced from NYSC's own stated objectives, as referenced in a 2015 official Director-General statement explaining the pregnancy-exemption policy in terms of those four stages. The ""why specifically a year"" reasoning is inferred from that structure rather than a direct official statement answering that exact framing of the question."
Terms & Lookups,nysc_terminology_corper,1,Not covered,guide,,,Informal Nigerian term for a serving corps member.,Statement,"""Corper"" is informal Nigerian slang for someone currently serving in NYSC, from ""Corps"" in ""National Youth Service Corps."" People use it everywhere casually, on campus, on social media, in everyday conversation, but it's not NYSC's official term. Call-up letters, certificates, and the portal all say ""Corps Member."" You won't see ""Corper"" on anything official, only informally.","Corper is informal slang for someone currently serving, from Corps in National Youth Service Corps. The official term is Corps Member, and that's what appears on call-up letters, certificates and the portal.",,,"Straightforward terminology fact, consistent across every casual source encountered throughout this project. Not independently sourced against an official document since it's explicitly informal slang, not NYSC policy or terminology."
Orientation Camp,state_secretariat_location,6,Not covered,-,https://www.nysc.gov.ng/secretariat.html,,Not addressed as its own intent previously.,Conditional,"The State Secretariat is different from the orientation camp. Camp is only for the three week orientation, while the State Secretariat is where you handle monthly clearance, corrections, relocation approvals, and other official matters for the rest of your service year. Monthly clearance itself actually happens at your assigned Local Government Secretariat under your Local Government Inspector (LGI), not the State Secretariat directly, though the State Secretariat is the higher administrative office for your state.

Here's the full list:

Abia: St. Finbarr's Rd, PMB 7225, Umuahia. Adamawa: PMB 2252, Jimeta-Yola. Akwa Ibom: PMB 1087, Uyo. Anambra: 12 Okpora St, PMB 4042, Amawbia, Awka. Bauchi: Turaki Abdu Rd, Fadamar Mada, PMB 85. Bayelsa: Block 7, Flat 1-4, Phase II, Civil Service/FRSC Rd, Yenagoa. Benue: Railway Bye-pass, PMB 2358, Makurdi. Borno: Kashim Ibrahim Rd, PMB 1124, Maiduguri. Cross River: KM5, Murtala Muhammed Way, Ikot Ansa, Calabar. Delta: Federal Secretariat, PMB 5004, Asaba. Ebonyi: 17 Nkwerre St, GRA, Abakaliki. Edo: 2 Red Cross Rd off Ikpokpan Rd, GRA, Benin City. Ekiti: KM2 Iyin Rd, PMB 5302, Ado-Ekiti. Enugu: 2 Abakaliki Rd, GRA, PMB 1293, Enugu. Gombe: F.M.C/Ashaka Rd, PMB 036, Gombe. Imo: Mbano St, Aladinma Housing Estate, Owerri. Jigawa: Kigawa Rd, PMB 7049, Dutse. Kaduna: Unguwa Rimi, PMB 2201, Kaduna. Kano: Gwarzo Rd, PMB 3137, Kano. Katsina: Federal Secretariat Complex, PMB 2034, Katsina. Kebbi: 4 Patrick Aziza Rd, PMB 1043, Birnin Kebbi. Kogi: Lokoja-Okene Rd, Lokongoma Phase 1, PMB 1046. Kwara: Ahmadu Bello Way, PMB 1512, Ilorin. Lagos: Old Census Office, Babs Animashaun St, Surulere. Nasarawa: 26 Makurdi Rd, PMB 31, Lafia. Niger: Bosso Rd, PMB 83, Minna. Ogun: Mini Secretariat, Oke-Ilewo, Abeokuta. Ondo: Federal Govt Secretariat, PMB 718, Akure. Osun: New Ikirun Rd, PMB 4370, Oshogbo. Oyo: Mech. Drive, PMB 5500, Ibadan. Plateau: Old Miango Rd, PMB 2258, Jos. Rivers: 40 Ikwerre Rd, Mile One, PMB 5210, Port Harcourt. Sokoto: Birnin Kebbi Rd, Sokoto. Taraba: 118 Hammaruwa Way, PMB 1058, Jalingo. Yobe: Phase 1, PMB 1026, Damaturu. Zamfara: Sokoto Rd, Gada Biyu, PMB 1026, Gusau. FCT: No. 6 Lasale St, off Shehu Shagari Way, Maitama, beside CBN Training Centre, Abuja.

One note on FCT: Abuja has both the State/Zonal Secretariat, for FCT corps members' own affairs, and the separate National Head Office, for escalations and national queries. Don't confuse the two.","The State Secretariat is your state-level NYSC office, above both the camp and your LGA office, and it is where corrections, relocation approvals and anything your LGI cannot settle get handled. Monthly clearance itself happens at your Local Government Secretariat under your LGI.",Just tell me your state and I'll give you the exact address.,no_match -> Tell me your state by name and I'll give you the exact address from the list above,"Cross-validated -- addresses sourced from a compilation cross-checked against the official nysc.gov.ng/secretariat.html snippet retrieved directly, which agree wherever both sources could be compared. Monthly-clearance-happens-at-LGA-not-state-secretariat distinction independently confirmed across multiple current sources."
Orientation Camp,nysc_headquarters_location,6,Not covered,-,https://www.nysc.gov.ng/directorate.html,,Not addressed as its own intent previously.,Statement,"The NYSC national headquarters, also called the Directorate Headquarters or National Head Office, is located at Plot 416, Tigris Crescent, off Aguiyi Ironsi Street, Maitama, PMB 138, Garki, Abuja.

This is the national escalation point, not where most corps members handle routine matters. For day-to-day issues like clearance, corrections, or relocation, your own State Secretariat or Local Government Secretariat is the right place, not the national HQ.","NYSC Headquarters is at Plot 416, Tigris Crescent, off Aguiyi Ironsi Street, Maitama, Abuja. Use your State Secretariat for clearance, corrections and relocation. If unresolved there for over two months, escalate by written petition to the Director-General.",,,Cross-validated -- confirmed identically across the official nysc.gov.ng/directorate.html page and multiple independent sources.
Orientation Camp,lgi_office_location,8,Not covered,-,,,Not addressed as its own intent previously.,Procedural,"There's no fixed, publishable address list for this one. NYSC has Local Government Secretariats across all 774 LGAs nationwide, plus 6 within the FCT, and which one is yours depends entirely on where you're posted.

You'll be told your specific LGA Secretariat and assigned Local Government Inspector once you're posted to your PPA. It's on your posting documentation, and your LGI will also connect with you directly. If you're unsure, ask at your State Secretariat, since they oversee all the LGA Secretariats under them.

Monthly clearance happens at this LGA Secretariat, not at your PPA and not at the State Secretariat.",You're told your LGA Secretariat and your assigned Local Government Inspector once you're posted to your PPA. Which one is yours depends entirely on where you're posted.,,,"Reasoned -- the 774-LGA structure and clearance-happens-at-LGA-secretariat point are independently confirmed across multiple current sources; no single authoritative address list exists for all 774 offices, so this is deliberately guidance rather than a lookup table."
Posting & PPA,ppa_course_matching,7,Not covered,-,,,Not addressed as its own intent previously.,Conditional,"Course of study genuinely influences PPA tendency, but it doesn't guarantee outcome. Over 70% of all corps members end up posted to education or schools regardless of field, because of a nationwide teacher shortage. Non-education graduates, engineers, geologists, scientists, commonly get posted to teach subjects like Mathematics or Basic Science even when their course has nothing to do with education. Treat everything below as a tendency shaped by course, state need, and PPA availability, not a formula or a guarantee.

Broadly, by field:

- Engineering: mechanical, electrical, civil, chemical, petroleum and mechatronics often get infrastructure or technical roles in private firms like construction, oil and gas, or telecoms, or in government ministries, but a large share still end up teaching due to the shortage above.
- Medical and Health Sciences: medicine, nursing, pharmacy, physiotherapy, medical lab science, dentistry and public health go to hospitals and health facilities, government or private. This is the field with the most direct, reliable field-to-PPA match.
- Education: schools, primary or secondary, the most direct match of all fields.
- Sciences: biology, chemistry, physics, geology, biochemistry, mathematics and statistics are mixed. Some land in labs or government agencies relevant to their field, many end up teaching, and geology graduates specifically are commonly cited as ending up in classrooms despite an unrelated course.
- ICT and Computing: computer science, software engineering, information technology, cybersecurity and data science sometimes get tech firms or digital agencies, a genuinely desirable match when it happens, but availability is concentrated in urban states, so many still get posted to schools or ministries instead, especially outside major cities.
- Agriculture: agriculture, agric economics, animal science, crop science, forestry and fisheries go to agricultural ministries, extension programs, or research institutes, a growing but still smaller category of PPA than education.

Law graduates go to law firms, ministries of justice, courts, or corporate legal departments.

Social Sciences, Management, and Business (economics, accounting, business admin, banking and finance, mass communication, political science, public administration, sociology, psychology) go to government ministries, banks, private firms, and NGOs.

Arts and Humanities (English, history, linguistics, philosophy, theatre arts, fine arts, religious studies) commonly go to schools for teaching, also media houses and NGOs.

Environmental and Built Environment fields (architecture, estate management, urban and regional planning, building, quantity surveying, surveying and geoinformatics) go to construction firms, government planning agencies, or private real estate firms.

You're not locked into your field if you want to switch either. To change PPA outside your original course entirely, you first need your current PPA to formally reject you, they sign a rejection letter stating they won't take or keep you. Then you find a new organization willing to take you and get an acceptance letter from them. You take both letters to your LGI or State Secretariat, and they reprint your posting letter with the new PPA. Nowhere in this process does anyone check whether your course matches the new PPA, the real challenge is finding an organization willing to say yes to you, not whether it fits your discipline.","Your course shifts the odds, it does not decide the outcome. Over 70% of all corps members are posted to schools whatever they studied, because of the nationwide teacher shortage, so treat any field-to-PPA pattern as a tendency rather than a rule.",Just tell me your course of study and I'll give you the pattern for that field.,,"Cross-validated -- the course-influences-but-doesn't-guarantee-PPA principle, and the specific '70%+ posted to education due to teacher shortage, including geology graduates teaching English' finding, are confirmed across multiple independent current sources. The field-to-PPA tendencies (medical->hospitals, education->schools, ICT->tech firms when available, engineering->infrastructure/technical) are each independently corroborated across 3+ sources. Agriculture, Law, Social Sciences, Arts, and Environmental/Built Environment bucket patterns are reasoned from the same general course-of-study-influences-sector logic already confirmed for the other fields, not independently re-sourced per bucket -- treat these as reasoned rather than directly verified for each specific field."
Posting & PPA,ppa_checking_process,7,Not covered,-,https://portal.nysc.org.ng,,"Distinct from ppa_documentation/ppa_rejection_reposting -- pure how-to-view mechanic, not covered before.",Procedural,"Your PPA posting letter becomes available on your NYSC portal dashboard once your posting has been processed, usually right after orientation camp closes. Most corps members collect a printed copy from their platoon leader on camp's final day, but if you missed it, or you applied for relocation and got reassigned afterward, you can always retrieve it online instead.

Log into portal.nysc.org.ng with your registered email and password, go to your dashboard, look for ""Check Posting"" or ""Print PPA Letter,"" then download and print it. The letter shows your assigned Local Government Area, the organization you're posted to, terms and conditions of the posting, an acceptance or rejection section, and the names of your Local Government Inspector and Zonal Inspector.

If it's not showing yet, refresh, try again after some time, and check back within 24 hours before assuming something's wrong. Posting letters roll out gradually across a batch, not all at once.","Your PPA posting letter appears on your dashboard once posting is processed, usually right after camp closes. Log into portal.nysc.org.ng and use Check Posting or Print PPA Letter if you didn't collect a printed copy.",,,Cross-validated -- portal steps and letter contents confirmed identically across 6+ independent current sources.
End of Service,pop_explainer,8,Not covered,-,,,Not addressed as its own intent previously.,Statement,"POP, or Passing Out Parade, is the official ceremony marking the end of your one year service, typically held at the Local Government or state level depending on your state.

Before POP, you attend a final exit briefing and clearance review, and submit your final clearance letter from your PPA. Final clearance is the paperwork that unlocks your certificate, POP is the ceremony where you collect it. On the day itself, you hand in your NYSC ID card in exchange for your Discharge Certificate, which is the same document as your Certificate of National Service, just a naming difference. You take part in the parade, and outstanding corps members may receive a State Honours Award. It's usually presided over by the state governor or a senior state official.

If you miss your POP date, you can still collect your certificate at the State NYSC Secretariat, typically within one month of the ceremony.

One naming update worth knowing, as of mid-2026 NYSC has been transitioning toward calling this event a Graduation Ceremony rather than POP. The certificate and legal completion of your service year carry the same weight either way, but you may see both terms in use depending on when your batch passes out.","POP is the Passing Out Parade at the end of your service year, where you hand in your NYSC ID and receive your Discharge Certificate. Miss it and you can collect at the State Secretariat within about a month.",,,"Cross-validated for the core ceremony/certificate mechanics, confirmed across 7+ independent sources. The 'Graduation Ceremony' rename is a single-source, recent (within weeks) finding -- flagged in the answer as an evolving update rather than stated as fully settled, since other current sources from the same period still use 'POP.'"
Terms & Lookups,term_lookup,9,Not covered,-,,,"New utility intent -- extraction (term/code from message) + dict lookup, not a branching Conditional.",Statement,"Two kinds of lookups live here: NYSC glossary terms, and institution codes used in your call-up number.

Glossary: PCM is Prospective Corps Member, before you're mobilised. CDS is Community Development Service, your weekly community project throughout service. SAED is Skill Acquisition and Entrepreneurship Development, the skills training NYSC runs. PPA is Place of Primary Assignment, where you serve after camp. LGI is Local Government Inspector, who oversees corps members in your LGA and handles your monthly clearance. Senate List is your institution's official list of graduates submitted to NYSC, required before you can register. Green Card is the informal name for your NYSC identity card. Batch and Stream refer to the three yearly mobilisation batches, A, B, C, each split into Stream 1 and 2, determined by your institution's Senate List upload timing. Revalidation means reactivating your registration if you were deployed in a previous batch but didn't report to camp. Ajuwaya is camp slang from the military command ""As You Were,"" used informally to address corps members. Exemption Certificate is issued to those excused from service entirely, for example due to age or prior service. Exclusion Letter is issued when NYSC determines you're not eligible to participate. Allowee is informal slang for allowance, the monthly stipend paid to corps members. Corper is informal slang for a serving member, from Corps, though the official term is Corps Member. State Code is your official NYSC ID number issued after camp registration, containing your state abbreviation, year and batch, and a unique serial number, distinct from your Call-Up Number. Call-Up Letter is the document issued before camp informing you of your deployment, orientation camp location, and reporting date. PV stands for Payment Voucher, the document you sign before receiving your monthly allowance. LGA is Local Government Area, the district-level unit your LGI oversees. Domicile Letter is a letter from a husband to NYSC requesting his wife's redeployment to his state of residence. Decampment is involuntary removal of a Prospective Corps Member from orientation camp, usually for a rules breach. Ghost Corper describes a corps member who doesn't participate in service activities but still collects allowance, risky and against NYSC rules. Mami Market is the market inside orientation camp selling food, provisions, and services. Otondo is camp slang, often used by soldiers, for new or mistake-making corps members. CLO is Corps or Community Liaison Officer, linking corps members with the host community.

One naming note: ""Discharge Certificate"" and ""Certificate of National Service"" are the same document, not two different things. Discharge Certificate is the common name people use, Certificate of National Service is the official name printed on it.

Institution codes: your call-up number follows the format NYSC/Institution Code/Year/Serial Number, for example NYSC/LAG/2026/008343 means University of Lagos, 2026 mobilisation. Common codes: IFE is Obafemi Awolowo University (OAU). FCT is University of Abuja (UNIABUJA). NUA is Nnamdi Azikiwe University (UNIZIK). ABU is Ahmadu Bello University. UNN is University of Nigeria, Nsukka. LAG is University of Lagos. IBD is University of Ibadan (UI). BEN is University of Benin (UNIBEN). ILR is University of Ilorin (UNILORIN). LAS is Lagos State University (LASU). BUK is Bayero University Kano. ADS is Adekunle Ajasin University (AAUA). UCA is University of Calabar (UNICAL). UJO is University of Jos (UNIJOS). UPH is University of Port Harcourt (UNIPORT). UNM is University of Maiduguri (UNIMAID). UDU is Usmanu Danfodiyo University (UDUS). FUTM is Federal University of Technology Minna. FUTA is Federal University of Technology Akure. FUTO is Federal University of Technology Owerri. UNA is Federal University of Agriculture Abeokuta (FUNAAB). DEL is Delta State University Abraka (DELSU). EBS is Ebonyi State University (EBSU). YAB is Yaba College of Technology. KWP is Kwara State Polytechnic. FPI is Federal Polytechnic Ilaro. FPA is Federal Polytechnic Ado-Ekiti. FPN is Federal Polytechnic Nekede. FPO is Federal Polytechnic Offa. IMT is Institute of Management and Technology Enugu. KAP is Kaduna Polytechnic. MAP is Moshood Abiola Polytechnic. AUP is Auchi Polytechnic. FRN is a category code for foreign-trained graduates, not a single institution. EXC and REM are internal tracking categories for exemption and remobilization. A letter suffix is sometimes added to the year to indicate stream, for example 2026A for Batch A Stream I.

Concessional Posting means requesting posting near your husband, on marital grounds, or based on a serious health condition, requested during registration itself, not after.",,,,"Glossary terms cross-validated against multiple independent sources (PCM, CDS, Batch/Stream, Revalidation, Ajuwaya, Discharge-Certificate-equals-CNS all independently confirmed). Institution codes sourced from the user's own compiled reference (internal NYSC records + community verification + sample call-up letters); spot-checked LAG=UNILAG and FUTO against independent sources with no conflict found, but the remaining codes were not individually re-verified beyond that spot check. Concessional Posting definition matches this project's own confirmed marital_family_accommodation/health_medical_accommodation content."
Redeployment & Relocation,multiple_redeployment,8,Not covered,-,,,"Not addressed as its own intent previously -- existing relocation intents assume a single relocation, not a second/subsequent one.",Statement,"There's no hard rule capping you at one relocation, but each additional request is judged on its own merit and gets harder to justify the more times you've already moved. NYSC expects a genuine, documented ground each time, health, marital, security, or a PPA-side issue like non-acceptance, not relocation for its own sake.

A second or later relocation goes through the exact same process as the first: valid grounds, required documents, clearance with your current state's coordinator before a new relocation letter can be printed, and the same reporting-window expectations at the new PPA. Repeated requests without clear new grounds each time are more likely to be questioned or delayed by your state secretariat, since the 21-day reporting window and posting principles still apply. There's no separate ""multiple relocation"" track or extra allowance for having already moved once.","There's no cap on relocating more than once, but each request is judged on its own merit and gets harder to justify. You need genuine documented grounds every time.",,,"Reasoned -- extends the already-confirmed single-relocation process and grounds requirements (from relocation_general_process and relocation_documents_grounds) to the multiple-request case; no dedicated source specifically addressing repeat relocations was found, so the 'gets harder to justify each time' framing is inference from how NYSC treats relocation grounds generally, not a directly confirmed rule."
Registration & Eligibility,siwes_vs_nysc,6,Not covered,-,,,"Common beginner mix-up, not addressed anywhere in the existing 130 intents.",Statement,"SIWES, the Students Industrial Work Experience Scheme, and NYSC are completely unrelated programmes, despite both being compulsory and both involving industrial or service placements, a common beginner mix-up.

SIWES happens during your degree, for specific courses, mainly technical or vocational ones, that require a supervised industrial attachment as part of graduation requirements, coordinated by the Industrial Training Fund and your school.

NYSC happens after you've fully graduated, for essentially all graduates regardless of course, and has nothing to do with your school or the Industrial Training Fund.

Completing SIWES doesn't count toward, replace, or affect your NYSC service in any way, they're sequential, separate obligations, not the same thing under two names.","They're unrelated programmes. SIWES is an industrial attachment during your degree, coordinated by the Industrial Training Fund and your school. NYSC happens after you've fully graduated.",,,"Reasoned -- general knowledge of SIWES/ITF structure and its independence from NYSC; not individually re-sourced this session, but the core distinction (during-degree vs post-degree, ITF vs NYSC, no crossover) is well-established and uncontested."
Posting & PPA,posting_influence,78,Not covered,-,,,No official mechanism described for choosing/influencing PPA.,Conditional,"Two separate mechanisms exist here, and it matters which one you're asking about: which state you're posted to, or a specific PPA.

Either way, NYSC does not sell state postings, PPA placements, or redeployments through any unofficial channel. Anyone, including someone claiming to be NYSC staff, who offers to guarantee your preferred state or PPA for a fee outside the official portal is a scammer. A genuine PPA request letter is free to submit and never guarantees the outcome, a promised guaranteed result for payment is the warning sign.

Your class of degree doesn't come into it either. Posting goes by your course of study, the receiving state's needs, and quota.","You can state preferred states at registration and submit a PPA request letter, but neither is guaranteed. Nothing else works: NYSC doesn't sell postings, and anyone charging a fee to guarantee one is a scammer.","Are you asking about which state you're posted to, or a specific PPA?","state -> During registration you pick several preferred states, commonly three or four, excluding your state of origin and your state of study, since posting you away from home is the deliberate norm.
NYSC weighs your choices against each state's capacity and makes the final call. The only other documented lever is concessional posting on marital or health grounds, requested during registration itself with supporting documents. || ppa -> The one semi-reliable lever is a PPA Request Letter: get the organisation to write to your NYSC State Coordinator on letterhead, signed and stamped, and submit it at camp registration or to your LGI afterwards.
There's no public list of registered PPAs to check yourself, so ask your LGI or State Coordinator about a specific organisation. Without a letter, PPA assignment follows your course of study and the receiving state's needs.","Cross-validated on the PPA request-letter mechanism and the state-preference-list step (5+ independent sources, re-confirmed this pass). Added: no public PPA registry exists, so verification has to go through the LGI/State Coordinator -- reasoned from the absence of any source describing a public list, not from a source confirming the negative directly. The academic-performance/class-of-degree factor and the already-posted 'move me to another state' scenario remain explicitly flagged as unverified. Re-tagging pass complete: the concessional-deployment call-up question was moved to callup_number_delay. MERGED + RENAMED this pass (C2): ppa_choice_influence's own answer already opened with '(1) State-level... (2) PPA-level,' fully containing state_of_deployment_choice -- two intents covering the same state mechanism meant a state question could match either, a built-in misclassification risk. Restructured into a single state-vs-PPA fork subsuming both old forks. Renamed ppa_choice_influence -> posting_influence since it now covers state posting as well as PPA."
Orientation Camp,kit_footwear_extra_pair,11,Not covered,-,,,Not addressed.,Statement,"A spare pair is heavily advised, though not required by any rule. One pair can technically get you through camp, but between mud on rainy postings, laundry-day timing (wash your only pair and there's a real chance it won't dry before the next parade), and inflated prices for emergency footwear inside Mammy Market, most guides treat a backup as worth the money.

If you're only bringing one extra, a synthetic or rubber pair is the more useful second choice, since it doesn't absorb water and dries fast, unlike canvas.

Camp officials don't check how many pairs you own, they only care that you're in the white-on-white dress code when required. So this is purely a comfort and practicality call, not something you'll be penalized for skipping.","No rule requires a spare pair, but it's heavily advised. Mud, laundry-day drying time and inflated Mammy Market prices make a backup worth the money, and rubber or synthetic dries fastest.",,,"SUPERSEDED BY camp_kit (intents merged) -- text folded into the camp_kit answer, row kept here for provenance. Rewritten this pass -- reasoned/commonly-reported, no official NYSC rule on footwear quantity."
Working & Life During Service,dssc_during_service,8,Not covered,-,,,Not addressed.,Statement,"No, all three services, Army, Navy, and Air Force, require your NYSC Discharge Certificate, or Certificate of Exemption if you qualify for one, before you can apply or be screened for DSSC. Being a serving corps member disqualifies you until you've passed out.

An exemption letter only substitutes for the discharge certificate if you're genuinely exemption-eligible, for example graduated above 30, or another statutory exemption. A regular corps member needs the actual discharge certificate, not an exemption letter.

You can watch for the portal opening and get your other documents ready in advance, but you won't be able to complete a valid submission until you can upload or present the discharge certificate itself, so most applicants time it around their POP month.","No. Army, Navy and Air Force all require your NYSC Discharge Certificate, or a Certificate of Exemption if you qualify, before you can apply or be screened for DSSC. Serving disqualifies you until you've passed out.",,,Rewritten this pass -- confirmed against Army/Navy/Air Force DSSC entry requirements.
General / Meta,out_of_scope,20,,,,,,chitchat,That's outside what I can help with. I'm focused on NYSC questions.,,,,"Handled via chitchat.py CHITCHAT_REPLIES[""out_of_scope""], not a KB-content answer -- this row exists so the classifier can be trained to predict this intent, since dialogue_manager.py checks for it directly (line ~795)."
Orientation Camp,camp_kit,,Not covered,-,,,Not addressed.,Procedural,"Here's the consolidated kit for orientation camp.

Documents: bring originals plus 2 to 3 photocopies of each, in a labelled waterproof folder. That means your Call-Up Letter, Green Card, degree certificate or Statement of Result, WAEC or NECO result, birth certificate or age declaration, medical fitness certificate from a government or military hospital, a valid ID, your JAMB result slip, and at least 12 passport photographs.

On your school ID card specifically, if it's lost or expired, a letter of identification from your school carrying your passport photograph and the school stamp is the commonly accepted substitute, and it's worth bringing your department ID card alongside it. An ID showing an expiry date earlier than your actual graduation year, say a strike pushed your graduation from 2014 to 2015, is generally not a problem, since your Call-Up Letter and Statement of Result are what establish who you are. Neither case has a confirmed NYSC rule behind it though, so carry every form of identification you have rather than rely on one.

Clothing: NYSC issues white T-shirts, commonly two, plus shorts, socks, sneakers, and the full khaki uniform at camp, but quality and fit are widely reported as inconsistent. Bring 2 to 3 extra plain white T-shirts and shorts, extra white socks, and your own pair of plain white sneakers for daily wear. Don't bring your own khaki, it's issued at camp.

On the white T-shirt, the consistent requirement everywhere is plain white with no prints or logos, not the collar shape, so V-neck and round-neck are both fine, with round-neck the more common default if you'd rather not stand out. Small logos and crested vests or polos, a Polo Ralph Lauren for example, work against the plain-white requirement, so keep those for mufti rather than parade. Three of your own is a frequently recommended baseline for the full three weeks, though that's a comfort and laundry-frequency choice, not a fixed camp requirement.

On footwear, NYSC issues a white canvas sneaker but the quality is consistently reported as poor and flimsy, which is why nearly every packing guide recommends bringing your own plain white pair as a backup for daily wear, drills, parade, and general camp movement. Any plain white sneaker style is commonly accepted, tennis shoes aren't the only option, as long as it's genuinely all-white with no large contrasting logo or colour panel. Camp dress code calls for white-on-white and anything that visibly breaks that risks standing out at inspection, though there's no official published spec on exact logo size. A spare pair is heavily advised but not required by any rule. Between mud on rainy postings, laundry-day timing, wash your only pair and there's a real chance it won't dry before the next parade, and inflated prices for emergency footwear inside Mammy Market, most guides treat a backup as worth the money. If you're only bringing one extra, a synthetic or rubber pair is the more useful second choice, since it doesn't absorb water and dries fast, unlike canvas. Camp officials don't check how many pairs you own, they only care that you're in the white-on-white dress code when required.

Mufti: you'll need casual clothes for evenings, weekends, and off-parade hours, and 3 to 5 outfits is the common baseline. Mufti is fine at those times, not during drills, parade, or official activities, where the white or khaki dress code applies.

Khaki: customizing or altering it is explicitly discouraged. NYSC management has directly criticised the practice in an official statement, describing reshaping or slim-fitting khaki trousers as ""defacing"" the uniform, and specifically flagging this among female corps members for making the fit inappropriately tight. Camp guides consistently describe modifying or slim-fitting your khaki as something that can lead to punishment, and using a custom-made khaki instead of what NYSC issues generally isn't allowed either. The one exception is buying a replacement or spare set from approved camp vendors if your issued size doesn't fit or wears out, not altering what you're given.

Waist pouch: there's no colour requirement, unlike the T-shirt, shorts, and socks, which are explicitly required to be white. Every packing guide describes it purely functionally, for holding your phone, cash, ID, and small valuables securely during parade and outdoor activities, so a multicolour one is very likely fine, though something plain or subdued is a reasonable default if you'd rather not stand out. It isn't formally compulsory, but it is the standard carry item, because you need your hands free and your valuables on you. A small backpack is the common alternative if you're carrying more, though it's bulkier during drills, and a camouflage print is best avoided given the uniform context.

Bedding: bring your own bedsheet, pillowcase, and a mosquito net. Camp mattresses are commonly reported as bare or worn.

Practical items: padlocks for your luggage, and a power bank, since camp power supply is commonly reported as unreliable. A bucket isn't formally compulsory, but it's one of the most commonly recommended items, because bathrooms and laundry are shared and water is often stored rather than running. Most guides treat it as effectively essential.

Toiletries and basic medicines: paracetamol, antiseptic, and any personal medication you need.

Cash: budget ₦20,000 to ₦35,000 or more to cover the full three weeks.

Food: only ready-to-eat snacks and beverages, no cooking equipment or raw foodstuffs.

Don't bring laptops, tablets, extension cords, personal vehicles, weapons, pets, alcohol or drugs, your own mattress, or any electrical appliance beyond a phone, charger, and power bank. These are consistently reported as confiscated at the gate.

If something gets lost in transit, what you do depends on whether it's NYSC's or yours. NYSC's own khaki, vest, T-shirt, and boots are issued to you at camp after you register and collect your state code, so that isn't something you'd be carrying in the first place, it's handed out on arrival regardless of what happened on the way. For self-purchased items, extra whites, a waist pouch, and similar, there's no official NYSC replacement process, and the common workaround is buying replacements from vendors inside camp at the Mammy Market once you arrive, usually at a markup.

The challenges people report most through registration and camp are documentation gaps, long queues, poorly fitting issued kit, unreliable power, and shared facilities, which is what most of this list exists to absorb.","Bring your documents as originals plus two or three photocopies, your own plain white kit as backup for what NYSC issues, bedding, a waist pouch, power bank and enough cash. Leave laptops, appliances and anything not white behind.",,,"MERGED PARENT. Folds kit_packing_list_general, kit_tshirt, kit_footwear, kit_footwear_extra_pair, kit_waist_pouch, kit_khaki_customization and kit_replacement_lost_items, every fact from those seven rows carried over verbatim in substance. Newly authored here, so lower confidence than the folded text: the school ID card paragraph (letter of identification and expired-ID cases, hedged as no confirmed rule), the mufti count of 3 to 5, the bucket, and the crested-polo point. The lost-items follow_up branch from kit_replacement_lost_items is folded into prose instead of kept as a branch, because the parent now covers many topics and the branch would misfire on T-shirt or footwear questions."
Orientation Camp,camp_items_allowed,,Not covered,-,,,Not addressed.,Statement,"Phones are allowed in camp, unlike laptops and tablets, which are commonly banned. The only restriction on a phone is when and where you use it. Keep it away, commonly in your waist pouch, and don't use it during drills, parades, or other official activities. That's both a camp rule and a practical safety measure, since pickpocketing on busy parade grounds is a reported issue. Bring a power bank alongside it, camp electricity supply is commonly reported as unreliable or limited to certain hours.

Laptops generally aren't allowed inside orientation camp dormitories or premises, due to security regulations and space limitations, and security personnel can confiscate them during baggage checks at the gate. If you're posted to a far state and need your laptop for after camp, at your PPA or because you're not returning home immediately, the safer approach is to have it sent to your off-camp accommodation, or arranged to arrive after you've left camp, rather than carrying it through camp registration. Don't count on camp security holding a personal laptop for you for the full three weeks, that's not an official service, just an informal offer some people mention.

Other electronics follow the laptop rule rather than the phone rule. iPads and tablets are commonly listed among banned items, and a camera, headphones, or similar gadget sits in a grey area that no official published list settles. Headphones are small and rarely reported as a problem, but anything beyond a phone, charger, and power bank can be turned back at the gate at the discretion of the officials searching your bags, so bring it accepting that risk, and don't bring anything you can't afford to lose. Extension cords and any electrical appliance are consistently reported as confiscated.

Personal vehicles aren't allowed inside NYSC orientation camps. This is consistently reported across camp-preparation guides as one of the standard restrictions, so you, and anyone dropping you off, would arrive by public transport or private drop-off outside the camp gate rather than driving in and parking on camp grounds.

Ready-to-eat beverages and snack items like Milo, powdered or tinned milk, and Golden Morn or other cereal flakes are fine to bring. The actual restriction is on anything requiring cooking or food preparation, raw foodstuffs, cooking appliances, boiling rings, and gas cylinders are the items explicitly banned, not packaged, ready-to-consume food and drink in general. Avoid glass or other breakable containers though. Nothing bans them outright, but luggage gets handled roughly, storage is shared, and broken glass in a dormitory is a real problem, so decant into plastic or sachets where you can.

Small recreational items are fine. A chess board or similar small board game doesn't appear on any NYSC banned-items list, the restrictions consistently target electronics and appliances, weapons, and bulky luggage, not casual recreational items. Several packing guides actively recommend bringing books, a journal, or small board games for downtime, packed within your normal luggage without needing special permission.","Phones are allowed, laptops and tablets generally aren't and can be seized at the gate. Packaged ready-to-eat food is fine, anything needing cooking isn't. No personal vehicles. Small items like books or a chess board are fine.",,,"MERGED PARENT. Folds items_personal_allowed, items_laptop_allowed, items_phone_allowed, items_car_allowed and items_food_allowed, every fact from those five rows carried over. Newly authored here, so lower confidence: the headphones, iPad and camera paragraph (explicitly hedged as a grey area with no official list) and the breakable-containers point (framed as practical advice, not a rule, because no source bans glass). The laptop during-camp vs after-camp follow_up branch from items_laptop_allowed is folded into prose rather than kept as a branch, since the parent also answers phone, food, car and board-game questions where that branch would misfire."
Working & Life During Service,cds_general,,Not covered,-,,,Not addressed.,Statement,"CDS stands for Community Development Service, one of NYSC's four cardinal programs. It's the mandatory weekly service you render to your host community outside your PPA, throughout the full service year, not just camp. Every corps member is assigned to a CDS group after camp.

This is different from the camp-only special groups people also loosely call CDS groups: OBS (Orientation Broadcasting Service, the camp's in-house news and media team), Man O' War (drills and physical training), Red Cross, and similar groups exist only during the three week camp. Some, like Red Cross, continue as an actual post-camp CDS group, but others, like OBS and Man O' War, don't carry over. Joining OBS specifically requires an interest or background in journalism, broadcasting, or public speaking, and selection is made by camp officials, often the public relations committee, rather than through a fixed application process.

There's no posting or CV advantage tied to joining any specific camp group or CDS group. Claims that OBS membership affects posting, or that one CDS group is objectively best for a CV, are common camp folklore. What actually makes it CV-worthy is leadership roles and active participation in any group, not the specific group name.

On attendance, general CDS is compulsory and it is tracked separately from your monthly clearance, so doing your thumbprint and monthly clearance does not cover you for CDS. Your CDS group's president or coordinator keeps the attendance register, and LGIs commonly require that attendance record before signing your final clearance. Repeated unexplained absence is one of the routes to a service extension and a delayed discharge certificate.

If you miss a CDS day because you travelled or had a genuine conflict, report it to your CDS president and your LGI as soon as you're back, rather than leaving it unexplained. One-off absences handled openly are commonly tolerated, an unexplained pattern is what hardens into a query or extension. Asking someone to sign the register in your absence is a workaround people mention, but it's falsifying an attendance record, and being caught is a disciplinary matter, so it isn't advice worth taking.

If your LGA clearance shows you as absent for a period you were held back by your PPA, that's a records problem to fix at the LGI, not a lost month. Go with a written note from your PPA supervisor explaining why you couldn't clear between the 1st and the 10th, and ask for the record to be corrected or for a manual clearance. Do it in the same service month if you can, since older gaps are harder to resolve.

If you're asking about a ""temporary NYSC certificate,"" there's no such document. What NYSC issues is the Discharge Certificate, also called the Certificate of National Service, after you complete the full year, collected at your LGA of service on final clearance.","CDS is Community Development Service, the weekly service you give your host community all through the year. You're assigned a group after camp, attendance is tracked, and no group carries a posting or CV advantage.",,,"MERGED PARENT. Folds cds_group in full, plus weekly_cds_attendance, which had questions but no KB row. Category changed from Orientation Camp to Working & Life During Service, because the merged intent now covers the year-round programme, not a camp topic. Newly authored: the attendance, missed-CDS and wrongly-marked-absent paragraphs. The extension figure and the LGI-checks-CDS-attendance-before-final-clearance point are consistent with the monthly_clearance and remobilization_after_abandon rows. Deliberately does not endorse proxy signing of the register, which one source question suggests, and says why."
Terms & Lookups,state_code_meaning,,Not covered,-,,,Not addressed.,Statement,"Your state code is the identity number NYSC issues you at camp registration, and it identifies you for the rest of the service year, on your ID card, your clearance records, and your allowance records.

Reading RV/12A/0074 left to right: RV is the two-letter abbreviation for the state you're posted to, Rivers in this case, 12 is the service year, A is your batch, and 0074 is your serial number among the corps members registered in that state for that batch. Where a batch runs in streams, the stream is commonly written into the batch part too, so you'll see forms like 12A/1 or 12B/2 in practice.

Lagos is LA. The abbreviations are short forms of the state name, so most are easy to guess, but read yours off your own code or ID card rather than assuming.

You don't choose or work out your own code. It's assigned to you at camp registration once your documents are verified, so there's no way to know it in advance of camp.","It's your service identity number. In RV/12A/0074, RV is the state you're serving in (Rivers), 12 is the service year, A is your batch, and 0074 is your serial number within that state.",,,"Newly authored. The four-part reading of the code (state, year, batch, serial) is the standard and consistently reported format, and Lagos as LA is straightforward. Lower confidence on the stream-in-the-batch-segment detail, which varies in how it's written, and on serial numbering being strictly per state per batch. Deliberately avoids listing other state abbreviations, since guessing them would risk stating a wrong one."
Orientation Camp,camp_visitors,,Not covered,-,,,Not addressed.,Statement,"Camp is a closed environment for the three weeks, so casual visiting isn't the norm. Weekday visits are generally not permitted, since the daily schedule runs from early-morning parade through to evening activities. Where visiting is allowed at all it's commonly at weekends, and it's entirely at the discretion of the camp commandant for that particular camp, so there's no single nationwide visiting-day rule you can rely on. Some camps allow visitors as far as the gate area, others don't admit them at all.

If someone wants to bring you money or personal items, the practical route is the camp gate rather than the hostels. Handovers through the officials on duty at the gate are commonly reported as workable, and a corps member is usually able to come to the gate to collect. Don't plan on a visitor walking onto camp premises or into a dormitory.

Money in particular is easier sent than carried. Corps members open a bank account during camp registration and phones are allowed, so a transfer is the simpler option than a physical visit.

Hostels are strictly segregated by sex, and a male corps member entering the female hostel, or the reverse, is a disciplinary matter rather than a grey area. It's one of the offences commonly reported as attracting punishment, and in serious cases decampment. Meet in open, general areas of camp instead.","Weekdays are normally off limits. Where visits are allowed it's at weekends, at the camp commandant's discretion, and money or items are handed over at the gate rather than inside. Opposite-sex hostels are strictly off limits.",,,"Newly authored. High confidence on the hostel segregation point and on visitors not being admitted freely, both consistently reported. Lower confidence on the specifics of weekend visiting, which genuinely varies by camp and commandant, so it is stated as discretionary rather than as a rule. The bank-transfer suggestion is practical advice, consistent with the camp account opening and phones-allowed facts already in the KB."
Special Circumstances,decampment,,Not covered,-,,,Not addressed.,Statement,"Decampment is being sent away from orientation camp before it ends, as a disciplinary sanction, for offences like fighting, examination or documentation fraud, being caught in the wrong hostel, or leaving camp without permission. The service year doesn't count, and no discharge certificate follows from it.

Whether a decamped corps member can be re-mobilized later isn't automatic. It depends on the offence and on NYSC's own decision, so it's handled case by case through your state secretariat, and through NYSC headquarters where the case was escalated, rather than by any published self-service process. There's no fixed waiting period or guaranteed route back, so start by asking your state secretariat what your record actually says.

Not showing up for camp at all is a different and much lighter situation, so don't confuse the two. If you were mobilized for a batch or stream and never attended, you weren't decamped, you were simply absent, and the route to a later batch is revalidation. That re-enters you for the next batch when the portal reopens, with no fresh registration and no fee, and in most cases your dashboard just updates with a new call-up number for you to reprint. There's no punishment attached.

Leaving camp early by choice, even straight after registration, isn't something you can assume either. Camp is three weeks and attendance is the requirement, so an early exit needs the camp commandant's approval on documented grounds, medical or a genuine emergency, and leaving without it is exactly the unauthorised absence that gets people decamped. Pregnant and nursing corps members are the situations where concessions are most commonly reported, including being excused from drills and parade, or being relocated, but a general release from camp for family reasons isn't NYSC policy. Raise it with the camp clinic and the camp commandant on arrival rather than after the fact.","Decampment means being dismissed from camp for a disciplinary offence, and that service year doesn't count. Getting back in isn't automatic, it depends on the offence and NYSC's decision, so take it up with your state secretariat.",,,"Newly authored. High confidence on the decampment-vs-never-attended distinction, which lines up with the revalidation route already documented in postpone_defer_service and remobilization_after_abandon. Lower confidence on the exact route back after decampment, deliberately stated as case by case with no confirmed waiting period, rather than inventing a process. The mother-of-two question is answered through the nursing and pregnancy concessions, hedged, because no source confirms a general early release from camp."
Clearance,service_extension,,Not covered,-,,,Not addressed.,Statement,"An extension adds time to the end of your service year to make up for time you didn't properly serve. It's imposed for unexcused absence, most commonly missed monthly clearance or repeated absence from general CDS, and it's also what follows abscondment cases.

On how long, the commonly reported figure is around one additional month per missed clearance, so one month missed generally means about one month added. That's the reported pattern rather than a published tariff, and your LGI is the one who applies it, so the exact length in your case is a question for them. There's no set threshold either, no fixed number of absences that automatically triggers it. A single unresolved missed clearance can be enough to generate a query, and repeated absence is what reliably leads to extension.

On allowance, the extension period itself is generally reported as unpaid, which is what makes it a penalty rather than just extra time, so don't budget on receiving allowance for extension months. Allowance for the months you were absent is a separate matter, and that money is normally forfeited rather than paid later. There's no process for claiming outstanding allowance for a period you were marked absent. If you believe a month was wrongly marked absent, that's a records correction to raise with your LGI, not an outstanding payment to claim.

Your discharge certificate is withheld until the extension is served and final clearance completes, so an extension delays your certificate, not just your last allowance.

If the absence had a legitimate cause, your PPA holding you back, illness, or travel you can document, take it to your LGI in writing as soon as possible with whatever evidence you have. Missed clearance handled early is commonly resolved without extension. Missed clearance left unexplained is what hardens into one.","Extension is the penalty for unexcused absence from CDS or monthly clearance, commonly a month added per month missed. Extension periods are generally reported as unpaid, and your discharge certificate waits until you've served them.",,,"Newly authored, but the core figures are consistent with what remobilization_after_abandon already states: extension commonly around one additional month per missed clearance, withheld discharge certificate until resolved, and possible queries from the LGI. Lower confidence on allowance during extension, so it's given as generally reported unpaid rather than as policy, and the half-pay idea one source question raises is not endorsed because nothing supports it. No confirmed absence threshold, stated as such."
Special Circumstances,service_abscondment,,Not covered,-,,,Not addressed.,Statement,"Absconding means stopping attendance at camp or your PPA without approval, and NYSC treats it as a disciplinary matter rather than a gap you can quietly make up.

On whether you repeat the whole year or only the period you were absent, the practical answer is the whole year. Absconding takes you out of the system rather than pausing you in it, so the route back is remobilization, which re-enters you for service rather than crediting the months you served before you left. Making up only the absent stretch is what an extension does, and extensions apply to corps members who stayed in service but missed clearance or CDS, not to people who abandoned it. There's no partial credit for months served before absconding, so plan on serving a full year again.

Being reported for absconding doesn't permanently bar you. Remobilization is the official route back, but it only opens through a periodically-opened portal announced per batch, not year-round, and applications outside the stated window aren't accepted. Which registration route applies depends on whether your state secretariat already took formal action on your abscondment, so confirm that with them before the portal opens. If you received monthly allowance before absconding, you must refund that exact amount through the official NYSC dashboard, refunds paid any other way aren't recognised, and the refund is a precondition for your application being processed.

In the meantime what sits on your record is an AWOL flag on the NYSC portal, a withheld discharge certificate until the matter is resolved, and possible written queries or disciplinary action from your LGI. That's what makes remobilization necessary in the first place.","Absconding is treated as abandoning service, so you generally repeat the full year rather than just the absent stretch, through remobilization when the portal opens. It isn't automatic, and any allowance you collected must be refunded first.",,,"Newly authored, and deliberately built on top of the existing remobilization_after_abandon row rather than restating it, so the two don't contradict: same portal-window rule, same refund-through-dashboard precondition, same AWOL and withheld-certificate consequences. The repeat-the-whole-year answer is reasoned from the fact that remobilization re-enters you for service, and is flagged as unconfirmed on partial credit rather than asserted as policy."
Special Circumstances,bereavement_family_emergency,,Not covered,-,,,Not addressed.,Procedural,"Permission to leave camp for an emergency is possible, but it's a request you make formally, not something you can assume or arrange informally.

The process commonly reported is this. Raise it with your platoon officer or platoon commander first, then submit a written request to the camp commandant, who holds the authority to grant an exeat or pass. Attach evidence: for a burial, the burial programme or announcement, and a death certificate where you have one; for an examination, your exam slip, admission letter, or timetable showing the date. Do it as early as you can rather than the night before, because the request goes through camp officials and can take days.

What's granted is commonly a short pass covering the specific day or days, with a required return, rather than a release from camp. Bereavement of an immediate family member is the strongest case, and compassionate passes are commonly reported as granted for it. Examinations, JAMB, direct entry, post-UTME, or scholarship exams, come up regularly too and are sometimes accommodated, but they're weaker grounds than bereavement and refusal is a realistic outcome, particularly where the exam could have been scheduled around camp. Neither is guaranteed by any published NYSC rule, it's the camp commandant's discretion.

Two things to be clear about. Leaving camp without approval is unauthorised absence, and it's one of the offences that leads to decampment, so don't leave and explain afterwards. And if you are granted a pass, keep it on you and report back through the gate exactly as instructed, because your camp attendance record still has to add up.","Apply in writing to the camp commandant through your platoon officer, with proof, a burial programme, death certificate or exam slip. Short passes for genuine emergencies are commonly granted, but leaving without approval risks decampment.",,,"Newly authored. High confidence that unauthorised absence risks decampment and that the camp commandant holds the discretion, both consistent with the decampment row. The platoon-officer-then-written-request route and the evidence list are the commonly reported practice rather than published procedure, and the answer says so. Deliberately separates bereavement (strong grounds) from exams (weaker, refusal realistic) instead of promising both, since the source questions ask about both."
Working & Life During Service,postgraduate_study_during_service,,Not covered,-,,,Not addressed.,Statement,"NYSC doesn't prohibit applying for or accepting postgraduate admission during your service year. There's no rule requiring you to finish service before you apply, and corps members do start PGD and master's programmes mid-service.

The constraint is attendance, not permission. Your PPA attendance, monthly clearance, and CDS participation are compulsory throughout the year, and NYSC doesn't release you from them for study. So a full-time weekday programme in another city generally doesn't work alongside service, while a part-time, weekend, or evening programme in your state of deployment commonly does. That's why part-time and weekend PGD routes are the ones corps members most often take during the year.

Two things to check before you commit money. First, the school's own admission requirements. Some postgraduate programmes ask for the NYSC discharge certificate or an exemption letter at registration, which you won't have until service ends, while others accept a statement of result plus proof of ongoing service. Ask the specific school rather than assume. Second, scholarships in particular commonly require the discharge certificate as evidence that you've completed service, so a master's scholarship may effectively need you to wait even where the academic programme itself wouldn't. Read the scholarship's stated requirements directly.

On cost, NYSC has no bearing on it. PGD fees vary widely by institution, and federal and state universities are generally the cheaper route, so that's a school-by-school comparison to make yourself.

What you can't do is let study become the reason for PPA absence. That carries the same consequences as any other unexplained absence, a query, forfeited allowance for that month, or a service extension for repeated cases.","Nothing in NYSC rules stops you applying for or being admitted to a PGD or master's during service. What can't slip is PPA attendance, monthly clearance and CDS, so full-time study during the year rarely works.",,,"Newly authored. High confidence that NYSC has no rule barring postgraduate application during service, and the attendance constraint is taken straight from work_side_hustle_during_service, which already states PPA attendance, monthly clearance and CDS are compulsory regardless of what else you're doing. Lower confidence on which schools demand the discharge certificate at registration, so the answer tells the user to ask the school rather than naming a rule. The scholarship point is framed as commonly required, not universal."
Working & Life During Service,professional_study_during_service,,Not covered,-,,,Not addressed.,Statement,"Professional courses during service are common, and NYSC itself encourages skill acquisition. That's what the SAED programme is, it starts automatically for every corps member in orientation camp and continues afterwards through post-camp training, mentorship, and in some cases business grants or seed funding. Anything you do outside SAED is your own arrangement, and nothing NYSC-specific stops you, as long as your PPA attendance, monthly clearance, and CDS participation stay intact.

The certifications corps members most commonly take during the year are HSE levels 1 to 3, NIM, project management, data analysis, and software or digital skills courses. Weekend and online formats are the ones that realistically fit around a PPA.

On NIM, membership and its professional examinations are open to corps members, and NIM works through state and zonal chapters, so availability and how often a chapter runs classes varies by state. Confirm with the chapter in your state of deployment rather than assume it runs the same way everywhere.

On HSE and whether it's worth the fee, it depends entirely on the sector you're targeting. HSE 1 to 3 is a recognised entry expectation in oil and gas, construction, and manufacturing, and in those sectors it does get a CV past a first filter. Outside them it carries much less weight, and there's no evidence it helps in banking, tech, or the public sector. So the question to settle before paying is whether the jobs you're actually applying for ask for it. If they don't, that money buys more in a skill tied directly to your field.

Whatever you pick, check the provider before paying. A certificate only counts if the awarding body is recognised in the sector, and training outfits marketing to corps members vary a lot in quality. Ask which body issues the certificate, confirm that body is the one employers in your sector name, and be wary of anyone pressuring you to pay quickly.","Yes, and NYSC encourages it through SAED. HSE, NIM, project management and similar certifications are common during service. Just keep PPA attendance, clearance and CDS intact, and check the provider is accredited before paying.",,,"Newly authored. The SAED facts are taken verbatim in substance from work_side_hustle_during_service, which already documents SAED starting in camp and continuing with training, mentorship and grants. Lower confidence on NIM chapter-by-chapter availability, stated as varying by state with a check-locally instruction. The HSE answer is a judgement call on sector relevance, given as reasoning the user can check against their own target jobs rather than as an NYSC fact, since the source question explicitly asks whether the fee is worth it."
