batch,intent,question,faq_coverage,faq_source,source_url,find_in_source_ctrlF,faq_note,origin,seed_id,source_ref
Batch 1,camp_kit,Is it advisable to get rubber tennis after getting the normal or leather tennis?,Not covered,-,,,Not addressed.,original,S-0001,
Batch 1,camp_kit,Is V-neck white T-shirt allowed in camp or just round neck?,Not covered,-,,,Not addressed.,original,S-0002,
Batch 1,camp_kit,Is three white T-shirts enough for camp?,Not covered,-,,,Not addressed.,original,S-0003,
Batch 1,relocation_general_process,Can I serve in my present state after being posted to another state without doing direct posting?,Not covered,-,https://www.nysc.gov.ng/downloads/onlinefaq.pdf,Concessional,Only official override is concessional posting: marital ground (posting to husband's state) or health ground -- not general state choice.,original,S-0004,
Batch 1,revalidation,Will my data remain on the portal if I was mobilized but did not register?,Partial,PDF,https://www.nysc.gov.ng/downloads/onlinefaq.pdf,revalidate,Revalidation opens when the online registration portal reopens (mentioned specifically re: graduation-date correction cases).,original,S-0005,
Batch 1,postpone_defer_service,How long can I wait before serving after graduation?,Not covered,-,,,No deferment procedure described.,original,S-0006,
Batch 1,relocation_general_process,Is ulcer one of the health issues that can warrant redeployment?,Partial,PDF,,,Not addressed.,original,S-0007,
Batch 1,registration_documents_general,Can you list the documents needed when registering on the NYSC portal?,Covered,MOBREG,https://www.nysc.gov.ng/mobreg.html,Requirements,"Functional email + Nigerian GSM number, correct matriculation number, name must appear on Senate list, compliant passport photo (white/off-white background, full face, centered).",original,S-0008,
Batch 1,certificate_correction_pending,Can I use a photocopy on my NYSC certificate before corrections reflect on my statement of result?,Partial,PDF,https://www.nysc.gov.ng/downloads/onlinefaq.pdf,3 months,Related to the exemption certificate correction window (3-month rule) and name-correction workflow.,original,S-0009,
Batch 1,name_correction,How long does it take for a misspelt name to be corrected?,Covered,PDF,https://www.nysc.gov.ng/downloads/onlinefaq.pdf,Correction of Name,Login to dashboard > Apply for Name Correction > fill fields > Place Request. NYSC does not add/remove names; that requires institution to write NYSC directly.,original,S-0010,
Batch 1,place_of_birth_correction,I filled the wrong place of birth during online registration; how can I correct it?,Not covered,-,,,Not addressed.,original,S-0011,
Batch 1,camp_items_allowed,Is a laptop allowed in NYSC camp?,Not covered,-,,,Not addressed.,original,S-0012,
Batch 1,camp_items_allowed,Can PCMs bring their gadgets to NYSC camp?,Not covered,-,,,Not addressed.,original,S-0013,
Batch 1,callup_number_delay,How long should I expect to wait for my call-up number after registration?,Not covered,-,,,No troubleshooting guidance found for call-up number delay.,original,S-0014,
Batch 1,noise,Is there anyone posted to Gombe from Uyo?,,-,,,Not a real question -- excluded from FAQ coverage analysis.,original,S-0015,
Batch 1,registration_documents_general,What is required of us to register?,Covered,MOBREG,https://www.nysc.gov.ng/mobreg.html,Requirements,"Functional email + Nigerian GSM number, correct matriculation number, name must appear on Senate list, compliant passport photo (white/off-white background, full face, centered).",original,S-0016,
Batch 1,postpone_defer_service,Can I postpone my NYSC service to a later batch?,Not covered,-,,,No deferment procedure described.,original,S-0017,
Batch 1,medical_fitness_report,Can private hospitals issue medical reports for NYSC?,Partial,PDF,https://www.nysc.gov.ng/downloads/onlinefaq.pdf,Health Ground,For health-ground concessional deployment: upload medical report from a Federal or State General Hospital plus doctor's details.,original,S-0018,
Batch 1,callup_number_delay,Why have I not received my call-up after one week of registration?,Not covered,-,,,No troubleshooting guidance found for call-up number delay.,original,S-0014,
Batch 1,waec_certificate_requirement,Do I need my original WAEC certificate for NYSC clearance and registration?,Not covered,-,,,No explicit statement on WAEC original certificate requirement for registration.,original,S-0020,
Batch 1,jamb_name_mismatch,How can I add my name to JAMB after a previous correction of name was rejected?,Covered,PDF,https://www.nysc.gov.ng/downloads/onlinefaq.pdf,Correction of Name,Login to dashboard > Apply for Name Correction > fill fields > Place Request. NYSC does not add/remove names; that requires institution to write NYSC directly.,original,S-0021,
Batch 1,relocation_general_process,"If I was sent to Borno camp, will I automatically be redeployed to a state of my choice?",Partial,PDF,,,Not addressed.,original,S-0022,
Batch 1,ppa_ngo_service,How easy is it to serve with an NGO in one of the northern states?,Not covered,-,,,Not addressed.,original,S-0023,
Batch 1,ppa_ngo_service,Do NGOs accept corps members based on their course of study or do I need an acceptance letter?,Not covered,-,,,Not addressed.,original,S-0024,
Batch 1,ppa_ngo_service,Will NYSC post corps members to NGOs based on their course of study?,Not covered,-,,,Not addressed.,original,S-0025,
Batch 1,relocation_general_process,Can I be redeployed to my indigenous state after being posted far away?,Partial,PDF,,,Not addressed.,original,S-0026,
Batch 1,senate_list_status,"My name appeared on my school's Senate list, but online it shows no record found. What should I do?",Covered,PDF,https://www.nysc.gov.ng/downloads/onlinefaq.pdf,Senate,"Verify name appears on Senate/Academic Board Approved Result list before registering; if missing, contact institution directly.",original,S-0027,
Batch 1,change_local_government,How can I change my local government after posting?,Not covered,-,,,Not addressed.,original,S-0028,
Batch 1,ppa_ngo_service,Is it possible to serve with an NGO as a corps member?,Not covered,-,,,Not addressed.,original,S-0029,
Batch 1,nhis_health_insurance,Are corps members included in NHIS?,Not covered,-,,,"Note: nysc.gov.ng has a separate 'NHIA Enrolment' page linked in the nav, but no FAQ content on it was retrieved.",original,S-0030,
Batch 1,waec_certificate_requirement,Do I need my original WAEC certificate during NYSC registration?,Not covered,-,,,No explicit statement on WAEC original certificate requirement for registration.,original,S-0031,
Batch 1,waec_certificate_requirement,Can I use two WAEC results if I lost one of the original certificates?,Not covered,-,,,No explicit statement on WAEC original certificate requirement for registration.,original,S-0032,
Batch 1,senate_list_status,Can I register for NYSC if my school's Senate list has not appeared online?,Covered,PDF,https://www.nysc.gov.ng/downloads/onlinefaq.pdf,Senate,"Verify name appears on Senate/Academic Board Approved Result list before registering; if missing, contact institution directly.",original,S-0033,
Batch 1,revalidation,How does revalidation work if I did not register after my name appeared on the Senate list?,Covered,PDF,https://www.nysc.gov.ng/downloads/onlinefaq.pdf,Senate,"Verify name appears on Senate/Academic Board Approved Result list before registering; if missing, contact institution directly.",original,S-0034,
Batch 1,name_correction,Can I use my school records to correct a name difference on the NYSC portal?,Covered,PDF,https://www.nysc.gov.ng/downloads/onlinefaq.pdf,Correction of Name,Login to dashboard > Apply for Name Correction > fill fields > Place Request. NYSC does not add/remove names; that requires institution to write NYSC directly.,original,S-0035,
Batch 1,relocation_general_process,Can I change my state of deployment after receiving my posting?,Not covered,-,https://www.nysc.gov.ng/downloads/onlinefaq.pdf,Concessional,Only official override is concessional posting: marital ground (posting to husband's state) or health ground -- not general state choice.,original,S-0036,
Batch 1,posting_influence,How does NYSC decide which state to post a corps member to?,Not covered,-,https://www.nysc.gov.ng/downloads/onlinefaq.pdf,Concessional,Only official override is concessional posting: marital ground (posting to husband's state) or health ground -- not general state choice.,original,S-1418,
Batch 1,posting_influence,Can I choose a state I want to serve in during NYSC registration?,Not covered,-,https://www.nysc.gov.ng/downloads/onlinefaq.pdf,Concessional,Only official override is concessional posting: marital ground (posting to husband's state) or health ground -- not general state choice.,original,S-1416,
Batch 1,serve_at_current_workplace,Can I keep my remote job while serving NYSC?,Not covered,-,,,Not addressed.,original,S-0039,
Batch 1,camp_items_allowed,Can I come with my car to NYSC camp?,Not covered,-,,,Not addressed.,original,S-0040,
Batch 1,waec_certificate_requirement,Must I collect my certificate before I can be processed for NYSC service?,Not covered,-,,,No explicit statement on WAEC original certificate requirement for registration.,original,S-0041,
Batch 1,age_eligibility,Can I still go for service next year if I clock 30 before then?,Not covered,-,,,No age-eligibility rule stated in these specific FAQ sources.,original,S-0042,
Batch 1,exemption_certificate,When do they usually issue exemption certificates?,Covered,PDF,https://www.nysc.gov.ng/downloads/onlinefaq.pdf,Exemption Certificate,Nigeria-trained: collect from institution; corrections only allowed within 3 months of online registration date. Foreign-trained: come to NYSC HQ with original documents for clearance and collection.,original,S-0043,
Batch 1,posting_influence,What are my chances of being posted to IITA for my PPA?,Not covered,-,,,No official mechanism described for choosing/influencing PPA.,original,S-0044,
Batch 1,change_local_government,Is there a way to change my local government after posting?,Not covered,-,,,Not addressed.,original,S-0045,
Batch 1,registration_method_at_home,Can I do my NYSC registration at home by myself?,Partial,PORTAL,https://portal.nysc.org.ng/nysc/FAQ.aspx,Digital Persona,Registration can be done on own computer if a Digital Persona fingerprint USB scanner is attached; otherwise use an accredited registration center/cybercafe.,original,S-0046,
Batch 1,biometric_capture,Can I capture my biometrics using my system's fingerprint reader?,Covered,MOBREG/PORTAL,,proxy,Must not be done by proxy; same fingers used at registration are checked at camp. Digital Persona U.are.U 4500 scanner required if doing biometrics outside an NYSC office.,original,S-0047,
Batch 1,senate_list_status,"My school says my name has been uploaded, but I cannot find it on the NYSC portal. What should I do?",Covered,PDF,https://www.nysc.gov.ng/downloads/onlinefaq.pdf,Senate,"Verify name appears on Senate/Academic Board Approved Result list before registering; if missing, contact institution directly.",original,S-0027,
Batch 1,relocation_general_process,How long does online redeployment approval take?,Partial,PDF,,,Not addressed.,original,S-0049,
Batch 1,state_of_origin_correction,There is a mistake in my state of origin. Should I proceed with registration?,Not covered,-,,,Not addressed.,original,S-0050,
Batch 1,senate_list_status,I did not mobilize but my name is on the school list. Can I still mobilize and have my name uploaded to the NYSC site?,Covered,PDF,https://www.nysc.gov.ng/downloads/onlinefaq.pdf,Senate,"Verify name appears on Senate/Academic Board Approved Result list before registering; if missing, contact institution directly.",original,S-0051,
Batch 1,senate_list_status,"On the Senate verification list, another person's name appears with my other details. Can I proceed with registration?",Covered,PDF,https://www.nysc.gov.ng/downloads/onlinefaq.pdf,Senate,"Verify name appears on Senate/Academic Board Approved Result list before registering; if missing, contact institution directly.",original,S-0052,
Batch 1,senate_list_status,My name is on the Senate approved list in my school but shows no record on the NYSC website. What can I do?,Covered,PDF,https://www.nysc.gov.ng/downloads/onlinefaq.pdf,Senate,"Verify name appears on Senate/Academic Board Approved Result list before registering; if missing, contact institution directly.",original,S-0027,
Batch 1,jamb_number_issue,My JAMB number does not exist on the NYSC portal. What should I do?,Partial,PDF,https://www.nysc.gov.ng/downloads/onlinefaq.pdf,Matriculation,"If matriculation/JAMB number already exists as an issue, contact your institution directly (not NYSC).",original,S-0054,
Batch 1,name_correction,I have two conflicting middle names between my records. How can I resolve it?,Covered,PDF,https://www.nysc.gov.ng/downloads/onlinefaq.pdf,Correction of Name,Login to dashboard > Apply for Name Correction > fill fields > Place Request. NYSC does not add/remove names; that requires institution to write NYSC directly.,original,S-0055,
Batch 1,revalidation,"If I don't report to camp with my assigned stream, will my state change when I revalidate?",Partial,PDF,https://www.nysc.gov.ng/downloads/onlinefaq.pdf,revalidate,Revalidation opens when the online registration portal reopens (mentioned specifically re: graduation-date correction cases).,original,S-0056,
Batch 1,statement_of_result_requirement,Are LASU students allowed to register with a notification of result instead of a statement of result?,Not covered,-,,,Not addressed.,original,S-0057,
Batch 1,medical_fitness_report,How much does it cost to get a medical fitness certificate?,Partial,PDF,https://www.nysc.gov.ng/downloads/onlinefaq.pdf,Health Ground,For health-ground concessional deployment: upload medical report from a Federal or State General Hospital plus doctor's details.,original,S-0058,
Batch 1,logistics_belongings_mixed_up,Are there challenges like people's clothes getting mixed up in orientation camp?,Not covered,-,,,Not addressed.,original,S-0059,
Batch 1,logistics_general_experience,How is the camp experience truly like?,Not covered,guide,,,Not addressed.,original,S-0060,
Batch 1,nhis_health_insurance,Are NYSC corps members included in NHIS?,Not covered,-,,,"Note: nysc.gov.ng has a separate 'NHIA Enrolment' page linked in the nav, but no FAQ content on it was retrieved.",original,S-0061,
Batch 1,remobilization_after_abandon,Can someone ghost their NYSC service year?,Not covered,-,,,No remobilization/abandonment process described.,original,S-0062,
Batch 1,ppa_course_matching,Can I be posted to a particular organization for my PPA based on my course?,Not covered,-,,,No official mechanism described for choosing/influencing PPA.,original,S-0063,
Batch 1,work_side_hustle_during_service,Can I work during my NYSC service year?,Not covered,-,,,Not addressed.,original,S-0064,
Batch 1,posting_influence,Can I choose where I want to do my PPA?,Not covered,-,,,No official mechanism described for choosing/influencing PPA.,original,S-0065,
Batch 1,docs_required_at_camp,Can I report to camp without the original certificate if I have a statement of result?,Covered,PDF,https://www.nysc.gov.ng/downloads/onlinefaq.pdf,original,Foreign graduates: bring all original uploaded documents + translated certificate. Medical graduates: bring practice license. Failure leads to registration cancellation and no PPA posting.,original,S-0066,
Batch 1,state_of_origin_correction,Can I continue with NYSC registration if there is an error in my state of origin?,Not covered,-,,,Not addressed.,original,S-0067,
Batch 1,ppa_change_request,Can my NYSC posting be changed after I have already been posted?,Not covered,-,,,No PPA-change procedure described in these sources.,original,S-1421,
Batch 1,statement_of_result_requirement,Can I use a notification of result instead of a statement of result for NYSC registration?,Not covered,-,,,Not addressed.,original,S-0069,
Batch 1,batch_stream_timing,How do NYSC group people into the different batches?,Covered,PDF/MOBREG,,,Not addressed.,original,S-0070,
Batch 1,batch_stream_timing,Do I have to register immediately if I want to join a later batch?,Covered,PDF/MOBREG,,Mobilization Time Table,Official Mobilization Time Table published at nysc.gov.ng/mobtable.html.,original,S-0070,
Batch 1,batch_stream_timing,When is the next NYSC mobilization?,Covered,PDF/MOBREG,,Mobilization Time Table,Official Mobilization Time Table published at nysc.gov.ng/mobtable.html.,original,S-0072,
Batch 1,ppa_change_request,Can I change my PPA after accepting it and completing my documentation?,Not covered,-,,,No PPA-change procedure described in these sources.,original,S-1421,
Batch 1,reporting_deadline_after_camp,What is the maximum number of days I can stay before reporting to my PPA?,Partial,PDF,https://www.nysc.gov.ng/downloads/onlinefaq.pdf,,Not addressed.,original,S-0074,
Batch 1,remobilization_after_abandon,What is remobilization?,Not covered,-,,,No remobilization/abandonment process described.,original,S-0075,
Batch 1,cds_general,Can you recommend a good CDS group that can add value to my CV?,Not covered,-,,,Not addressed (CDS is a named department at nysc.gov.ng/cds.html but no FAQ content retrieved).,original,S-0076,
Batch 1,ppa_change_request,Can I change my PPA after completing documentation at the secretariat?,Not covered,-,,,No PPA-change procedure described in these sources.,original,S-1421,
Batch 1,ppa_accommodation,Does my PPA have to provide accommodation?,Not covered,-,,,Not addressed.,original,S-0078,
Batch 1,allowance_amount,Is the first month allowance paid physically in NYSC camp?,Not covered,guide,,,Not addressed.,original,S-0079,
Batch 1,change_local_government,Can I change my local government after relocation?,Not covered,-,,,Not addressed.,original,S-0080,
Batch 1,post_relocation_process,"After relocating, do I need to return to the NYSC secretariat before my PPA appears?",Not covered,-,,,Not addressed.,original,S-0081,
Batch 1,post_relocation_process,Do I need to go back to the secretariat for ID card and bank account documentation after relocation?,Partial,PDF,https://www.nysc.gov.ng/downloads/onlinefaq.pdf,Marriage Certificate,"To relocate to husband's state: Marriage Certificate, Newspaper publication for change of name, Letter from husband's employer, husband's means of ID.",original,S-0082,
Batch 1,post_relocation_process,How long does it take for a relocated corps member's PPA to appear?,Partial,PDF,https://www.nysc.gov.ng/downloads/onlinefaq.pdf,Relocation after Camp,'Application for Relocation after Camp' is listed as a dashboard self-service; full step-by-step process not detailed.,original,S-0083,
Batch 1,post_relocation_process,I got relocated but my PPA has not appeared on my dashboard. What should I do?,Not covered,-,,,Not addressed.,original,S-0084,
Batch 1,relocation_general_process,Will missing clearance in my former state affect my relocation?,Partial,PDF,,,Not addressed.,original,S-0085,
Batch 1,relocation_general_process,"After relocation, which state will query me for missed clearance?",Partial,PDF,,,Not addressed.,original,S-0086,
Batch 1,jamb_regularization,Can I register for NYSC while waiting for JAMB regularization to reflect?,Not covered,-,,,Not addressed.,original,S-0087,
Batch 1,name_correction,Can I register for NYSC if my name correction has not yet been effected?,Covered,PDF,https://www.nysc.gov.ng/downloads/onlinefaq.pdf,Correction of Name,Login to dashboard > Apply for Name Correction > fill fields > Place Request. NYSC does not add/remove names; that requires institution to write NYSC directly.,original,S-0088,
Batch 1,name_correction,Can I still register for Stream 1 while waiting for a name correction?,Covered,PDF,https://www.nysc.gov.ng/downloads/onlinefaq.pdf,Correction of Name,Login to dashboard > Apply for Name Correction > fill fields > Place Request. NYSC does not add/remove names; that requires institution to write NYSC directly.,original,S-0089,
Batch 1,direct_posting,Is direct posting still available for newly registering corps members?,Not covered,-,,,Not addressed.,original,S-0090,
Batch 1,batch_stream_timing,Is mobilization based on when I register online or random selection?,Covered,PDF/MOBREG,,Mobilization Time Table,Official Mobilization Time Table published at nysc.gov.ng/mobtable.html.,original,S-0070,
Batch 1,serve_at_current_workplace,I have a place of work already in my state of deployment. Can I continue working there instead of going to my assigned PPA?,Not covered,-,https://www.nysc.gov.ng/downloads/onlinefaq.pdf,Concessional,Only official override is concessional posting: marital ground (posting to husband's state) or health ground -- not general state choice.,original,S-0092,
Batch 1,ppa_change_request,Can I change my PPA even after doing documentation at my former PPA's LGA?,Not covered,-,,,No PPA-change procedure described in these sources.,original,S-1421,
Batch 1,posting_influence,"How can I get a PPA in Port Harcourt, preferably an engineering company?",Not covered,-,,,No official mechanism described for choosing/influencing PPA.,original,S-0044,
Batch 1,biometric_capture,My biometric clearance portal has closed because my LGI was unavailable. Will this affect my allowance?,Covered,MOBREG/PORTAL,,proxy,Must not be done by proxy; same fingers used at registration are checked at camp. Digital Persona U.are.U 4500 scanner required if doing biometrics outside an NYSC office.,original,S-0095,
Batch 1,ppa_course_matching,Can I be posted to a particular PPA based on my course of study?,Not covered,-,,,No official mechanism described for choosing/influencing PPA.,original,S-0096,
Batch 1,ppa_ngo_service,Can I serve in an NGO instead of the PPA NYSC assigns me?,Not covered,-,,,Not addressed.,original,S-0097,
Batch 1,posting_influence,Can I choose my PPA myself?,Not covered,-,,,No official mechanism described for choosing/influencing PPA.,original,S-0065,
Batch 1,serve_at_current_workplace,Will NYSC post me to an organization where I already have a job?,Not covered,-,,,Not addressed.,original,S-0099,
Batch 1,olevel_fslc_requirement,Is FSLC needed in NYSC camp?,Not covered,-,,,Not addressed.,original,S-0100,
Batch 1,direct_posting,Is call-up number still used for direct posting or is NIN now used?,Not covered,-,,,Not addressed.,original,S-0101,
Batch 1,callup_number_delay,Why is my call-up number taking so long to reflect?,Not covered,-,,,No troubleshooting guidance found for call-up number delay.,original,S-0102,
Batch 1,age_eligibility,My NIN age is above 30 but my graduation age was below 30. Can I still apply for NYSC?,Covered,PDF,https://www.nysc.gov.ng/downloads/onlinefaq.pdf,Date of Birth,Get 19/20-digit WAEC verification PIN from First Bank > enter on dashboard DOB correction link > verify. Gap between WAEC date and graduation date must be >=4 years. Different procedure if Exemption Certificate already issued.,original,S-0103,
Batch 1,name_correction,"If the names on my NIN and statement of result are different from the name on JAMB, what should I do?",Covered,PDF,https://www.nysc.gov.ng/downloads/onlinefaq.pdf,Correction of Name,Login to dashboard > Apply for Name Correction > fill fields > Place Request. NYSC does not add/remove names; that requires institution to write NYSC directly.,original,S-0104,
Batch 1,dob_discrepancy_correction,My WAEC date of birth is wrong while my JAMB date is correct. Can an affidavit solve this during NYSC mobilization?,Covered,PDF,https://www.nysc.gov.ng/downloads/onlinefaq.pdf,Date of Birth,Get 19/20-digit WAEC verification PIN from First Bank > enter on dashboard DOB correction link > verify. Gap between WAEC date and graduation date must be >=4 years. Different procedure if Exemption Certificate already issued.,original,S-0105,
Batch 1,exemption_certificate,Can someone currently serving write to NYSC headquarters to defer service and request an exemption letter after securing a paramilitary job?,Covered,PDF,https://www.nysc.gov.ng/downloads/onlinefaq.pdf,Exemption Certificate,Nigeria-trained: collect from institution; corrections only allowed within 3 months of online registration date. Foreign-trained: come to NYSC HQ with original documents for clearance and collection.,original,S-0106,
Batch 1,ppa_change_request,Can I remain at my old PPA after a PPA change has already reflected on my dashboard?,Not covered,-,,,No PPA-change procedure described in these sources.,original,S-0107,
Batch 1,ppa_change_request,Will staying at my former PPA affect my final clearance after a PPA change?,Not covered,-,,,No PPA-change procedure described in these sources.,original,S-0107,
Batch 1,ppa_change_request,Is changing PPA through the CLO an official process?,Not covered,-,,,No PPA-change procedure described in these sources.,original,S-0109,
Batch 1,docs_required_at_camp,Does NYSC accept a statement of result stained with palm oil?,Covered,PDF,https://www.nysc.gov.ng/downloads/onlinefaq.pdf,original,Foreign graduates: bring all original uploaded documents + translated certificate. Medical graduates: bring practice license. Failure leads to registration cancellation and no PPA posting.,original,S-0110,
Batch 1,age_eligibility,I am already above 30 but graduated before turning 30. Can I still get an exemption certificate?,Not covered,-,,,No age-eligibility rule stated in these specific FAQ sources.,original,S-0111,
Batch 1,batch_stream_timing,Will Batch C still be going to camp this year?,Covered,PDF/MOBREG,,Mobilization Time Table,Official Mobilization Time Table published at nysc.gov.ng/mobtable.html.,original,S-0072,
Batch 1,jamb_number_issue,My name is on the Senate list and graduation list but not on the matriculation list. Can I still register?,Covered,PDF,https://www.nysc.gov.ng/downloads/onlinefaq.pdf,Senate,"Verify name appears on Senate/Academic Board Approved Result list before registering; if missing, contact institution directly.",original,S-0113,
Batch 1,senate_list_status,Am I supposed to see my details on the verified Senate list before mobilization starts?,Covered,PDF,https://www.nysc.gov.ng/downloads/onlinefaq.pdf,Senate,"Verify name appears on Senate/Academic Board Approved Result list before registering; if missing, contact institution directly.",original,S-0114,
Batch 1,senate_list_status,Is it possible for my name to be on the Senate list but not on the graduate list?,Covered,PDF,https://www.nysc.gov.ng/downloads/onlinefaq.pdf,Senate,"Verify name appears on Senate/Academic Board Approved Result list before registering; if missing, contact institution directly.",original,S-0115,
Batch 1,jamb_documents_requirement,Do I need my original JAMB result and JAMB admission letter for NYSC?,Not covered,guide,,,No explicit list of required JAMB documents.,original,S-0116,
Batch 1,direct_posting,Does direct posting still work?,Not covered,-,,,Not addressed.,original,S-0117,
Batch 1,profile_data_error,My degree was wrongly written as Bachelor of Art instead of Bachelor of Science on my NYSC profile. Will it affect camp documentation?,Covered,PDF,https://www.nysc.gov.ng/downloads/onlinefaq.pdf,Class of Degree,Class of Degree and Qualification corrections follow the same dashboard flow as course correction; approval is by institution's SAO.,original,S-0118,
Batch 1,name_correction,How long does NYSC name rearrangement approval take?,Covered,PDF,https://www.nysc.gov.ng/downloads/onlinefaq.pdf,Correction of Name,Login to dashboard > Apply for Name Correction > fill fields > Place Request. NYSC does not add/remove names; that requires institution to write NYSC directly.,original,S-0119,
Batch 1,name_correction,I applied for name rearrangement over two weeks ago and my call-up letter is about to come out. Should I wait or contact my school?,Covered,PDF,https://www.nysc.gov.ng/downloads/onlinefaq.pdf,Correction of Name,Login to dashboard > Apply for Name Correction > fill fields > Place Request. NYSC does not add/remove names; that requires institution to write NYSC directly.,original,S-0120,
Batch 1,dob_discrepancy_correction,My date of birth is incorrect on the NYSC portal but the WAEC verification correction link is unavailable. What should I do?,Covered,PDF,https://www.nysc.gov.ng/downloads/onlinefaq.pdf,Date of Birth,Get 19/20-digit WAEC verification PIN from First Bank > enter on dashboard DOB correction link > verify. Gap between WAEC date and graduation date must be >=4 years. Different procedure if Exemption Certificate already issued.,original,S-0121,
Batch 1,registration_documents_general,What does an HND graduate need for NYSC registration?,Covered,MOBREG,https://www.nysc.gov.ng/mobreg.html,Requirements,"Functional email + Nigerian GSM number, correct matriculation number, name must appear on Senate list, compliant passport photo (white/off-white background, full face, centered).",original,S-0122,
Batch 1,portal_open_registration_window,When will NYSC registration open again?,Covered,PDF/MOBREG,,Mobilization Time Table,Official Mobilization Time Table published at nysc.gov.ng/mobtable.html.,original,S-0123,
Batch 1,docs_required_at_camp,My school has not released our statements of result and camp registration is today. What can I do?,Covered,PDF,,,Not addressed.,original,S-0124,
Batch 1,foreign_graduate_verification,Can I register for NYSC with an online degree from a foreign university?,Covered,PDF/MOBREG,,Foreign,"Foreign graduates must bring original uploaded documents plus translated certificate to camp; verification now happens at camp, not HQ. See foreignmobreq.html for full requirements.",original,S-0125,
Batch 1,direct_posting,Does NYSC accept direct posting to a tech company?,Not covered,-,,,Not addressed.,original,S-0126,
Batch 1,ppa_registration_status,How can I find PPAs registered with NYSC in a particular state?,Not covered,-,,,Not addressed.,original,S-0127,
Batch 1,allowance_amount,Do Federal Government Colleges pay corps members?,Not covered,guide,,,Not addressed.,original,S-0128,
Batch 1,ppa_course_matching,Can a civil engineering graduate get a good PPA in Ogun State?,Not covered,-,,,No official mechanism described for choosing/influencing PPA.,original,S-0129,
Batch 1,medical_fitness_report,"Must HCV, meningitis vaccination and age compulsorily appear on the medical fitness report?",Partial,PDF,https://www.nysc.gov.ng/downloads/onlinefaq.pdf,Health Ground,For health-ground concessional deployment: upload medical report from a Federal or State General Hospital plus doctor's details.,original,S-0130,
Batch 1,callup_number_delay,I did NYSC registration yesterday but I'm yet to see my call-up number. What should I do?,Not covered,-,,,No troubleshooting guidance found for call-up number delay.,original,S-0014,
Batch 1,callup_number_vs_letter,Would I be deployed without seeing my call-up number on my dashboard?,Partial,MOBREG,https://www.nysc.gov.ng/mobreg.html,SMS,Paying the fee gets call-up number via SMS + online letter printing; not paying means collecting both from school instead.,original,S-0132,
Batch 1,ppa_rejection_reposting,Can I still do my clearance thumbprint if I have been rejected by my PPA and am waiting for reposting?,Not covered,-,,,No PPA-change procedure described in these sources.,original,S-0133,
Batch 1,ppa_change_request,How do I change my PPA after four months?,Not covered,-,,,No PPA-change procedure described in these sources.,original,S-1421,
Batch 1,remobilization_after_abandon,Please enlighten me on what remobilization is about?,Not covered,-,,,No remobilization/abandonment process described.,original,S-0075,
Batch 1,ppa_change_request,Can I change my PPA after acceptance and completion of my file at the secretariat?,Not covered,-,,,No PPA-change procedure described in these sources.,original,S-1421,
Batch 1,reporting_deadline_after_camp,What is the maximum number of days one can stay before reporting to one's PPA?,Partial,PDF,https://www.nysc.gov.ng/downloads/onlinefaq.pdf,,Not addressed.,original,S-0137,
Batch 1,ppa_change_request,Can I change my PPA after six months?,Not covered,-,,,No PPA-change procedure described in these sources.,original,S-1421,
Batch 1,docs_required_at_camp,My school has not released our statement of result and camp registration is today. What can I do?,Covered,PDF,,,Not addressed.,original,S-0124,
Batch 1,ppa_change_request,Can I change my PPA after six months if my PPA is very far?,Not covered,-,,,No PPA-change procedure described in these sources.,original,S-1421,
Batch 1,change_local_government,Can I change local government after posting?,Not covered,-,,,Not addressed.,original,S-0141,
Batch 1,relocation_general_process,Can a relocated state be changed?,Partial,PDF,https://www.nysc.gov.ng/downloads/onlinefaq.pdf,Relocation after Camp,'Application for Relocation after Camp' is listed as a dashboard self-service; full step-by-step process not detailed.,original,S-0142,
Batch 1,relocation_general_process,I paid someone for Ogun but my portal shows Kwara state. Can the relocated state still change?,Partial,PDF,https://www.nysc.gov.ng/downloads/onlinefaq.pdf,Relocation after Camp,'Application for Relocation after Camp' is listed as a dashboard self-service; full step-by-step process not detailed.,original,S-0142,
Batch 1,portal_open_registration_window,Is the NYSC portal open for registration?,Partial,PDF,https://www.nysc.gov.ng/downloads/onlinefaq.pdf,Mobilization Time Table,Timetable for registration windows published at nysc.gov.ng/mobtable.html.,original,S-0143,
Batch 1,relocation_general_process,Can I do the clearance with my LGI without first printing my relocation letter?,Partial,PDF,,,Not addressed.,original,S-0144,
Batch 1,post_relocation_process,Do I need to go back to the NYSC secretariat to continue registration after relocation?,Not covered,-,,,Not addressed.,original,S-0082,
Batch 1,ppa_change_request,Can I change my PPA in Nasarawa state?,Not covered,-,,,No PPA-change procedure described in these sources.,original,S-0146,
Batch 1,ppa_course_matching,Can I get a good PPA in Ogun State as a pharmacology graduate?,Not covered,-,,,No official mechanism described for choosing/influencing PPA.,original,S-0147,
Batch 1,change_local_government,How possible is it to change local government after posting?,Not covered,-,,,Not addressed.,original,S-0148,
Batch 1,senate_list_status,When will the uploading of graduates into the Senate list end?,Covered,PDF,https://www.nysc.gov.ng/downloads/onlinefaq.pdf,Senate,"Verify name appears on Senate/Academic Board Approved Result list before registering; if missing, contact institution directly.",original,S-0149,
Batch 1,senate_list_status,Can new names be added to the Senate list while registration is still going on?,Covered,PDF,https://www.nysc.gov.ng/downloads/onlinefaq.pdf,Senate,"Verify name appears on Senate/Academic Board Approved Result list before registering; if missing, contact institution directly.",original,S-0150,
Batch 1,senate_list_status,Can I register if my name is on the graduation list but I cannot find it on the Senate list?,Covered,PDF,https://www.nysc.gov.ng/downloads/onlinefaq.pdf,Senate,"Verify name appears on Senate/Academic Board Approved Result list before registering; if missing, contact institution directly.",original,S-0033,
Batch 1,exemption_certificate,I graduated in 2019 at age 28 and I am now 30; why is my exemption letter being processed?,Covered,PDF,https://www.nysc.gov.ng/downloads/onlinefaq.pdf,Exemption Certificate,Nigeria-trained: collect from institution; corrections only allowed within 3 months of online registration date. Foreign-trained: come to NYSC HQ with original documents for clearance and collection.,original,S-0152,
Batch 1,callup_number_delay,How long does it take before one gets the call-up number after registration?,Not covered,-,,,No troubleshooting guidance found for call-up number delay.,original,S-0014,
Batch 1,posting_influence,I registered but the option to choose states to be deployed to did not show. What can I do?,Not covered,-,https://www.nysc.gov.ng/downloads/onlinefaq.pdf,Concessional,Only official override is concessional posting: marital ground (posting to husband's state) or health ground -- not general state choice.,original,S-0154,
Batch 1,jamb_regularization,Is JAMB regularization compulsory before registering for NYSC?,Not covered,-,,,Not addressed.,original,S-0155,
Batch 1,callup_number_delay,Does NYSC still issue call-up numbers since it adopted online registration?,Not covered,-,,,No troubleshooting guidance found for call-up number delay.,original,S-0156,
Batch 1,portal_open_registration_window,What time will the NYSC portal open for registration?,Partial,PDF,https://www.nysc.gov.ng/downloads/onlinefaq.pdf,Mobilization Time Table,Timetable for registration windows published at nysc.gov.ng/mobtable.html.,original,S-0157,
Batch 1,ppa_type_non_teaching,Is it possible not to teach during my NYSC service year?,Not covered,-,,,Not addressed.,original,S-0158,
Batch 1,stream_assignment,How are people selected for Stream 1 and Stream 2?,Not covered,-,,,No explanation of Stream 1 vs Stream 2 selection logic.,original,S-0159,
Batch 1,camp_items_allowed,Can I take my laptop to camp if I am posted to a faraway state?,Not covered,-,,,Not addressed.,original,S-0160,
Batch 1,camp_items_allowed,Are laptops and other electronics allowed inside NYSC camp?,Not covered,-,,,Not addressed.,original,S-0013,
Batch 1,camp_items_allowed,Can I send my laptop to my accommodation before camp ends?,Not covered,-,,,Not addressed.,original,S-0160,
Batch 1,logistics_arrival_timing,Can I report to camp two days after the date on my call-up letter?,Not covered,-,,,Not addressed.,original,S-0163,
Batch 1,logistics_arrival_timing,Are there repercussions for arriving at camp late?,Not covered,-,,,Not addressed.,original,S-0163,
Batch 1,logistics_arrival_timing,Can I go to camp a day before the official resumption date?,Not covered,-,,,Not addressed.,original,S-0165,
Batch 1,docs_required_at_camp,Do I need to take the original copy of my certificate to camp?,Covered,PDF,https://www.nysc.gov.ng/downloads/onlinefaq.pdf,original,Foreign graduates: bring all original uploaded documents + translated certificate. Medical graduates: bring practice license. Failure leads to registration cancellation and no PPA posting.,original,S-0066,
Batch 1,docs_required_at_camp,"I have no statement of result, only my B.Eng certificate. Can I use it at camp?",Covered,PDF,,,Not addressed.,original,S-0066,
Batch 1,relocation_general_process,Is Yobe an automatic redeployment state?,Partial,PDF,,,Not addressed.,original,S-0022,
Batch 1,relocation_general_process,How can I redeploy from Yobe without spending money?,Partial,PDF,,,Not addressed.,original,S-0022,
Batch 1,ppa_rejection_reposting,I was redeployed to Lagos and my PPA rejected me; can I still do my monthly clearance?,Partial,PDF,https://www.nysc.gov.ng/downloads/onlinefaq.pdf,Camp Reposting,"'Printing of Place of Primary Assignment Letter after Camp Reposting' is listed as an available self-service, but the underlying process isn't detailed.",original,S-0133,
Batch 1,ppa_rejection_reposting,Can I do my monthly thumbprint while waiting for reposting?,Not covered,-,,,No PPA-change procedure described in these sources.,original,S-0133,
Batch 1,ppa_rejection_reposting,"If my PPA rejects me, where should I go for my monthly clearance?",Partial,PDF,https://www.nysc.gov.ng/downloads/onlinefaq.pdf,Camp Reposting,"'Printing of Place of Primary Assignment Letter after Camp Reposting' is listed as an available self-service, but the underlying process isn't detailed.",original,S-0133,
Batch 1,posting_influence,Can I be posted to IITA for my PPA as an agricultural student?,Not covered,-,,,No official mechanism described for choosing/influencing PPA.,original,S-0044,
Batch 1,posting_influence,Can someone work at IITA as a corps member?,Not covered,-,,,No official mechanism described for choosing/influencing PPA.,original,S-0044,
Batch 1,age_eligibility,Can I go for service next year if I am currently 29?,Not covered,-,,,No age-eligibility rule stated in these specific FAQ sources.,original,S-0042,
Batch 1,age_eligibility,How does NYSC calculate age for mobilisation?,Covered,PDF/MOBREG,,,Not addressed.,original,S-0174,
Batch 1,exemption_certificate,When does NYSC usually issue exemption certificates?,Covered,PDF,https://www.nysc.gov.ng/downloads/onlinefaq.pdf,Exemption Certificate,Nigeria-trained: collect from institution; corrections only allowed within 3 months of online registration date. Foreign-trained: come to NYSC HQ with original documents for clearance and collection.,original,S-0175,
Batch 1,posting_influence,Can I use a request letter to get posted to a particular organisation?,Not covered,-,,,No official mechanism described for choosing/influencing PPA.,original,S-0176,
Batch 1,posting_influence,Can I work at a company I already have in mind for my PPA?,Not covered,-,,,No official mechanism described for choosing/influencing PPA.,original,S-1417,
Batch 1,posting_influence,Will NYSC post me to my requested PPA if I submit a request letter?,Not covered,-,,,No official mechanism described for choosing/influencing PPA.,original,S-0176,
Batch 1,ppa_type_non_teaching,Do most corps members get posted to schools?,Not covered,-,,,Not addressed.,original,S-0179,
Batch 1,ppa_type_non_teaching,Can I get a PPA outside teaching if I don't want to teach?,Not covered,-,,,No official mechanism described for choosing/influencing PPA.,original,S-0180,
Batch 1,ppa_accommodation,Does my PPA have to provide transportation from camp?,Not covered,-,,,Not addressed.,original,S-0181,
Batch 1,reporting_deadline_after_camp,Should I go home immediately after leaving orientation camp?,Partial,PDF,https://www.nysc.gov.ng/downloads/onlinefaq.pdf,,Not addressed.,original,S-0182,
Batch 1,reporting_deadline_after_camp,Where should I report first after receiving my posting letter?,Partial,PDF,https://www.nysc.gov.ng/downloads/onlinefaq.pdf,,Not addressed.,original,S-0183,
Batch 1,monthly_clearance,What happens if I don't complete my local government clearance before going home?,Not covered,-,,,Not addressed.,original,S-0184,
Batch 1,allowance_payment_issue,Will failing to complete clearance affect my subsequent monthly allowance?,Not covered,-,,,Not addressed.,original,S-0185,
Batch 1,medical_fitness_report,"Must HCV, meningitis vaccination and age appear on the medical fitness report?",Partial,PDF,https://www.nysc.gov.ng/downloads/onlinefaq.pdf,Health Ground,For health-ground concessional deployment: upload medical report from a Federal or State General Hospital plus doctor's details.,original,S-0186,
Batch 1,disability_accommodation,"Can someone with a one-leg disability go for NYSC, and how will they cope with the training and camp struggles?",Not covered,-,,,No disability-specific accommodation policy found.,original,S-0187,
Batch 1,docs_required_at_camp,Is the school ID card compulsory during NYSC camp registration?,Covered,PDF,,,Not addressed.,original,S-0188,
Batch 1,callup_number_delay,I did NYSC registration yesterday but I am yet to see my call-up number. What should I do?,Not covered,-,,,No troubleshooting guidance found for call-up number delay.,original,S-0014,
Batch 1,ppa_rejection_reposting,"I was redeployed to Lagos, my PPA rejected me, and I have not been reposted. Can I still do my monthly clearance?",Not covered,-,,,No PPA-change procedure described in these sources.,original,S-0133,
Batch 1,batch_stream_timing,When is Batch C Stream 2?,Covered,PDF/MOBREG,,Mobilization Time Table,Official Mobilization Time Table published at nysc.gov.ng/mobtable.html.,original,S-0072,
Batch 1,stream_assignment,"If NYSC deploys someone in Batch C Stream 1 and they don't go, can they go with Stream 2?",Covered,PDF/MOBREG,,Mobilization Time Table,Official Mobilization Time Table published at nysc.gov.ng/mobtable.html.,original,S-0192,
Batch 1,stream_assignment,"My dashboard says 'sorry you're not in this stream, you'd be notified when your call is out.' What does it mean?",Not covered,-,,,No explanation of Stream 1 vs Stream 2 selection logic.,original,S-0193,
Batch 1,docs_required_at_camp,Do I need to take the original copy of my certificate to camp if I don't have a statement of result?,Covered,PDF,https://www.nysc.gov.ng/downloads/onlinefaq.pdf,original,Foreign graduates: bring all original uploaded documents + translated certificate. Medical graduates: bring practice license. Failure leads to registration cancellation and no PPA posting.,original,S-0066,
Batch 1,callup_letter_access,I'm yet to see my call-up letter in my dashboard. What should I do?,Not covered,-,,,No troubleshooting guidance found for call-up number delay.,original,S-0195,
Batch 1,postpone_defer_service,"For someone who graduated four years ago but just wants to serve, what's the first step?",Not covered,-,,,No deferment procedure described.,original,S-0196,
Batch 1,relocation_general_process,Is Adamawa an automatic redeployment state?,Partial,PDF,,,Not addressed.,original,S-0022,
Batch 1,logistics_travel_to_camp,Where is the Adamawa NYSC camp located?,Not covered,-,,,Not addressed.,original,S-0197,
Batch 1,logistics_travel_to_camp,"Please, I need directions to Kebbi State orientation camp from Enugu. Which transport company and fare should I expect?",Not covered,-,,,Not addressed.,original,S-0198,
Batch 1,logistics_arrival_timing,Can someone going to Kano travel before camp officially opens?,Not covered,-,,,Not addressed.,original,S-0165,
Batch 1,logistics_travel_to_camp,How can I get to the NYSC orientation camp in Kano from Lagos?,Not covered,-,,,Not addressed.,original,S-0200,
Batch 1,stream_assignment,What happens if I don't register with Stream 1?,Not covered,-,,,No explanation of Stream 1 vs Stream 2 selection logic.,original,S-0192,
Batch 1,stream_assignment,Can I register with Stream 2 if I was deployed for Stream 1 but decided not to go?,Not covered,-,,,No explanation of Stream 1 vs Stream 2 selection logic.,original,S-0192,
Batch 1,batch_stream_timing,How long is the interval between the posting date and camp opening date?,Covered,PDF/MOBREG,,Mobilization Time Table,Official Mobilization Time Table published at nysc.gov.ng/mobtable.html.,original,S-0203,
Batch 1,batch_stream_timing,Is the camp opening date the same as the orientation commencement date?,Covered,PDF/MOBREG,,Mobilization Time Table,Official Mobilization Time Table published at nysc.gov.ng/mobtable.html.,original,S-0204,
Batch 1,docs_required_at_camp,"Do I need to present original documents in camp, and which ones?",Covered,PDF,https://www.nysc.gov.ng/downloads/onlinefaq.pdf,original,Foreign graduates: bring all original uploaded documents + translated certificate. Medical graduates: bring practice license. Failure leads to registration cancellation and no PPA posting.,original,S-0205,
Batch 1,ppa_course_matching,Where can a computer science student be posted for PPA?,Not covered,-,,,No official mechanism described for choosing/influencing PPA.,original,S-0206,
Batch 1,ppa_accommodation,Does NYSC provide accommodation at the PPA?,Not covered,-,,,Not addressed.,original,S-0207,
Batch 1,ppa_accommodation,Can my PPA provide accommodation or a suitable allowance instead?,Not covered,-,,,Not addressed.,original,S-0208,
Batch 1,posting_influence,Can I influence or manipulate my PPA posting in camp?,Not covered,-,,,No official mechanism described for choosing/influencing PPA.,original,S-0209,
Batch 1,green_card_printing,Do we have to go to the cyber cafe we registered to print the green card and COVID-19 slip?,Not covered,-,,,Term 'Green Card' not addressed in these sources.,original,S-0210,
Batch 1,batch_stream_timing,Please will there be Stream 2 for Batch A?,Covered,PDF/MOBREG,,Mobilization Time Table,Official Mobilization Time Table published at nysc.gov.ng/mobtable.html.,original,S-0211,
Batch 1,revalidation,"For someone posted to the north who didn't go to camp last year, is it revalidation or remobilization?",Partial,PDF,https://www.nysc.gov.ng/downloads/onlinefaq.pdf,revalidate,Revalidation opens when the online registration portal reopens (mentioned specifically re: graduation-date correction cases).,original,S-0212,
Batch 1,senate_list_status,Is it possible for my name to be in the Senate list but not in the graduate list?,Covered,PDF,https://www.nysc.gov.ng/downloads/onlinefaq.pdf,Senate,"Verify name appears on Senate/Academic Board Approved Result list before registering; if missing, contact institution directly.",original,S-0115,
Batch 1,direct_posting,"Please, how much is direct posting to Lagos?",Not covered,-,,,Not addressed.,original,S-0214,
Batch 1,direct_posting,Please can you handle direct posting to any LGA of choice while still in camp?,Not covered,-,,,Not addressed.,original,S-0215,
Batch 1,camp_kit,How can I get NYSC uniform if mine got lost in transit?,Not covered,-,,,Not addressed.,original,S-0216,
Batch 1,ppa_change_request,How much and is it not too late to change my PPA to Karu LGA?,Not covered,-,,,No PPA-change procedure described in these sources.,original,S-0217,
Batch 1,allowance_amount,"Please, is it true Oyo State government pays corps members monthly?",Not covered,guide,,,Not addressed.,original,S-0755,
Batch 1,stream_assignment,How does one know if one falls in Stream 1 or Stream 2?,Not covered,-,,,No explanation of Stream 1 vs Stream 2 selection logic.,original,S-0219,
Batch 1,postpone_defer_service,Is it possible to defer or cancel an ongoing service?,Not covered,-,,,No deferment procedure described.,original,S-0220,
Batch 1,registration_payment_issue,Do we need to make any payment after registration?,Covered,MOBREG/PORTAL,,"2,786.24","N2,786.24 fee is optional (needed only for SMS call-up number + online printing). Payment troubleshooting: check Payment Status page with transaction ID, or email nyscsupport@sidmach.com for stuck ATM payments.",original,S-0221,
Batch 1,registration_payment_issue,Is anyone experiencing difficulties in payment?,Covered,MOBREG/PORTAL,,"2,786.24","N2,786.24 fee is optional (needed only for SMS call-up number + online printing). Payment troubleshooting: check Payment Status page with transaction ID, or email nyscsupport@sidmach.com for stuck ATM payments.",original,S-0222,
Batch 1,registration_payment_issue,Does anyone have an idea when the payment gateway will be up and running?,Covered,MOBREG/PORTAL,,"2,786.24","N2,786.24 fee is optional (needed only for SMS call-up number + online printing). Payment troubleshooting: check Payment Status page with transaction ID, or email nyscsupport@sidmach.com for stuck ATM payments.",original,S-0223,
Batch 1,admission_year_correction,I made a mistake in my year of admission. How can I correct it?,Not covered,-,,,Not addressed.,original,S-0224,
Batch 1,posting_influence,"Please, is it true that the state you have visited is the state NYSC will post you to?",Not covered,-,https://www.nysc.gov.ng/downloads/onlinefaq.pdf,Concessional,Only official override is concessional posting: marital ground (posting to husband's state) or health ground -- not general state choice.,original,S-0225,
Batch 1,ppa_course_matching,Which places can a computer science graduate serve in Abuja and learn?,Not covered,-,,,No official mechanism described for choosing/influencing PPA.,original,S-0226,
Batch 1,dob_discrepancy_correction,Is the date of birth in my JAMB profile being different from the one on my BVN going to cause an issue when I open an NYSC allowance account?,Covered,PDF,https://www.nysc.gov.ng/downloads/onlinefaq.pdf,Date of Birth,Get 19/20-digit WAEC verification PIN from First Bank > enter on dashboard DOB correction link > verify. Gap between WAEC date and graduation date must be >=4 years. Different procedure if Exemption Certificate already issued.,original,S-0227,
Batch 1,batch_stream_timing,When will the Batch C Stream 2 campers go to camp?,Covered,PDF/MOBREG,,Mobilization Time Table,Official Mobilization Time Table published at nysc.gov.ng/mobtable.html.,original,S-0072,
Batch 1,ppa_change_request,"Please, if I'm posted to a PPA I don't like, can I later change it?",Not covered,-,,,No PPA-change procedure described in these sources.,original,S-0229,
Batch 1,ppa_type_non_teaching,How can I skip camp?,Not covered,-,,,Not addressed.,original,S-0230,
Batch 1,callup_letter_access,Is call-up letter out?,Not covered,-,,,No troubleshooting guidance found for call-up number delay.,original,S-0195,
Batch 1,postpone_defer_service,"Please, is it possible to defer/cancel an undergoing service?",Not covered,-,,,No deferment procedure described.,original,S-0232,
Batch 1,waec_certificate_requirement,Do I need my WAEC original certificate for NYSC clearance and registration if I used two WAEC results for admission?,Not covered,-,,,No explicit statement on WAEC original certificate requirement for registration.,original,S-0233,
Batch 1,jamb_name_mismatch,How can I add my name to JAMB after I already did correction of name and it was rejected?,Covered,PDF,https://www.nysc.gov.ng/downloads/onlinefaq.pdf,Correction of Name,Login to dashboard > Apply for Name Correction > fill fields > Place Request. NYSC does not add/remove names; that requires institution to write NYSC directly.,original,S-0234,
Batch 1,ppa_course_matching,Can I get a good PPA for a computer science and education graduate in Abuja where I can learn and gain more experience?,Not covered,-,,,No official mechanism described for choosing/influencing PPA.,original,S-0235,
Batch 1,senate_list_status,Can I still register for NYSC if my school has uploaded my name but it is showing an error on the NYSC portal?,Covered,PDF,https://www.nysc.gov.ng/downloads/onlinefaq.pdf,Senate,"Verify name appears on Senate/Academic Board Approved Result list before registering; if missing, contact institution directly.",original,S-0236,
Batch 1,ppa_type_non_teaching,Is it only teaching that every NYSC candidate will do?,Not covered,-,,,Not addressed.,original,S-0237,
Batch 1,posting_influence,What activities can determine where I will be posted?,Not covered,-,,,No official mechanism described for choosing/influencing PPA.,original,S-0238,
Batch 1,cds_general,What are the best groups to belong to in camp?,Not covered,-,,,Not addressed (CDS is a named department at nysc.gov.ng/cds.html but no FAQ content retrieved).,original,S-0239,
Batch 1,logistics_budget,How much does an average person need for NYSC camp?,Not covered,-,,,Not addressed.,original,S-0240,
Batch 1,marital_family_accommodation,Are married women required to camp?,Covered,PDF/MOBREG,,married,"Married female PCMs upload marriage certificate, evidence of name change, and husband's place of domicile/ID during registration for concessional posting to husband's state.",original,S-0241,
Batch 1,pregnancy_accommodation,"If a woman is pregnant, does that mean she cannot serve?",Covered,MOBREG,https://www.nysc.gov.ng/mobreg.html,pregnant,Orientation camp is stated as 'highly not ideal' for pregnant and nursing mothers; they will not be accommodated in camp.,original,S-0242,
Batch 1,serve_at_current_workplace,How can I influence my posting to my current place of work?,Not covered,-,,,No official mechanism described for choosing/influencing PPA.,original,S-0243,
Batch 1,registration_documents_general,What documents are needed for screening at camp?,Covered,MOBREG,https://www.nysc.gov.ng/mobreg.html,Requirements,"Functional email + Nigerian GSM number, correct matriculation number, name must appear on Senate list, compliant passport photo (white/off-white background, full face, centered).",original,S-0244,
Batch 1,serve_at_current_workplace,Can I serve at my current place of employment?,Not covered,-,,,Not addressed.,original,S-0245,
Batch 1,ppa_change_request,Can I change my PPA because the school cannot pay me?,Not covered,-,,,No PPA-change procedure described in these sources.,original,S-1420,
Batch 1,ppa_change_request,Can I change my PPA to another place within the same LGA?,Not covered,-,,,No PPA-change procedure described in these sources.,original,S-0247,
Batch 1,reporting_deadline_after_camp,What happens if I don't report to my PPA immediately after camp?,Partial,PDF,https://www.nysc.gov.ng/downloads/onlinefaq.pdf,,Not addressed.,original,S-0248,
Batch 1,relocation_general_process,How can I know whether my relocation has worked?,Partial,PDF,https://www.nysc.gov.ng/downloads/onlinefaq.pdf,Relocation after Camp,'Application for Relocation after Camp' is listed as a dashboard self-service; full step-by-step process not detailed.,original,S-0249,
Batch 1,relocation_status_tracking,Where on the dashboard can I check my relocation status?,Not covered,-,,,Not addressed.,original,S-0250,
Batch 1,relocation_general_process,Can I relocate back to the state I was originally deployed to?,Partial,PDF,https://www.nysc.gov.ng/downloads/onlinefaq.pdf,Relocation after Camp,'Application for Relocation after Camp' is listed as a dashboard self-service; full step-by-step process not detailed.,original,S-0251,
Batch 1,relocation_general_process,Can I return to my previous PPA after relocating back?,Partial,PDF,https://www.nysc.gov.ng/downloads/onlinefaq.pdf,Relocation after Camp,'Application for Relocation after Camp' is listed as a dashboard self-service; full step-by-step process not detailed.,original,S-0252,
Batch 1,post_relocation_process,How long should I wait for my PPA letter after submitting relocation documents?,Partial,PDF,https://www.nysc.gov.ng/downloads/onlinefaq.pdf,Marriage Certificate,"To relocate to husband's state: Marriage Certificate, Newspaper publication for change of name, Letter from husband's employer, husband's means of ID.",original,S-0083,
Batch 1,monthly_clearance,I missed my previous biometric clearance. Can I still do the current one?,Not covered,-,,,Not addressed.,original,S-0254,
Batch 1,allowance_payment_issue,Will missing a month's thumbprint affect my allowance?,Not covered,-,,,Not addressed.,original,S-0185,
Batch 1,relocation_general_process,Can I do in-camp redeployment to my state of origin?,Partial,PDF,,,Not addressed.,original,S-0026,
Batch 1,logistics_travel_to_camp,How do I travel from Lagos to Kebbi NYSC orientation camp?,Not covered,-,,,Not addressed.,original,S-0256,
Batch 1,relocation_general_process,Can I relocate after already going to my PPA?,Partial,PDF,https://www.nysc.gov.ng/downloads/onlinefaq.pdf,Relocation after Camp,'Application for Relocation after Camp' is listed as a dashboard self-service; full step-by-step process not detailed.,original,S-0257,
Batch 1,relocation_general_process,Will missed clearance affect an application for relocation?,Partial,PDF,,,Not addressed.,original,S-0258,
Batch 1,post_relocation_process,"If I relocate successfully, which state handles my clearance?",Partial,PDF,,,Not addressed.,original,S-0259,
Batch 1,post_relocation_process,How do I continue my NYSC documentation after relocation when my PPA has not appeared?,Partial,PDF,https://www.nysc.gov.ng/downloads/onlinefaq.pdf,Marriage Certificate,"To relocate to husband's state: Marriage Certificate, Newspaper publication for change of name, Letter from husband's employer, husband's means of ID.",original,S-0081,
Batch 1,post_relocation_process,Do I need to return to the secretariat after my state code changes following relocation?,Not covered,-,,,Not addressed.,original,S-0081,
Batch 1,posting_influence,"Can I get a PPA in Port Harcourt, preferably an engineering firm?",Not covered,-,,,No official mechanism described for choosing/influencing PPA.,original,S-0044,
Batch 1,posting_influence,Can I get a good PPA around Ajah or Sangotedo?,Not covered,-,,,No official mechanism described for choosing/influencing PPA.,original,S-0044,
Batch 1,posting_influence,Can I get a construction-company PPA in Ogun State?,Not covered,-,,,No official mechanism described for choosing/influencing PPA.,original,S-0044,
Batch 1,relocation_status_tracking,Can I check my relocation status directly from my NYSC dashboard?,Not covered,-,,,Not addressed.,original,S-0265,
Batch 2,callup_number_delay,Why is my call-up number taking time to reflect?,Not covered,-,,,No troubleshooting guidance found for call-up number delay.,original,S-0102,
Batch 2,dob_discrepancy_correction,Can I be mobilized if my JAMB date of birth is wrong?,Covered,PDF,https://www.nysc.gov.ng/downloads/onlinefaq.pdf,Date of Birth,Get 19/20-digit WAEC verification PIN from First Bank > enter on dashboard DOB correction link > verify. Gap between WAEC date and graduation date must be >=4 years. Different procedure if Exemption Certificate already issued.,original,S-0267,
Batch 2,dob_discrepancy_correction,Can I correct my date of birth on JAMB before NYSC registration?,Covered,PDF,https://www.nysc.gov.ng/downloads/onlinefaq.pdf,Date of Birth,Get 19/20-digit WAEC verification PIN from First Bank > enter on dashboard DOB correction link > verify. Gap between WAEC date and graduation date must be >=4 years. Different procedure if Exemption Certificate already issued.,original,S-0267,
Batch 2,dob_discrepancy_correction,Can I do JAMB regularization to correct my date of birth before NYSC?,Covered,PDF,https://www.nysc.gov.ng/downloads/onlinefaq.pdf,Date of Birth,Get 19/20-digit WAEC verification PIN from First Bank > enter on dashboard DOB correction link > verify. Gap between WAEC date and graduation date must be >=4 years. Different procedure if Exemption Certificate already issued.,original,S-0269,
Batch 2,jamb_regularization,Do I need JAMB condonement if I switched from part-time OND to full-time HND?,Not covered,-,,,Not addressed.,original,S-0270,
Batch 2,prior_registration_history,Can I use a second degree to apply for exemption and forfeit my first NYSC registration?,Not covered,-,,,No guidance on re-registration after prior/abandoned NYSC history.,original,S-0271,
Batch 2,prior_registration_history,"If I was posted twice but did not report either time, will NYSC post me again?",Not covered,-,,,No guidance on re-registration after prior/abandoned NYSC history.,original,S-0272,
Batch 2,missed_posting_consequence,What happens if I register for one batch but don't report to camp?,Not covered,-,,,Not addressed.,original,S-0273,
Batch 2,ppa_rejection_reposting,"Can I change my PPA if I have a ₦250,000 job elsewhere?",Not covered,-,,,No PPA-change procedure described in these sources.,original,S-0274,
Batch 2,ppa_change_request,What happens if NYSC reverses my PPA back to my former PPA?,Not covered,-,,,No PPA-change procedure described in these sources.,original,S-0275,
Batch 2,serve_at_current_workplace,Can I keep my private job while still completing NYSC?,Not covered,-,,,Not addressed.,original,S-0276,
Batch 2,remobilization_after_abandon,Can someone who has abandoned NYSC apply for remobilization?,Not covered,-,,,No remobilization/abandonment process described.,original,S-0277,
Batch 2,remobilization_after_abandon,How do I refund the allowance I received before abandoning NYSC?,Not covered,-,,,No remobilization/abandonment process described.,original,S-0278,
Batch 2,remobilization_after_abandon,How do I reconcile my NYSC portal when it shows me as present for months I did not serve?,Not covered,-,,,No remobilization/abandonment process described.,original,S-0279,
Batch 2,remobilization_after_abandon,Is remobilization still valid after several months?,Not covered,-,,,No remobilization/abandonment process described.,original,S-0280,
Batch 2,remobilization_after_abandon,When will NYSC open remobilization again?,Not covered,-,,,No remobilization/abandonment process described.,original,S-0281,
Batch 2,posting_influence,Can I serve in my state of origin if I grew up and schooled in another state?,Not covered,-,https://www.nysc.gov.ng/downloads/onlinefaq.pdf,Concessional,Only official override is concessional posting: marital ground (posting to husband's state) or health ground -- not general state choice.,original,S-0282,
Batch 2,direct_posting,What happens if I try to influence posting to my state of origin?,Not covered,-,,,No official mechanism described for choosing/influencing PPA.,original,S-0283,
Batch 2,multiple_redeployment,Can I redeploy three months after already being redeployed once?,Partial,PDF,,,Not addressed.,original,S-0284,
Batch 2,multiple_redeployment,Can I redeploy again on health grounds after a previous security-ground redeployment?,Partial,PDF,,,Not addressed.,original,S-0285,
Batch 2,registration_method_at_home,Can I register for NYSC myself from home?,Partial,PORTAL,https://portal.nysc.org.ng/nysc/FAQ.aspx,Digital Persona,Registration can be done on own computer if a Digital Persona fingerprint USB scanner is attached; otherwise use an accredited registration center/cybercafe.,original,S-0286,
Batch 2,biometric_capture,Can I capture my NYSC biometrics with my laptop fingerprint reader?,Covered,MOBREG/PORTAL,,proxy,Must not be done by proxy; same fingers used at registration are checked at camp. Digital Persona U.are.U 4500 scanner required if doing biometrics outside an NYSC office.,original,S-0287,
Batch 2,jamb_number_issue,How do I validate my JAMB number before NYSC registration?,Partial,PDF,https://www.nysc.gov.ng/downloads/onlinefaq.pdf,Matriculation,"If matriculation/JAMB number already exists as an issue, contact your institution directly (not NYSC).",original,S-0288,
Batch 2,jamb_number_issue,Do I need to buy a scratch card to validate my JAMB number?,Partial,PDF,https://www.nysc.gov.ng/downloads/onlinefaq.pdf,Matriculation,"If matriculation/JAMB number already exists as an issue, contact your institution directly (not NYSC).",original,S-0289,
Batch 2,jamb_number_issue,Will I have to pay another fee after validating my JAMB number?,Partial,PDF,https://www.nysc.gov.ng/downloads/onlinefaq.pdf,Matriculation,"If matriculation/JAMB number already exists as an issue, contact your institution directly (not NYSC).",original,S-0290,
Batch 2,name_correction,"Why is my name arranged differently across JAMB, school records and my result?",Covered,PDF,https://www.nysc.gov.ng/downloads/onlinefaq.pdf,Correction of Name,Login to dashboard > Apply for Name Correction > fill fields > Place Request. NYSC does not add/remove names; that requires institution to write NYSC directly.,original,S-0291,
Batch 2,name_correction,Can I correct a name mistake on the NYSC portal after registration?,Covered,PDF,https://www.nysc.gov.ng/downloads/onlinefaq.pdf,Correction of Name,Login to dashboard > Apply for Name Correction > fill fields > Place Request. NYSC does not add/remove names; that requires institution to write NYSC directly.,original,S-0292,
Batch 2,registration_slip_printing,Why can't I print my registration slip from my NYSC dashboard?,Not covered,-,,,Not addressed.,original,S-0293,
Batch 2,name_correction,Can I still register with Stream 1 and go to camp while waiting for a name correction to be effected?,Covered,PDF,https://www.nysc.gov.ng/downloads/onlinefaq.pdf,Correction of Name,Login to dashboard > Apply for Name Correction > fill fields > Place Request. NYSC does not add/remove names; that requires institution to write NYSC directly.,original,S-0294,
Batch 2,ppa_change_request,Can I change my PPA if I have already completed documentation at my former PPA LGA?,Not covered,-,,,No PPA-change procedure described in these sources.,original,S-1421,
Batch 2,ppa_change_request,Will changing my PPA after documentation cause any problems?,Not covered,-,,,No PPA-change procedure described in these sources.,original,S-0296,
Batch 2,ppa_rejection_reposting,I applied for PPA reposting at the local government secretariat but I have not been reposted. What can I do?,Not covered,-,,,No PPA-change procedure described in these sources.,original,S-0297,
Batch 2,ppa_change_request,Can I change my PPA if I have changed it before?,Not covered,-,,,No PPA-change procedure described in these sources.,original,S-1421,
Batch 2,relocation_general_process,Can I cancel a relocation request after accidentally submitting the cancellation?,Partial,PDF,https://www.nysc.gov.ng/downloads/onlinefaq.pdf,Relocation after Camp,'Application for Relocation after Camp' is listed as a dashboard self-service; full step-by-step process not detailed.,original,S-0299,
Batch 2,relocation_status_tracking,"My relocation was approved and I printed the letter, but it is no longer showing on my relocation application status. Is there a problem?",Not covered,-,,,Not addressed.,original,S-0300,
Batch 2,missed_posting_consequence,"If I don't like the state I was posted to and forfeit the current posting, can I wait for the next batch?",Not covered,-,,,Not addressed.,original,S-0301,
Batch 2,missed_posting_consequence,"If I wait for the next batch after forfeiting my current posting, will I be posted to the same state?",Not covered,-,,,Not addressed.,original,S-0302,
Batch 2,jamb_name_mismatch,Can I register for NYSC if my name on my JAMB admission letter does not exactly match my certificate?,Not covered,guide,,,No explicit list of required JAMB documents.,original,S-0303,
Batch 2,jamb_name_mismatch,Will a discrepancy between my JAMB admission letter and certificate prevent me from entering camp?,Not covered,guide,,,No explicit list of required JAMB documents.,original,S-0304,
Batch 2,name_correction,Can I request name correction after completing NYSC registration?,Covered,PDF,https://www.nysc.gov.ng/downloads/onlinefaq.pdf,Correction of Name,Login to dashboard > Apply for Name Correction > fill fields > Place Request. NYSC does not add/remove names; that requires institution to write NYSC directly.,original,S-0292,
Batch 2,name_correction,Can I report to camp while my name correction is still pending?,Covered,PDF,https://www.nysc.gov.ng/downloads/onlinefaq.pdf,Correction of Name,Login to dashboard > Apply for Name Correction > fill fields > Place Request. NYSC does not add/remove names; that requires institution to write NYSC directly.,original,S-0306,
Batch 2,ppa_course_matching,"Where can a female lawyer serve in Enugu, preferably at CBN?",Not covered,-,,,No official mechanism described for choosing/influencing PPA.,original,S-0307,
Batch 2,posting_influence,Can someone help me find a PPA for my sister who was posted to Ondo?,Not covered,-,,,No official mechanism described for choosing/influencing PPA.,original,S-0044,
Batch 2,posting_influence,My home address changed from Lagos to Delta. Will this affect my NYSC posting?,Not covered,-,https://www.nysc.gov.ng/downloads/onlinefaq.pdf,Concessional,Only official override is concessional posting: marital ground (posting to husband's state) or health ground -- not general state choice.,original,S-0309,
Batch 2,callup_letter_access,When will Batch A Stream 2 call-up letters be ready?,Covered,PDF/MOBREG,,Mobilization Time Table,Official Mobilization Time Table published at nysc.gov.ng/mobtable.html.,original,S-0195,
Batch 2,callup_letter_access,My call-up letter has not appeared for Stream 2. What should I do?,Not covered,-,,,No troubleshooting guidance found for call-up number delay.,original,S-0195,
Batch 2,noise,I was posted to Kogi. What is the state like for corps members?,,-,,,Not a real question -- excluded from FAQ coverage analysis.,original,S-0312,
Batch 2,noise,I was posted to Imo. Is Imo a good state for corps members?,,-,,,Not a real question -- excluded from FAQ coverage analysis.,original,S-0313,
Batch 2,logistics_arrival_timing,Can I report to camp a day late if I just received my new call-up letter after redeployment?,Not covered,-,,,Not addressed.,original,S-0314,
Batch 2,posting_influence,"If I already have a PPA in mind, how can I make NYSC post me there?",Not covered,-,,,No official mechanism described for choosing/influencing PPA.,original,S-1417,
Batch 2,ppa_registration_status,Does a PPA need to be registered with NYSC before I can request posting there?,Not covered,-,,,Not addressed.,original,S-0316,
Batch 2,posting_influence,What document should a PPA give me if they want me posted to their organisation?,Not covered,-,,,No official mechanism described for choosing/influencing PPA.,original,S-0317,
Batch 2,posting_influence,Where do I submit a placement letter from a company that wants me as a corps member?,Not covered,-,,,No official mechanism described for choosing/influencing PPA.,original,S-1417,
Batch 2,green_card_printing,Why is my Green Card blank?,Not covered,-,,,Term 'Green Card' not addressed in these sources.,original,S-0319,
Batch 2,statement_of_result_requirement,Can I use a statement of result for NYSC?,Not covered,-,,,Not addressed.,original,S-0320,
Batch 2,callup_number_delay,I registered earlier but was moved from Batch A to Batch B. Why are people who registered later getting call-up numbers before me?,Not covered,-,,,No troubleshooting guidance found for call-up number delay.,original,S-0321,
Batch 2,callup_number_delay,Why has my call-up number not appeared even though I registered months ago?,Not covered,-,,,No troubleshooting guidance found for call-up number delay.,original,S-0322,
Batch 2,relocation_general_process,Can I get my relocation approval after spending months in my original state of deployment?,Not covered,-,https://www.nysc.gov.ng/downloads/onlinefaq.pdf,Concessional,Only official override is concessional posting: marital ground (posting to husband's state) or health ground -- not general state choice.,original,S-0257,
Batch 2,jamb_name_mismatch,Please I was meant to follow Batch C but an issue came up from my school. They refused to give me my certificate and statement of result as my middle name was abbreviated in my JAMB admission letter. How can I resolve this quickly so I can join the next graduation list?,Not covered,guide,,,No explicit list of required JAMB documents.,original,S-0323,
Batch 2,senate_list_status,"Also, people from my school who are on the graduation list but are not yet on the Senate list, will they be able to register?",Covered,PDF,https://www.nysc.gov.ng/downloads/onlinefaq.pdf,Senate,"Verify name appears on Senate/Academic Board Approved Result list before registering; if missing, contact institution directly.",original,S-0033,
Batch 2,senate_list_status,Is it possible to see your name on the graduating list and not on the Senate list?,Covered,PDF,https://www.nysc.gov.ng/downloads/onlinefaq.pdf,Senate,"Verify name appears on Senate/Academic Board Approved Result list before registering; if missing, contact institution directly.",original,S-0115,
Batch 2,senate_list_status,"Please, is the Senate list out?",Covered,PDF,https://www.nysc.gov.ng/downloads/onlinefaq.pdf,Senate,"Verify name appears on Senate/Academic Board Approved Result list before registering; if missing, contact institution directly.",original,S-0326,
Batch 2,graduation_date_correction,"I realized that my certificate does not carry the date I graduated, just the date the certificate was issued a year after I graduated. Will there be any issue at camp?",Covered,PDF,https://www.nysc.gov.ng/downloads/onlinefaq.pdf,wrongly exempted,"For wrongly-exempted PCMs: collect original Exemption Certificate from institution, SAO writes signed letter to NYSC HQ stating correct graduation date; then revalidate when portal reopens.",original,S-0327,
Batch 2,registration_documents_general,"What's the next step after registration, because I'm done with mine but it's NOUN, will I still serve?",Covered,MOBREG,https://www.nysc.gov.ng/mobreg.html,Requirements,"Functional email + Nigerian GSM number, correct matriculation number, name must appear on Senate list, compliant passport photo (white/off-white background, full face, centered).",original,S-0328,
Batch 2,registration_payment_issue,I can't create an account because of a service provider network error on the pre-payment page. How do I go about this?,Partial,PDF,https://www.nysc.gov.ng/downloads/onlinefaq.pdf,email address,Account created with a functional email address; no password-recovery procedure described.,original,S-0329,
Batch 2,portal_account_access,I've been waiting for the link to be sent to my email since two days. What should I do?,Partial,PDF,https://www.nysc.gov.ng/downloads/onlinefaq.pdf,email address,Account created with a functional email address; no password-recovery procedure described.,original,S-0330,
Batch 2,monthly_clearance,How do I go about my one month absent?,Not covered,-,,,Not addressed.,original,S-0331,
Batch 2,callup_letter_access,I have been given a call-up number since last stream but no letter up till now and I have not been mobilized. What will I do?,Not covered,-,,,No troubleshooting guidance found for call-up number delay.,original,S-0332,
Batch 2,biometric_capture,I saw my call-up letter and travelled to Adamawa but I was not able to register in camp because my thumbprint verification failed. Will I receive any mail after the old fingerprint is dropped?,Covered,MOBREG/PORTAL,,Printing of Call,"Printing call-up letters is listed as a self-service. N2,786.24 fee required to receive call-up number via SMS and print online; otherwise collect from school.",original,S-0333,
Batch 2,stream_assignment,Will I be able to go with Batch C Stream 2 after my thumbprint issue is resolved?,Covered,PDF/MOBREG,,Mobilization Time Table,Official Mobilization Time Table published at nysc.gov.ng/mobtable.html.,original,S-0334,
Batch 2,noise,"Please, is anyone going from Abuja to Nasarawa for camp?",,-,,,Not a real question -- excluded from FAQ coverage analysis.,original,S-0335,
Batch 2,portal_open_registration_window,"Please, does anyone know when the batch for 2026 will be released or when registration will open?",Covered,PDF/MOBREG,,Mobilization Time Table,Official Mobilization Time Table published at nysc.gov.ng/mobtable.html.,original,S-0336,
Batch 2,missed_posting_consequence,"Is it true that when one ignores the first NYSC posting, he or she will have to wait for another year before getting posted again?",Not covered,-,,,Not addressed.,original,S-0337,
Batch 2,missed_posting_consequence,Will the posting state change in the next posting if the first NYSC posting is ignored?,Not covered,-,,,Not addressed.,original,S-0338,
Batch 2,nerd_clearance_process,"Please, how much is the fee for the NERD application process?",Partial,guide,https://www.nysc.gov.ng/downloads/onlinefaq.pdf,Exclusion Letter,Part-time graduates register online and print their Exclusion Letter from the dashboard. 'NERD' terminology not specifically addressed.,original,S-0339,
Batch 2,nerd_clearance_process,Is NERD registration compulsory for those that registered during the last registration but were not deployed?,Partial,guide,https://www.nysc.gov.ng/downloads/onlinefaq.pdf,Exclusion Letter,Part-time graduates register online and print their Exclusion Letter from the dashboard. 'NERD' terminology not specifically addressed.,original,S-0340,
Batch 2,exemption_certificate,Can a married man get an orientation camp exemption and not participate in the orientation camp exercise?,Covered,PDF,https://www.nysc.gov.ng/downloads/onlinefaq.pdf,Exemption Certificate,Nigeria-trained: collect from institution; corrections only allowed within 3 months of online registration date. Foreign-trained: come to NYSC HQ with original documents for clearance and collection.,original,S-0341,
Batch 2,batch_stream_timing,"On the call-up, which states are NUA and ABU?",Covered,PDF/MOBREG,,Mobilization Time Table,Official Mobilization Time Table published at nysc.gov.ng/mobtable.html.,original,S-0342,
Batch 2,dob_discrepancy_correction,"Please, how long does date-of-birth correction using WAEC take to reflect on the NYSC portal?",Covered,PDF,https://www.nysc.gov.ng/downloads/onlinefaq.pdf,Date of Birth,Get 19/20-digit WAEC verification PIN from First Bank > enter on dashboard DOB correction link > verify. Gap between WAEC date and graduation date must be >=4 years. Different procedure if Exemption Certificate already issued.,original,S-0343,
Batch 2,dob_discrepancy_correction,My dashboard is still showing the old date of birth after I submitted the WAEC correction. What should I do?,Covered,PDF,https://www.nysc.gov.ng/downloads/onlinefaq.pdf,Date of Birth,Get 19/20-digit WAEC verification PIN from First Bank > enter on dashboard DOB correction link > verify. Gap between WAEC date and graduation date must be >=4 years. Different procedure if Exemption Certificate already issued.,original,S-0344,
Batch 2,logistics_curfew_leaving,I would like to exeat from camp after swearing-in. How can I go about it?,Not covered,-,,,Not addressed.,original,S-0345,
Batch 2,graduation_date_correction,How can someone go about changing the date of graduation on the NYSC portal?,Covered,PDF,https://www.nysc.gov.ng/downloads/onlinefaq.pdf,wrongly exempted,"For wrongly-exempted PCMs: collect original Exemption Certificate from institution, SAO writes signed letter to NYSC HQ stating correct graduation date; then revalidate when portal reopens.",original,S-0346,
Batch 2,graduation_date_correction,"Aside from going through the school to effect a change in date of graduation, what can be done?",Covered,PDF,https://www.nysc.gov.ng/downloads/onlinefaq.pdf,wrongly exempted,"For wrongly-exempted PCMs: collect original Exemption Certificate from institution, SAO writes signed letter to NYSC HQ stating correct graduation date; then revalidate when portal reopens.",original,S-0347,
Batch 2,portal_open_registration_window,Is NYSC application still on?,Partial,PDF,https://www.nysc.gov.ng/downloads/onlinefaq.pdf,Mobilization Time Table,Timetable for registration windows published at nysc.gov.ng/mobtable.html.,original,S-0348,
Batch 2,exemption_certificate,"Please, how can I get an exemption letter?",Covered,PDF,https://www.nysc.gov.ng/downloads/onlinefaq.pdf,Exemption Certificate,Nigeria-trained: collect from institution; corrections only allowed within 3 months of online registration date. Foreign-trained: come to NYSC HQ with original documents for clearance and collection.,original,S-0349,
Batch 2,callup_number_delay,Why am I not seeing my call-up number after registering since March?,Not covered,-,,,No troubleshooting guidance found for call-up number delay.,original,S-0322,
Batch 2,callup_number_delay,"Please, has anyone seen a call-up number for someone who applied based on concessional deployment?",Not covered,-,,,No troubleshooting guidance found for call-up number delay.,original,S-0351,
Batch 2,portal_evaluation_status,My dashboard is still showing Batch A while people I registered with have changed to Batch B. What do I do?,Not covered,-,,,Not addressed.,original,S-0352,
Batch 2,ppa_ngo_service,Does an NGO need to give me an acceptance letter before NYSC can post me there?,Not covered,-,,,Not addressed.,original,S-0353,
Batch 2,ppa_ngo_service,Does the NGO have to be registered with NYSC before it can accept corps members?,Not covered,-,,,Not addressed.,original,S-0354,
Batch 2,stream_assignment,Can I choose whether to go with Stream 1 or Stream 2?,Not covered,-,,,No explanation of Stream 1 vs Stream 2 selection logic.,original,S-0355,
Batch 2,graduation_date_correction,Which date does NYSC use when determining my graduation date?,Covered,PDF,https://www.nysc.gov.ng/downloads/onlinefaq.pdf,wrongly exempted,"For wrongly-exempted PCMs: collect original Exemption Certificate from institution, SAO writes signed letter to NYSC HQ stating correct graduation date; then revalidate when portal reopens.",original,S-0356,
Batch 2,graduation_date_correction,Will the graduation date on my statement of result or certificate be used by NYSC?,Covered,PDF,https://www.nysc.gov.ng/downloads/onlinefaq.pdf,wrongly exempted,"For wrongly-exempted PCMs: collect original Exemption Certificate from institution, SAO writes signed letter to NYSC HQ stating correct graduation date; then revalidate when portal reopens.",original,S-0357,
Batch 2,bvn_name_mismatch,My BVN has three names but my school and NYSC records have two names. Will this affect opening my account in camp?,Not covered,-,,,Not addressed.,original,S-0358,
Batch 2,age_eligibility,"If my WAEC date of birth is below 30 but I am currently above 30, can I still serve?",Covered,PDF,https://www.nysc.gov.ng/downloads/onlinefaq.pdf,Date of Birth,Get 19/20-digit WAEC verification PIN from First Bank > enter on dashboard DOB correction link > verify. Gap between WAEC date and graduation date must be >=4 years. Different procedure if Exemption Certificate already issued.,original,S-0103,
Batch 2,revalidation,"I mobilized through my school and my name appeared on the Senate list, but I didn't register. Do I need revalidation?",Covered,PDF,https://www.nysc.gov.ng/downloads/onlinefaq.pdf,Senate,"Verify name appears on Senate/Academic Board Approved Result list before registering; if missing, contact institution directly.",original,S-0034,
Batch 2,revalidation,"If I didn't register after appearing on the Senate list, can I choose any later batch?",Covered,PDF,https://www.nysc.gov.ng/downloads/onlinefaq.pdf,Senate,"Verify name appears on Senate/Academic Board Approved Result list before registering; if missing, contact institution directly.",original,S-0361,
Batch 2,relocation_general_process,How long after being posted can I apply for redeployment?,Partial,PDF,,,Not addressed.,original,S-0362,
Batch 2,relocation_general_process,Can I redeploy to my state of origin?,Partial,PDF,,,Not addressed.,original,S-0026,
Batch 2,senate_list_status,My name is on my school's Senate list but the NYSC portal says no record found. What should I do?,Covered,PDF,https://www.nysc.gov.ng/downloads/onlinefaq.pdf,Senate,"Verify name appears on Senate/Academic Board Approved Result list before registering; if missing, contact institution directly.",original,S-0027,
Batch 2,senate_list_status,How do I know whether my school has uploaded my name to the Senate list?,Covered,PDF,https://www.nysc.gov.ng/downloads/onlinefaq.pdf,Senate,"Verify name appears on Senate/Academic Board Approved Result list before registering; if missing, contact institution directly.",original,S-0364,
Batch 2,senate_list_status,Where can I check the Senate list and graduation list on the NYSC portal?,Covered,PDF,https://www.nysc.gov.ng/downloads/onlinefaq.pdf,Senate,"Verify name appears on Senate/Academic Board Approved Result list before registering; if missing, contact institution directly.",original,S-0364,
Batch 2,senate_list_status,My school releases names in batches. Can my name still be uploaded during Stream 2 registration?,Covered,PDF,https://www.nysc.gov.ng/downloads/onlinefaq.pdf,Senate,"Verify name appears on Senate/Academic Board Approved Result list before registering; if missing, contact institution directly.",original,S-0366,
Batch 2,stream_assignment,"If I registered for Batch C but cannot serve now, can I go with Batch C Stream 2?",Covered,PDF/MOBREG,,Mobilization Time Table,Official Mobilization Time Table published at nysc.gov.ng/mobtable.html.,original,S-0192,
Batch 2,revalidation,"If I don't go with my current batch, do I need to revalidate?",Partial,PDF,https://www.nysc.gov.ng/downloads/onlinefaq.pdf,revalidate,Revalidation opens when the online registration portal reopens (mentioned specifically re: graduation-date correction cases).,original,S-0212,
Batch 2,portal_account_access,I forgot my NYSC portal password and don't remember my security question. How can I recover it?,Partial,PDF,https://www.nysc.gov.ng/downloads/onlinefaq.pdf,email address,Account created with a functional email address; no password-recovery procedure described.,original,S-0369,
Batch 2,portal_account_access,Can NYSC help me recover my portal password if I provide my call-up number and school details?,Partial,PDF,https://www.nysc.gov.ng/downloads/onlinefaq.pdf,email address,Account created with a functional email address; no password-recovery procedure described.,original,S-0370,
Batch 2,discharge_certificate,Can I leave NYSC for a master's programme before completing my service year and still collect my discharge certificate?,Not covered,-,,,Not addressed.,original,S-0371,
Batch 2,logistics_accommodation,Can a corps member get accommodation from a religious group in the state of service?,Not covered,-,,,Not addressed.,original,S-0372,
Batch 2,logistics_accommodation,Are there religious buses available to convey corps members from camp to their LGAs?,Not covered,-,,,Not addressed.,original,S-0373,
Batch 2,ppa_course_matching,Can a computer science graduate serve in a telecommunications company instead of teaching?,Not covered,-,,,Not addressed.,original,S-0374,
Batch 2,ppa_course_matching,Can a computer science graduate serve at a television station or IT firm?,Not covered,-,,,No official mechanism described for choosing/influencing PPA.,original,S-0375,
Batch 2,postpone_defer_service,Can someone with a newborn baby defer NYSC to another batch?,Not covered,-,,,No deferment procedure described.,original,S-0376,
Batch 2,postpone_defer_service,Can a mother with a newborn baby redeploy instead of deferring service?,Not covered,-,,,No deferment procedure described.,original,S-0377,
Batch 2,docs_required_at_camp,Can I use a police report if I lost my school ID card?,Not covered,-,,,Not addressed.,original,S-0378,
Batch 2,bvn_name_mismatch,Will a different name on my BVN affect NYSC camp registration?,Covered,PDF,https://www.nysc.gov.ng/downloads/onlinefaq.pdf,Correction of Name,Login to dashboard > Apply for Name Correction > fill fields > Place Request. NYSC does not add/remove names; that requires institution to write NYSC directly.,original,S-0379,
Batch 2,registration_payment_issue,Do I have to pay the NYSC call-up fee before my call-up number appears?,Covered,MOBREG/PORTAL,,"2,786.24","N2,786.24 fee is optional (needed only for SMS call-up number + online printing). Payment troubleshooting: check Payment Status page with transaction ID, or email nyscsupport@sidmach.com for stuck ATM payments.",original,S-0380,
Batch 2,callup_letter_access,Is there any disadvantage in collecting your call-up letter and number from school rather than paying the N3000 and printing it online?,Partial,PDF/MOBREG,,Printing of Call,"Printing call-up letters is listed as a self-service. N2,786.24 fee required to receive call-up number via SMS and print online; otherwise collect from school.",original,S-0381,
Batch 2,registration_method_at_home,"For those planning to register at home, what would you advise, and what time will the portal be opened?",Partial,PORTAL,https://portal.nysc.org.ng/nysc/FAQ.aspx,Digital Persona,Registration can be done on own computer if a Digital Persona fingerprint USB scanner is attached; otherwise use an accredited registration center/cybercafe.,original,S-0382,
Batch 2,registration_method_at_home,Is there anything else one needs besides an internet connection and fingerprint scanner to register at home?,Partial,PORTAL,https://portal.nysc.org.ng/nysc/FAQ.aspx,Digital Persona,Registration can be done on own computer if a Digital Persona fingerprint USB scanner is attached; otherwise use an accredited registration center/cybercafe.,original,S-0383,
Batch 2,callup_number_vs_letter,Do NYSC still issue a call-up number since they adopted online registration?,Partial,MOBREG,https://www.nysc.gov.ng/mobreg.html,SMS,Paying the fee gets call-up number via SMS + online letter printing; not paying means collecting both from school instead.,original,S-0384,
Batch 2,portal_open_registration_window,What period does the call-up number come out?,Partial,PDF,https://www.nysc.gov.ng/downloads/onlinefaq.pdf,Mobilization Time Table,Timetable for registration windows published at nysc.gov.ng/mobtable.html.,original,S-0385,
Batch 2,portal_open_registration_window,What time will the portal be opened for Batch A registration?,Partial,PDF,https://www.nysc.gov.ng/downloads/onlinefaq.pdf,Mobilization Time Table,Timetable for registration windows published at nysc.gov.ng/mobtable.html.,original,S-0386,
Batch 2,posting_influence,"During online registration, why does NYSC ask for states you have visited before?",Not covered,-,https://www.nysc.gov.ng/downloads/onlinefaq.pdf,Concessional,Only official override is concessional posting: marital ground (posting to husband's state) or health ground -- not general state choice.,original,S-0387,
Batch 2,posting_influence,Does NYSC ask for states you have visited because they don't want to post you there?,Not covered,-,https://www.nysc.gov.ng/downloads/onlinefaq.pdf,Concessional,Only official override is concessional posting: marital ground (posting to husband's state) or health ground -- not general state choice.,original,S-0388,
Batch 2,registration_method_at_home,Can I begin NYSC registration with my phone and later use a computer for fingerprint and scanning?,Partial,PORTAL,https://portal.nysc.org.ng/nysc/FAQ.aspx,Digital Persona,Registration can be done on own computer if a Digital Persona fingerprint USB scanner is attached; otherwise use an accredited registration center/cybercafe.,original,S-0389,
Batch 2,senate_list_status,I graduated in 2014 but the uploaded Senate approved list shows 2015. What is the way out?,Covered,PDF,https://www.nysc.gov.ng/downloads/onlinefaq.pdf,Senate,"Verify name appears on Senate/Academic Board Approved Result list before registering; if missing, contact institution directly.",original,S-0390,
Batch 2,waec_certificate_requirement,Do I need my WAEC certificate in camp for registration?,Not covered,-,,,No explicit statement on WAEC original certificate requirement for registration.,original,S-0391,
Batch 2,posting_influence,Can I pick a state within my own geopolitical zone when choosing my preferred states?,Not covered,-,https://www.nysc.gov.ng/downloads/onlinefaq.pdf,Concessional,Only official override is concessional posting: marital ground (posting to husband's state) or health ground -- not general state choice.,original,S-0392,
Batch 2,senate_list_status,I have a problem of no record found when verifying my name on the NYSC site even though my school says it sent my name. Should I go ahead with registration?,Covered,PDF,https://www.nysc.gov.ng/downloads/onlinefaq.pdf,Senate,"Verify name appears on Senate/Academic Board Approved Result list before registering; if missing, contact institution directly.",original,S-0236,
Batch 2,registration_method_at_home,Can I do NYSC registration at home and later go to the bank to pay for the call-up number?,Partial,PORTAL,https://portal.nysc.org.ng/nysc/FAQ.aspx,Digital Persona,Registration can be done on own computer if a Digital Persona fingerprint USB scanner is attached; otherwise use an accredited registration center/cybercafe.,original,S-0394,
Batch 2,registration_method_at_home,"Can I start filling my NYSC information online, log out, and continue later on another computer?",Partial,PORTAL,https://portal.nysc.org.ng/nysc/FAQ.aspx,Digital Persona,Registration can be done on own computer if a Digital Persona fingerprint USB scanner is attached; otherwise use an accredited registration center/cybercafe.,original,S-0395,
Batch 2,senate_list_status,I use three names on all my documents but my institution uploaded only two names on the NYSC Senate list. What should I do?,Covered,PDF,https://www.nysc.gov.ng/downloads/onlinefaq.pdf,Senate,"Verify name appears on Senate/Academic Board Approved Result list before registering; if missing, contact institution directly.",original,S-0396,
Batch 2,biometric_capture,Where can someone do NYSC biometrics in London?,Covered,MOBREG/PORTAL,,proxy,Must not be done by proxy; same fingers used at registration are checked at camp. Digital Persona U.are.U 4500 scanner required if doing biometrics outside an NYSC office.,original,S-0397,
Batch 2,jamb_number_issue,A withdrawn student's JAMB number was used for me. Can I register with that JAMB number and correct it later?,Partial,PDF,https://www.nysc.gov.ng/downloads/onlinefaq.pdf,Matriculation,"If matriculation/JAMB number already exists as an issue, contact your institution directly (not NYSC).",original,S-0398,
Batch 2,registration_method_at_home,Is registering with SimpleServer okay for NYSC?,Partial,PORTAL,https://portal.nysc.org.ng/nysc/FAQ.aspx,Digital Persona,Registration can be done on own computer if a Digital Persona fingerprint USB scanner is attached; otherwise use an accredited registration center/cybercafe.,original,S-0399,
Batch 2,profile_data_error,How can someone correct a wrong degree classification when they graduated with a 2:1 but NYSC uploaded a third class?,Covered,PDF,https://www.nysc.gov.ng/downloads/onlinefaq.pdf,Class of Degree,Class of Degree and Qualification corrections follow the same dashboard flow as course correction; approval is by institution's SAO.,original,S-0400,
Batch 2,green_card_printing,My call-up number has not been sent to me and my year of admission is missing from my Green Card. Is this an issue?,Not covered,-,,,Term 'Green Card' not addressed in these sources.,original,S-0401,
Batch 2,dob_discrepancy_correction,Is there any need to carry out age verification when the date of birth on my WAEC certificate differs from my other documents?,Covered,PDF,https://www.nysc.gov.ng/downloads/onlinefaq.pdf,Date of Birth,Get 19/20-digit WAEC verification PIN from First Bank > enter on dashboard DOB correction link > verify. Gap between WAEC date and graduation date must be >=4 years. Different procedure if Exemption Certificate already issued.,original,S-0402,
Batch 2,callup_number_vs_letter,How can I identify the state of deployment using the call-up number?,Not covered,-,https://www.nysc.gov.ng/downloads/onlinefaq.pdf,Concessional,Only official override is concessional posting: marital ground (posting to husband's state) or health ground -- not general state choice.,original,S-0403,
Batch 2,admission_year_correction,I registered yesterday but have not seen my call-up number and the portal did not capture my year of admission. Is this a problem?,Not covered,-,,,Not addressed.,original,S-0404,
Batch 2,green_card_printing,I am revalidating my account and have a Green Card but no call-up number. My dashboard says I have not been evaluated even though all my documents are complete. What should I do?,Not covered,-,,,Term 'Green Card' not addressed in these sources.,original,S-0405,
Batch 2,registration_payment_issue,Do I have to pay the N3000 again when revalidating after paying it during a previous registration?,Covered,MOBREG/PORTAL,,"2,786.24","N2,786.24 fee is optional (needed only for SMS call-up number + online printing). Payment troubleshooting: check Payment Status page with transaction ID, or email nyscsupport@sidmach.com for stuck ATM payments.",original,S-0406,
Batch 2,exemption_certificate,My friend finished registration but the dashboard says her exemption letter is being processed. What can she do if she wants to serve?,Covered,PDF,https://www.nysc.gov.ng/downloads/onlinefaq.pdf,Exemption Certificate,Nigeria-trained: collect from institution; corrections only allowed within 3 months of online registration date. Foreign-trained: come to NYSC HQ with original documents for clearance and collection.,original,S-0407,
Batch 2,registration_payment_issue,I paid for NYSC registration with my GTBank Mastercard but my dashboard still says I haven't paid. What should I do?,Covered,MOBREG/PORTAL,,"2,786.24","N2,786.24 fee is optional (needed only for SMS call-up number + online printing). Payment troubleshooting: check Payment Status page with transaction ID, or email nyscsupport@sidmach.com for stuck ATM payments.",original,S-0408,
Batch 2,green_card_printing,Do I have to pay the N3000 before I can print my Green Card?,Not covered,-,,,Term 'Green Card' not addressed in these sources.,original,S-0409,
Batch 2,prior_registration_history,My sister registered for NYSC last year but was not mobilized. Does she need to start the registration all over again?,Covered,PDF,https://www.nysc.gov.ng/downloads/onlinefaq.pdf,Senate,"Verify name appears on Senate/Academic Board Approved Result list before registering; if missing, contact institution directly.",original,S-0410,
Batch 2,portal_account_access,"Please, how do I get my call-up letter if I forgot the email password I used for NYSC registration?",Partial,PDF/MOBREG,,Printing of Call,"Printing call-up letters is listed as a self-service. N2,786.24 fee required to receive call-up number via SMS and print online; otherwise collect from school.",original,S-0411,
Batch 2,callup_number_vs_letter,Does receiving a call-up number guarantee that I will receive a call-up letter?,Partial,MOBREG,https://www.nysc.gov.ng/mobreg.html,SMS,Paying the fee gets call-up number via SMS + online letter printing; not paying means collecting both from school instead.,original,S-0412,
Batch 2,registration_payment_issue,What happens to people who paid the NYSC registration fee but were not mobilized?,Covered,MOBREG/PORTAL,,"2,786.24","N2,786.24 fee is optional (needed only for SMS call-up number + online printing). Payment troubleshooting: check Payment Status page with transaction ID, or email nyscsupport@sidmach.com for stuck ATM payments.",original,S-0413,
Batch 2,callup_letter_access,Must NYSC send an SMS before I can access my call-up letter?,Partial,PDF/MOBREG,,Printing of Call,"Printing call-up letters is listed as a self-service. N2,786.24 fee required to receive call-up number via SMS and print online; otherwise collect from school.",original,S-0414,
Batch 2,name_correction,Can I correct my name in camp if the correction has not reflected before my call-up letter?,Covered,PDF,https://www.nysc.gov.ng/downloads/onlinefaq.pdf,Correction of Name,Login to dashboard > Apply for Name Correction > fill fields > Place Request. NYSC does not add/remove names; that requires institution to write NYSC directly.,original,S-0415,
Batch 2,prior_registration_history,Can someone who has been posted before register again for another batch?,Not covered,-,,,No guidance on re-registration after prior/abandoned NYSC history.,original,S-0416,
Batch 2,revalidation,Can I revalidate during Stream 2 registration without changing my state?,Partial,PDF,https://www.nysc.gov.ng/downloads/onlinefaq.pdf,revalidate,Revalidation opens when the online registration portal reopens (mentioned specifically re: graduation-date correction cases).,original,S-0056,
Batch 2,post_relocation_process,How do I clear with my LGI after redeployment?,Partial,PDF,,,Not addressed.,original,S-0082,
Batch 2,relocation_general_process,Can I change my redeployed state after it has already appeared on my portal?,Partial,PDF,,,Not addressed.,original,S-0142,
Batch 2,relocation_general_process,Is it possible to change the state I was relocated to?,Partial,PDF,https://www.nysc.gov.ng/downloads/onlinefaq.pdf,Relocation after Camp,'Application for Relocation after Camp' is listed as a dashboard self-service; full step-by-step process not detailed.,original,S-0142,
Batch 2,post_relocation_process,Can I report to my new state before printing my relocation letter?,Not covered,-,,,Not addressed.,original,S-0419,
Batch 2,relocation_general_process,What should I do if I cannot print my relocation letter because the state coordinator has not cleared me?,Partial,PDF,https://www.nysc.gov.ng/downloads/onlinefaq.pdf,Relocation after Camp,'Application for Relocation after Camp' is listed as a dashboard self-service; full step-by-step process not detailed.,original,S-0420,
Batch 2,ppa_rejection_reposting,Can I still do monthly thumbprint clearance while waiting for PPA reposting?,Not covered,-,,,No PPA-change procedure described in these sources.,original,S-0133,
Batch 2,ppa_rejection_reposting,Where should I do clearance if my PPA has rejected me and I am waiting for another PPA?,Partial,PDF,,,Not addressed.,original,S-0133,
Batch 2,logistics_arrival_timing,Can I go to camp before the official reporting date?,Not covered,-,,,Not addressed.,original,S-0165,
Batch 2,logistics_arrival_timing,Can I go to camp one day before the official resumption date?,Not covered,-,,,Not addressed.,original,S-0165,
Batch 2,callup_letter_access,Do I need to receive an SMS before my call-up letter becomes available?,Partial,PDF/MOBREG,,Printing of Call,"Printing call-up letters is listed as a self-service. N2,786.24 fee required to receive call-up number via SMS and print online; otherwise collect from school.",original,S-0414,
Batch 2,registration_slip_printing,Why can't I print my registration slip from the dashboard?,Not covered,-,,,Not addressed.,original,S-0426,
Batch 2,green_card_printing,My Green Card has been printed but there is no call-up number on it. What does that mean?,Not covered,-,,,Term 'Green Card' not addressed in these sources.,original,S-0319,
Batch 2,portal_evaluation_status,My dashboard says I have not been evaluated even though I completed registration. What should I do?,Not covered,-,,,Not addressed.,original,S-0428,
Batch 2,senate_list_status,My school submitted a different arrangement of my names to the Senate list. Will this cause a problem at camp?,Covered,PDF,https://www.nysc.gov.ng/downloads/onlinefaq.pdf,Senate,"Verify name appears on Senate/Academic Board Approved Result list before registering; if missing, contact institution directly.",original,S-0429,
Batch 2,waec_certificate_requirement,Can I combine two WAEC results for NYSC registration?,Not covered,-,,,No explicit statement on WAEC original certificate requirement for registration.,original,S-0430,
Batch 2,callup_letter_access,Can I collect my call-up letter from my school instead of paying the online printing fee?,Partial,PDF/MOBREG,,Printing of Call,"Printing call-up letters is listed as a self-service. N2,786.24 fee required to receive call-up number via SMS and print online; otherwise collect from school.",original,S-0381,
Batch 2,callup_letter_access,"If I collect my call-up letter from school, will I still need to print my Green Card?",Partial,PDF/MOBREG,,Printing of Call,"Printing call-up letters is listed as a self-service. N2,786.24 fee required to receive call-up number via SMS and print online; otherwise collect from school.",original,S-0432,
Batch 2,callup_letter_access,Can I get my call-up letter online without receiving an SMS?,Partial,PDF/MOBREG,,Printing of Call,"Printing call-up letters is listed as a self-service. N2,786.24 fee required to receive call-up number via SMS and print online; otherwise collect from school.",original,S-0414,
Batch 2,callup_number_delay,What should I do if NYSC has not mobilized me even though I completed registration?,Not covered,-,,,No troubleshooting guidance found for call-up number delay.,original,S-0322,
Batch 2,registration_payment_issue,Can I get my call-up number without paying the online printing fee?,Covered,MOBREG/PORTAL,,"2,786.24","N2,786.24 fee is optional (needed only for SMS call-up number + online printing). Payment troubleshooting: check Payment Status page with transaction ID, or email nyscsupport@sidmach.com for stuck ATM payments.",original,S-0435,
Batch 2,callup_number_vs_letter,Will NYSC post me if I have received a call-up number?,Partial,MOBREG,https://www.nysc.gov.ng/mobreg.html,SMS,Paying the fee gets call-up number via SMS + online letter printing; not paying means collecting both from school instead.,original,S-0436,
Batch 2,portal_evaluation_status,Why is my NYSC dashboard not showing my deployment state after receiving my call-up letter?,Not covered,-,,,Not addressed.,original,S-0437,
Batch 2,allowance_bank_account,"Concerning opening a bank account during camp, what happens to those who don't have BVN?",Partial,PDF,https://www.nysc.gov.ng/downloads/onlinefaq.pdf,email address,Account created with a functional email address; no password-recovery procedure described.,original,S-0438,
Batch 2,portal_account_access,Is there another way to get my call-up letter if I forgot the email password I used for NYSC registration?,Partial,PDF/MOBREG,,Printing of Call,"Printing call-up letters is listed as a self-service. N2,786.24 fee required to receive call-up number via SMS and print online; otherwise collect from school.",original,S-0439,
Batch 2,callup_number_vs_letter,Does getting a call-up number mean I am entitled to receive a call-up letter?,Partial,MOBREG,https://www.nysc.gov.ng/mobreg.html,SMS,Paying the fee gets call-up number via SMS + online letter printing; not paying means collecting both from school instead.,original,S-0440,
Batch 2,registration_payment_issue,"Why were people who paid the NYSC ₦3,000 not mobilized?",Covered,MOBREG/PORTAL,,"2,786.24","N2,786.24 fee is optional (needed only for SMS call-up number + online printing). Payment troubleshooting: check Payment Status page with transaction ID, or email nyscsupport@sidmach.com for stuck ATM payments.",original,S-0441,
Batch 2,callup_letter_access,Why was I not sent an SMS after my call-up number appeared on my dashboard?,Not covered,-,,,No troubleshooting guidance found for call-up number delay.,original,S-0414,
Batch 2,callup_letter_access,When exactly can we start checking to print the call-up letter online?,Partial,PDF/MOBREG,,Printing of Call,"Printing call-up letters is listed as a self-service. N2,786.24 fee required to receive call-up number via SMS and print online; otherwise collect from school.",original,S-0195,
Batch 2,posting_influence,Can one work his or her preferred state of service outside the choices made during online registration?,Not covered,-,https://www.nysc.gov.ng/downloads/onlinefaq.pdf,Concessional,Only official override is concessional posting: marital ground (posting to husband's state) or health ground -- not general state choice.,original,S-0444,
Batch 2,posting_influence,When is the appropriate time to work for a desired state before posting?,Not covered,-,https://www.nysc.gov.ng/downloads/onlinefaq.pdf,Concessional,Only official override is concessional posting: marital ground (posting to husband's state) or health ground -- not general state choice.,original,S-0444,
Batch 2,work_side_hustle_during_service,Can I learn a skill outside NYSC while serving at the same time?,Not covered,-,,,Not addressed.,original,S-0446,
Batch 2,work_side_hustle_during_service,Are there opportunities to acquire professional certifications in NYSC camp?,Not covered,-,,,Not addressed.,original,S-0447,
Batch 2,cds_general,Is there any posting advantage to joining the OBS group?,Not covered,-,,,Not addressed (CDS is a named department at nysc.gov.ng/cds.html but no FAQ content retrieved).,original,S-0448,
Batch 2,relocation_general_process,Can I change the state I was posted to without applying for redeployment?,Partial,PDF,,,Not addressed.,original,S-0449,
Batch 2,stream_assignment,Can I change my call-up stream from Stream A to Stream B?,Not covered,-,,,No explanation of Stream 1 vs Stream 2 selection logic.,original,S-0355,
Batch 2,ppa_checking_process,Can the site where I am posted be checked using a phone?,Not covered,-,https://www.nysc.gov.ng/downloads/onlinefaq.pdf,Concessional,Only official override is concessional posting: marital ground (posting to husband's state) or health ground -- not general state choice.,original,S-0451,
Batch 2,callup_number_vs_letter,How do I know the area of deployment before receiving my call-up letter?,Not covered,-,https://www.nysc.gov.ng/downloads/onlinefaq.pdf,Concessional,Only official override is concessional posting: marital ground (posting to husband's state) or health ground -- not general state choice.,original,S-0452,
Batch 2,docs_required_at_camp,What documents should I take to camp apart from my statement of result?,Covered,PDF,https://www.nysc.gov.ng/downloads/onlinefaq.pdf,original,Foreign graduates: bring all original uploaded documents + translated certificate. Medical graduates: bring practice license. Failure leads to registration cancellation and no PPA posting.,original,S-0453,
Batch 2,callup_letter_access,Can someone collect a call-up letter from school instead of printing it online?,Partial,PDF/MOBREG,,Printing of Call,"Printing call-up letters is listed as a self-service. N2,786.24 fee required to receive call-up number via SMS and print online; otherwise collect from school.",original,S-0381,
Batch 2,logistics_budget,How much should I budget for NYSC camp expenses?,Not covered,-,,,Not addressed.,original,S-0455,
Batch 2,logistics_accommodation,How many people normally stay in a hostel room in NYSC camp?,Not covered,-,,,Not addressed.,original,S-0456,
Batch 2,logistics_general_experience,How strict are the soldiers and camp officials during orientation?,Not covered,guide,,,Not addressed.,original,S-0457,
Batch 2,logistics_platoon_duties,What happens if my platoon is assigned kitchen duty?,Not covered,-,,,Not addressed.,original,S-0458,
Batch 2,logistics_platoon_duties,How can I avoid platoon duties in camp?,Not covered,-,,,Not addressed.,original,S-0459,
Batch 2,ppa_accommodation,Are there accommodation options for corps members around Jos South?,Not covered,-,,,Not addressed.,original,S-0460,
Batch 2,allowance_amount,How much do ministries in Abuja pay corps members?,Not covered,guide,,,Not addressed.,original,S-0128,
Batch 2,reporting_deadline_after_camp,Can a corps member report to a temporary lodge before reporting to the PPA?,Partial,PDF,https://www.nysc.gov.ng/downloads/onlinefaq.pdf,,Not addressed.,original,S-0462,
Batch 2,reporting_deadline_after_camp,Should I report to my PPA immediately after leaving orientation camp?,Partial,PDF,https://www.nysc.gov.ng/downloads/onlinefaq.pdf,,Not addressed.,original,S-0463,
Batch 2,allowance_amount,Can a PPA pay a corps member an allowance in addition to the federal allowance?,Not covered,guide,,,Not addressed.,original,S-0464,
Batch 2,allowance_amount,Is PPA allowance paid from the month the corps member resumes?,Not covered,guide,,,Not addressed.,original,S-0465,
Batch 2,allowance_payment_issue,Who should I contact if my former state owes me allowance after relocation?,Partial,PDF,,,Not addressed.,original,S-0466,
Batch 2,post_relocation_process,Will a former state continue paying allowance for some months after relocation?,Partial,PDF,,,Not addressed.,original,S-0467,
Batch 3,portal_open_registration_window,Did NYSC close their website for Batch B Stream 1 mobilisation?,Covered,PDF/MOBREG,,Mobilization Time Table,Official Mobilization Time Table published at nysc.gov.ng/mobtable.html.,original,S-0468,
Batch 3,relocation_general_process,How long would I wait for my relocation to be approved before giving up on it?,Partial,PDF,https://www.nysc.gov.ng/downloads/onlinefaq.pdf,Relocation after Camp,'Application for Relocation after Camp' is listed as a dashboard self-service; full step-by-step process not detailed.,original,S-0049,
Batch 3,out_of_scope,Is there any NYSC WhatsApp group here that I can join?,,-,,,Not a real question -- excluded from FAQ coverage analysis.,original,S-0469,
Batch 3,ppa_private_sector,Can someone serve in a tech company in Abuja instead of a school?,Not covered,-,,,Not addressed.,original,S-0470,
Batch 3,ppa_registration_status,How do I know which PPAs are registered with NYSC?,Not covered,-,,,No official mechanism described for choosing/influencing PPA.,original,S-0127,
Batch 3,ppa_course_matching,Can anyone suggest a good PPA for a civil engineer in Ogun State?,Not covered,-,,,No official mechanism described for choosing/influencing PPA.,original,S-0472,
Batch 3,age_eligibility,Can someone be mobilised for service when he or she is exactly 30 years old?,Not covered,-,,,No age-eligibility rule stated in these specific FAQ sources.,original,S-0473,
Batch 3,final_clearance,Is it possible to get the NYSC certificate after missing three months of clearance and being locked out of the portal?,Not covered,-,,,Not addressed.,original,S-0474,
Batch 3,relocation_status_tracking,Is there still hope for relocation approval if it has not reflected by the end of camp?,Not covered,-,,,Not addressed.,original,S-0475,
Batch 3,monthly_clearance,Will missing the first clearance affect my allowance while waiting for relocation?,Partial,PDF,,,Not addressed.,original,S-0476,
Batch 3,name_correction,Can someone with a middle-name discrepancy in JAMB still be mobilised for NYSC?,Covered,PDF,https://www.nysc.gov.ng/downloads/onlinefaq.pdf,Correction of Name,Login to dashboard > Apply for Name Correction > fill fields > Place Request. NYSC does not add/remove names; that requires institution to write NYSC directly.,original,S-0477,
Batch 3,general_meta_about_nysc,Did any NYSC batch round up service within the last two weeks?,Not covered,guide,,,"These are administrative/procedural FAQs, not general 'what is NYSC' explainer content.",original,S-0478,
Batch 3,ppa_private_sector,Can a person serve in a private firm during NYSC?,Not covered,-,,,Not addressed.,original,S-0479,
Batch 3,ppa_registration_status,Is there a way to know which private firms are registered with NYSC?,Not covered,-,,,Not addressed.,original,S-0127,
Batch 3,prior_registration_history,How would someone serve after registering for NYSC with a first bachelor's degree but later completing medicine and surgery?,Not covered,-,,,No guidance on re-registration after prior/abandoned NYSC history.,original,S-0481,
Batch 3,prior_registration_history,Must someone complete the previous NYSC service after registering but not reporting because they started another degree?,Not covered,-,,,No guidance on re-registration after prior/abandoned NYSC history.,original,S-0482,
Batch 3,ppa_private_sector,Can a PCM serve in a private firm if the firm is registered with NYSC?,Not covered,-,,,Not addressed.,original,S-0483,
Batch 3,ppa_registration_status,How can I know registered firms in a particular city?,Not covered,-,,,Not addressed.,original,S-0127,
Batch 3,prior_registration_history,Can someone recruited as a police constable go for NYSC after completing a degree before joining the police?,Not covered,-,,,No guidance on re-registration after prior/abandoned NYSC history.,original,S-0485,
Batch 3,registration_method_at_home,Can I do my NYSC registration with my phone or must I use an accredited cafe?,Partial,PORTAL,https://portal.nysc.org.ng/nysc/FAQ.aspx,Digital Persona,Registration can be done on own computer if a Digital Persona fingerprint USB scanner is attached; otherwise use an accredited registration center/cybercafe.,original,S-0486,
Batch 3,logistics_belongings_mixed_up,Are there problems such as clothes getting mixed up with another person's belongings in orientation camp?,Not covered,-,,,Not addressed.,original,S-0487,
Batch 3,allowance_payment_issue,Are we supposed to receive the final allowance before POP or after?,Not covered,-,,,Not addressed.,original,S-0488,
Batch 3,allowance_bank_account,Will a BVN birth year that differs from the NIN birth year affect receiving or withdrawing NYSC allowance?,Not covered,-,,,Not addressed.,original,S-0489,
Batch 3,postpone_defer_service,How can a 2014 graduate who is ready to serve now begin the NYSC process?,Not covered,-,,,No deferment procedure described.,original,S-0490,
Batch 3,age_eligibility,Can someone who will be 29 at graduation postpone NYSC and serve later?,Not covered,-,,,No age-eligibility rule stated in these specific FAQ sources.,original,S-0491,
Batch 3,callup_letter_access,How do I reprint my NYSC call-up letter when the option has disappeared from my dashboard?,Partial,PDF/MOBREG,,Printing of Call,"Printing call-up letters is listed as a self-service. N2,786.24 fee required to receive call-up number via SMS and print online; otherwise collect from school.",original,S-0492,
Batch 3,relocation_general_process,Can someone redeploy while already serving?,Partial,PDF,,,Not addressed.,original,S-0036,
Batch 3,dob_discrepancy_correction,How do I resolve a JAMB date-of-birth discrepancy before NYSC registration?,Covered,PDF,https://www.nysc.gov.ng/downloads/onlinefaq.pdf,Date of Birth,Get 19/20-digit WAEC verification PIN from First Bank > enter on dashboard DOB correction link > verify. Gap between WAEC date and graduation date must be >=4 years. Different procedure if Exemption Certificate already issued.,original,S-0267,
Batch 3,camp_kit,Is it advisable to get rubber tennis shoes after getting the normal or leather tennis shoes?,Not covered,-,,,Not addressed.,original,S-0001,
Batch 3,camp_kit,Is a V-neck white T-shirt allowed in camp?,Not covered,-,,,Not addressed.,original,S-0002,
Batch 3,logistics_laundry,How does one go about washing clothes in camp since clothes get stolen?,Not covered,-,,,Not addressed.,original,S-0496,
Batch 3,marital_family_accommodation,Do married women also have to go to orientation camp?,Covered,PDF/MOBREG,,married,"Married female PCMs upload marriage certificate, evidence of name change, and husband's place of domicile/ID during registration for concessional posting to husband's state.",original,S-0497,
Batch 3,marital_family_accommodation,"If married women have to camp, when should they report to camp?",Covered,PDF/MOBREG,,married,"Married female PCMs upload marriage certificate, evidence of name change, and husband's place of domicile/ID during registration for concessional posting to husband's state.",original,S-0498,
Batch 3,marital_family_accommodation,"If pregnant women are not allowed in camp, does that mean they cannot serve?",Covered,PDF/MOBREG,,married,"Married female PCMs upload marriage certificate, evidence of name change, and husband's place of domicile/ID during registration for concessional posting to husband's state.",original,S-0499,
Batch 3,serve_at_current_workplace,I am presently working. How can I influence my NYSC posting to my place of work?,Not covered,-,,,No official mechanism described for choosing/influencing PPA.,original,S-0500,
Batch 3,docs_required_at_camp,My school has collected my ID card. Will there be a problem at camp if I cannot provide one?,Not covered,-,,,Not addressed.,original,S-0188,
Batch 3,docs_required_at_camp,What credentials will be needed for screening at camp?,Covered,PDF,https://www.nysc.gov.ng/downloads/onlinefaq.pdf,original,Foreign graduates: bring all original uploaded documents + translated certificate. Medical graduates: bring practice license. Failure leads to registration cancellation and no PPA posting.,original,S-0453,
Batch 3,camp_items_allowed,How do I deal with the situation if I am posted to a far state and need my laptop after camp?,Not covered,-,,,Not addressed.,original,S-0160,
Batch 3,camp_items_allowed,Can I take my laptop into NYSC camp?,Not covered,-,,,Not addressed.,original,S-0012,
Batch 3,batch_stream_timing,Can Stream 2 corps members finish one month earlier than Stream 1?,Covered,PDF/MOBREG,,Mobilization Time Table,Official Mobilization Time Table published at nysc.gov.ng/mobtable.html.,original,S-0505,
Batch 3,ppa_type_non_teaching,Can I get posted to a ministry instead of a school?,Not covered,-,,,No official mechanism described for choosing/influencing PPA.,original,S-0506,
Batch 3,ppa_course_matching,"Can my course of study determine whether I am posted to education, health or agriculture?",Not covered,-,,,No official mechanism described for choosing/influencing PPA.,original,S-0507,
Batch 3,ppa_type_non_teaching,"Can I get posted to a university, polytechnic or college instead of a primary or secondary school?",Not covered,-,,,Not addressed.,original,S-0508,
Batch 3,ppa_private_sector,Is it possible to get posted to a bank or private company?,Not covered,-,,,Not addressed.,original,S-0509,
Batch 3,posting_influence,Can a request letter from a company help me get posted there?,Not covered,-,,,No official mechanism described for choosing/influencing PPA.,original,S-0176,
Batch 3,reporting_deadline_after_camp,Should I report to my PPA before going home after camp?,Partial,PDF,https://www.nysc.gov.ng/downloads/onlinefaq.pdf,,Not addressed.,original,S-0511,
Batch 3,reporting_deadline_after_camp,Can I report to a temporary lodge before reporting to my PPA?,Partial,PDF,https://www.nysc.gov.ng/downloads/onlinefaq.pdf,,Not addressed.,original,S-0512,
Batch 3,green_card_printing,Do I need to pay before printing my Green Card?,Not covered,-,,,Term 'Green Card' not addressed in these sources.,original,S-0409,
Batch 3,registration_payment_issue,What happens if I click print slip and the portal says I have not paid?,Covered,MOBREG/PORTAL,,"2,786.24","N2,786.24 fee is optional (needed only for SMS call-up number + online printing). Payment troubleshooting: check Payment Status page with transaction ID, or email nyscsupport@sidmach.com for stuck ATM payments.",original,S-0514,
Batch 3,jamb_number_issue,Why is my JAMB number showing as nonexistent on the NYSC portal?,Partial,PDF,https://www.nysc.gov.ng/downloads/onlinefaq.pdf,Matriculation,"If matriculation/JAMB number already exists as an issue, contact your institution directly (not NYSC).",original,S-0515,
Batch 3,name_correction,I have two conflicting middle names between my JAMB records. What should I do?,Covered,PDF,https://www.nysc.gov.ng/downloads/onlinefaq.pdf,Correction of Name,Login to dashboard > Apply for Name Correction > fill fields > Place Request. NYSC does not add/remove names; that requires institution to write NYSC directly.,original,S-0055,
Batch 3,jamb_number_issue,Can I register for NYSC if my JAMB number cannot be found?,Partial,PDF,https://www.nysc.gov.ng/downloads/onlinefaq.pdf,Matriculation,"If matriculation/JAMB number already exists as an issue, contact your institution directly (not NYSC).",original,S-0517,
Batch 3,serve_at_current_workplace,Can I serve in the same state where I am currently working?,Not covered,-,,,Not addressed.,original,S-0518,
Batch 3,serve_at_current_workplace,How can I influence my NYSC posting to my current place of employment?,Not covered,-,,,No official mechanism described for choosing/influencing PPA.,original,S-0519,
Batch 3,posting_influence,Can I request posting to a particular state outside the states I selected during registration?,Not covered,-,https://www.nysc.gov.ng/downloads/onlinefaq.pdf,Concessional,Only official override is concessional posting: marital ground (posting to husband's state) or health ground -- not general state choice.,original,S-0444,
Batch 3,posting_influence,Does visiting a state before NYSC registration affect the state I will be posted to?,Not covered,-,https://www.nysc.gov.ng/downloads/onlinefaq.pdf,Concessional,Only official override is concessional posting: marital ground (posting to husband's state) or health ground -- not general state choice.,original,S-0521,
Batch 3,docs_required_at_camp,Can I use a photocopy of my statement of result at camp?,Covered,PDF,,,Not addressed.,original,S-0522,
Batch 3,statement_of_result_requirement,Will NYSC accept an attestation letter instead of a statement of result?,Not covered,-,,,Not addressed.,original,S-0523,
Batch 3,docs_required_at_camp,What happens if my statement of result is not ready before camp?,Covered,PDF,,,Not addressed.,original,S-0124,
Batch 3,docs_required_at_camp,Can I attend camp with only my school ID and admission letter?,Covered,PDF,https://www.nysc.gov.ng/downloads/onlinefaq.pdf,original,Foreign graduates: bring all original uploaded documents + translated certificate. Medical graduates: bring practice license. Failure leads to registration cancellation and no PPA posting.,original,S-0525,
Batch 3,foreign_graduate_verification,Do foreign-trained graduates need to bring their original certificates to physical verification?,Covered,PDF/MOBREG,,Foreign,"Foreign graduates must bring original uploaded documents plus translated certificate to camp; verification now happens at camp, not HQ. See foreignmobreq.html for full requirements.",original,S-0526,
Batch 3,foreign_graduate_verification,Can I register for NYSC if my foreign university has not sent my transcript?,Covered,PDF/MOBREG,,Foreign,"Foreign graduates must bring original uploaded documents plus translated certificate to camp; verification now happens at camp, not HQ. See foreignmobreq.html for full requirements.",original,S-0527,
Batch 3,course_of_study_correction,How do I correct my course of study on the NYSC portal?,Covered,PDF,https://www.nysc.gov.ng/downloads/onlinefaq.pdf,Correction of Course,"Login to dashboard > Correction of Course of Study link > select correct course > Send Request. Approval is done by your institution's Student Affairs Officer (SAO), not NYSC.",original,S-0528,
Batch 3,institution_details_correction,Can I change my institution details after completing registration?,Not covered,-,,,Not addressed.,original,S-0529,
Batch 3,course_of_study_correction,My school uploaded the wrong course of study. How can it be corrected?,Covered,PDF,https://www.nysc.gov.ng/downloads/onlinefaq.pdf,Correction of Course,"Login to dashboard > Correction of Course of Study link > select correct course > Send Request. Approval is done by your institution's Student Affairs Officer (SAO), not NYSC.",original,S-0530,
Batch 3,institution_details_correction,Can NYSC correct my institution name after registration?,Covered,PDF,https://www.nysc.gov.ng/downloads/onlinefaq.pdf,Correction of Name,Login to dashboard > Apply for Name Correction > fill fields > Place Request. NYSC does not add/remove names; that requires institution to write NYSC directly.,original,S-0531,
Batch 3,graduation_date_correction,Why is my school showing an incorrect graduation year on the NYSC portal?,Covered,PDF,https://www.nysc.gov.ng/downloads/onlinefaq.pdf,Correction of Course,"Login to dashboard > Correction of Course of Study link > select correct course > Send Request. Approval is done by your institution's Student Affairs Officer (SAO), not NYSC.",original,S-0532,
Batch 3,graduation_date_correction,Can my school correct my graduation date after NYSC registration?,Covered,PDF,https://www.nysc.gov.ng/downloads/onlinefaq.pdf,Correction of Course,"Login to dashboard > Correction of Course of Study link > select correct course > Send Request. Approval is done by your institution's Student Affairs Officer (SAO), not NYSC.",original,S-0533,
Batch 3,course_of_study_correction,Can I be mobilized if my school has not uploaded my academic details?,Covered,PDF,https://www.nysc.gov.ng/downloads/onlinefaq.pdf,Correction of Course,"Login to dashboard > Correction of Course of Study link > select correct course > Send Request. Approval is done by your institution's Student Affairs Officer (SAO), not NYSC.",original,S-0534,
Batch 3,senate_list_status,How long does it take for a newly uploaded name to appear on the Senate list?,Covered,PDF,https://www.nysc.gov.ng/downloads/onlinefaq.pdf,Senate,"Verify name appears on Senate/Academic Board Approved Result list before registering; if missing, contact institution directly.",original,S-0535,
Batch 3,senate_list_status,What should I do if my name is missing from my school's graduation list?,Covered,PDF,https://www.nysc.gov.ng/downloads/onlinefaq.pdf,Senate,"Verify name appears on Senate/Academic Board Approved Result list before registering; if missing, contact institution directly.",original,S-0536,
Batch 3,jamb_number_issue,Can I register for NYSC if my name is on the Senate list but my matriculation number is wrong?,Partial,PDF,https://www.nysc.gov.ng/downloads/onlinefaq.pdf,Matriculation,"If matriculation/JAMB number already exists as an issue, contact your institution directly (not NYSC).",original,S-0537,
Batch 3,jamb_number_issue,Will a wrong matriculation number prevent me from getting a call-up number?,Partial,PDF,https://www.nysc.gov.ng/downloads/onlinefaq.pdf,Matriculation,"If matriculation/JAMB number already exists as an issue, contact your institution directly (not NYSC).",original,S-0538,
Batch 3,portal_account_access,Can I change my email address after completing NYSC registration?,Partial,PDF,https://www.nysc.gov.ng/downloads/onlinefaq.pdf,email address,Account created with a functional email address; no password-recovery procedure described.,original,S-0539,
Batch 3,portal_account_access,What should I do if I no longer have access to the phone number used for NYSC registration?,Partial,PDF,https://www.nysc.gov.ng/downloads/onlinefaq.pdf,email address,Account created with a functional email address; no password-recovery procedure described.,original,S-0540,
Batch 3,portal_account_access,Can I recover my NYSC account without the email address I registered with?,Partial,PDF,https://www.nysc.gov.ng/downloads/onlinefaq.pdf,email address,Account created with a functional email address; no password-recovery procedure described.,original,S-0541,
Batch 3,registration_slip_printing,Why is my NYSC dashboard showing an error when I try to print my Green Card?,Not covered,-,,,Term 'Green Card' not addressed in these sources.,original,S-0542,
Batch 3,green_card_printing,Can I print my Green Card more than once?,Not covered,-,,,Term 'Green Card' not addressed in these sources.,original,S-0210,
Batch 3,green_card_printing,Is the Green Card the same thing as the call-up letter?,Not covered,-,,,Term 'Green Card' not addressed in these sources.,original,S-0544,
Batch 3,green_card_printing,Do I need to print my Green Card in colour?,Not covered,-,,,Term 'Green Card' not addressed in these sources.,original,S-0545,
Batch 3,green_card_printing,Can I laminate my Green Card before going to camp?,Not covered,-,,,Term 'Green Card' not addressed in these sources.,original,S-0546,
Batch 3,callup_letter_access,What happens if I lose my call-up letter before travelling to camp?,Partial,PDF/MOBREG,,Printing of Call,"Printing call-up letters is listed as a self-service. N2,786.24 fee required to receive call-up number via SMS and print online; otherwise collect from school.",original,S-0547,
Batch 3,callup_letter_access,Can I reprint my call-up letter if it gets damaged?,Partial,PDF/MOBREG,,Printing of Call,"Printing call-up letters is listed as a self-service. N2,786.24 fee required to receive call-up number via SMS and print online; otherwise collect from school.",original,S-0547,
Batch 3,logistics_arrival_timing,Can I change my date of reporting after receiving my call-up letter?,Not covered,-,,,Not addressed.,original,S-0549,
Batch 3,logistics_arrival_timing,What happens if I arrive at the orientation camp after registration has closed?,Not covered,-,,,Not addressed.,original,S-0550,
Batch 3,callup_letter_access,Can NYSC allow me into camp if my call-up letter is for another date?,Partial,PDF/MOBREG,,Printing of Call,"Printing call-up letters is listed as a self-service. N2,786.24 fee required to receive call-up number via SMS and print online; otherwise collect from school.",original,S-0551,
Batch 3,registration_method_at_home,Can I do my NYSC registration with my phone or does it have to be done at an accredited cafe?,Partial,PORTAL,https://portal.nysc.org.ng/nysc/FAQ.aspx,Digital Persona,Registration can be done on own computer if a Digital Persona fingerprint USB scanner is attached; otherwise use an accredited registration center/cybercafe.,original,S-0552,
Batch 3,senate_list_status,"Please, is the Batch B Stream 2 Senate list out online?",Covered,PDF/MOBREG,,Mobilization Time Table,Official Mobilization Time Table published at nysc.gov.ng/mobtable.html.,original,S-0326,
Batch 3,logistics_belongings_mixed_up,"How do I avoid problems like clothes, toiletries or gadgets getting mixed up with other people's belongings in orientation camp?",Not covered,-,,,Not addressed.,original,S-0554,
Batch 3,logistics_general_experience,How is the NYSC camp experience truly like?,Not covered,guide,,,Not addressed.,original,S-0060,
Batch 3,relocation_general_process,My three-month relocation was approved to another state but I cannot print my relocation letter. What should I do?,Partial,PDF,https://www.nysc.gov.ng/downloads/onlinefaq.pdf,Relocation after Camp,'Application for Relocation after Camp' is listed as a dashboard self-service; full step-by-step process not detailed.,original,S-0420,
Batch 3,portal_open_registration_window,When is the next registration for NYSC?,Covered,PDF/MOBREG,,Mobilization Time Table,Official Mobilization Time Table published at nysc.gov.ng/mobtable.html.,original,S-0556,
Batch 3,allowance_amount,"Will the next batch receive ₦70,000 or will it still be ₦33,000?",Covered,PDF/MOBREG,,Mobilization Time Table,Official Mobilization Time Table published at nysc.gov.ng/mobtable.html.,original,S-0557,
Batch 3,age_eligibility,Can I be exempted from NYSC based on my current age if I graduated before turning 30?,Not covered,-,,,No age-eligibility rule stated in these specific FAQ sources.,original,S-0111,
Batch 3,batch_stream_timing,Will Batch C be going to camp this year?,Covered,PDF/MOBREG,,Mobilization Time Table,Official Mobilization Time Table published at nysc.gov.ng/mobtable.html.,original,S-0072,
Batch 3,relocation_general_process,I left camp and travelled home without doing documentation because I expected my relocation to work. Now a month has passed and I have missed one clearance. What should I do?,Partial,PDF,https://www.nysc.gov.ng/downloads/onlinefaq.pdf,Marriage Certificate,"To relocate to husband's state: Marriage Certificate, Newspaper publication for change of name, Letter from husband's employer, husband's means of ID.",original,S-0560,
Batch 3,callup_letter_access,Why is the print-slip icon on the NYSC website not responding when I try to print my call-up letter?,Partial,PDF/MOBREG,,Printing of Call,"Printing call-up letters is listed as a self-service. N2,786.24 fee required to receive call-up number via SMS and print online; otherwise collect from school.",original,S-0492,
Batch 3,foreign_graduate_verification,Has anyone had experience going for NYSC after completing an online degree from a foreign university?,Covered,PDF/MOBREG,,Foreign,"Foreign graduates must bring original uploaded documents plus translated certificate to camp; verification now happens at camp, not HQ. See foreignmobreq.html for full requirements.",original,S-0125,
Batch 3,direct_posting,Is direct posting no longer working?,Not covered,-,,,Not addressed.,original,S-0563,
Batch 3,batch_stream_timing,I graduated in 2022 but have not done clearance. When is the next registration for mobilization?,Covered,PDF/MOBREG,,Mobilization Time Table,Official Mobilization Time Table published at nysc.gov.ng/mobtable.html.,original,S-0564,
Batch 3,dob_discrepancy_correction,My NIN date of birth differs from the date of birth I used in JAMB. Will this cause a problem during NYSC registration?,Covered,PDF,https://www.nysc.gov.ng/downloads/onlinefaq.pdf,Date of Birth,Get 19/20-digit WAEC verification PIN from First Bank > enter on dashboard DOB correction link > verify. Gap between WAEC date and graduation date must be >=4 years. Different procedure if Exemption Certificate already issued.,original,S-0227,
Batch 3,dob_discrepancy_correction,Should I change my NIN date of birth to match the one on my JAMB record before NYSC registration?,Covered,PDF,https://www.nysc.gov.ng/downloads/onlinefaq.pdf,Date of Birth,Get 19/20-digit WAEC verification PIN from First Bank > enter on dashboard DOB correction link > verify. Gap between WAEC date and graduation date must be >=4 years. Different procedure if Exemption Certificate already issued.,original,S-0227,
Batch 3,ppa_change_request,Is it possible to change my PPA without the approval of the LGI and PPA?,Not covered,-,,,No PPA-change procedure described in these sources.,original,S-0567,
Batch 3,ppa_change_request,Can someone who has already served for several months change their PPA to another local government without the LGI's approval?,Not covered,-,,,No PPA-change procedure described in these sources.,original,S-0567,
Batch 3,name_correction,I have three names on my JAMB record but only two names on my statement of result and other documents. Will this affect my NYSC registration?,Covered,PDF,https://www.nysc.gov.ng/downloads/onlinefaq.pdf,Correction of Name,Login to dashboard > Apply for Name Correction > fill fields > Place Request. NYSC does not add/remove names; that requires institution to write NYSC directly.,original,S-0477,
Batch 3,name_correction,My NIN has a different name from my statement of result and JAMB. Will this cause an issue during NYSC registration?,Covered,PDF,https://www.nysc.gov.ng/downloads/onlinefaq.pdf,Correction of Name,Login to dashboard > Apply for Name Correction > fill fields > Place Request. NYSC does not add/remove names; that requires institution to write NYSC directly.,original,S-0104,
Batch 3,dob_discrepancy_correction,My WAEC date of birth is different from my JAMB date of birth. What should I do before NYSC mobilization?,Covered,PDF,https://www.nysc.gov.ng/downloads/onlinefaq.pdf,Date of Birth,Get 19/20-digit WAEC verification PIN from First Bank > enter on dashboard DOB correction link > verify. Gap between WAEC date and graduation date must be >=4 years. Different procedure if Exemption Certificate already issued.,original,S-0571,
Batch 3,dob_discrepancy_correction,Can an affidavit resolve a WAEC and JAMB date-of-birth discrepancy during NYSC mobilization?,Covered,PDF,https://www.nysc.gov.ng/downloads/onlinefaq.pdf,Date of Birth,Get 19/20-digit WAEC verification PIN from First Bank > enter on dashboard DOB correction link > verify. Gap between WAEC date and graduation date must be >=4 years. Different procedure if Exemption Certificate already issued.,original,S-0105,
Batch 3,exemption_certificate,Can someone serving in NYSC request deferment and an exemption letter after securing a paramilitary job?,Covered,PDF,https://www.nysc.gov.ng/downloads/onlinefaq.pdf,Exemption Certificate,Nigeria-trained: collect from institution; corrections only allowed within 3 months of online registration date. Foreign-trained: come to NYSC HQ with original documents for clearance and collection.,original,S-0573,
Batch 3,ppa_change_request,Can I change my PPA after six months if the location is too difficult for me?,Not covered,-,,,No PPA-change procedure described in these sources.,original,S-1421,
Batch 3,docs_required_at_camp,My school has not released my statement of result but camp registration is already starting. What can I do?,Covered,PDF,,,Not addressed.,original,S-0124,
Batch 3,general_meta_about_nysc,Can I avoid NYSC service and still receive the NYSC certificate?,Not covered,guide,,,"These are administrative/procedural FAQs, not general 'what is NYSC' explainer content.",original,S-0576,
Batch 3,change_local_government,Can I change my local government again after already changing it once?,Not covered,-,,,Not addressed.,original,S-0577,
Batch 3,change_local_government,Can I transfer to another local government after completing clearance in my current one?,Not covered,-,,,Not addressed.,original,S-0578,
Batch 3,ppa_change_request,Can I change my PPA if the working environment is bad?,Not covered,-,,,No PPA-change procedure described in these sources.,original,S-1420,
Batch 3,ppa_change_request,Can I change my PPA if the school cannot pay me and there is no accommodation?,Not covered,-,,,No PPA-change procedure described in these sources.,original,S-1420,
Batch 3,ppa_change_request,What is the process for changing PPA within the same local government?,Not covered,-,,,Not addressed.,original,S-0247,
Batch 3,ppa_rejection_reposting,Can I find another school myself after getting a PPA rejection?,Partial,PDF,https://www.nysc.gov.ng/downloads/onlinefaq.pdf,Camp Reposting,"'Printing of Place of Primary Assignment Letter after Camp Reposting' is listed as an available self-service, but the underlying process isn't detailed.",original,S-0582,
Batch 3,ppa_change_request,Can I request a PPA change without a rejection letter?,Not covered,-,,,No PPA-change procedure described in these sources.,original,S-0583,
Batch 3,posting_influence,How can I get a PPA at a particular organisation I already have in mind?,Not covered,-,,,No official mechanism described for choosing/influencing PPA.,original,S-1417,
Batch 3,logistics_arrival_timing,Can I show up at camp a day late after receiving a new call-up letter?,Not covered,-,,,Not addressed.,original,S-0314,
Batch 3,portal_open_registration_window,When will Batch B Stream 1 registration begin?,Covered,PDF/MOBREG,,Mobilization Time Table,Official Mobilization Time Table published at nysc.gov.ng/mobtable.html.,original,S-0586,
Batch 3,portal_open_registration_window,When will Batch B Stream 2 registration begin?,Covered,PDF/MOBREG,,Mobilization Time Table,Official Mobilization Time Table published at nysc.gov.ng/mobtable.html.,original,S-0587,
Batch 3,exemption_certificate,Can I expect an exemption letter after starting the process several months ago?,Covered,PDF,https://www.nysc.gov.ng/downloads/onlinefaq.pdf,Exemption Certificate,Nigeria-trained: collect from institution; corrections only allowed within 3 months of online registration date. Foreign-trained: come to NYSC HQ with original documents for clearance and collection.,original,S-0588,
Batch 3,exemption_certificate,How long does it take to receive an exemption letter after completing the process?,Covered,PDF,https://www.nysc.gov.ng/downloads/onlinefaq.pdf,Exemption Certificate,Nigeria-trained: collect from institution; corrections only allowed within 3 months of online registration date. Foreign-trained: come to NYSC HQ with original documents for clearance and collection.,original,S-0589,
Batch 3,relocation_general_process,Can I print my relocation letter if the print option has disappeared?,Partial,PDF,https://www.nysc.gov.ng/downloads/onlinefaq.pdf,Relocation after Camp,'Application for Relocation after Camp' is listed as a dashboard self-service; full step-by-step process not detailed.,original,S-0590,
Batch 3,relocation_general_process,What should I do if NYSC asks me to get clearance from the state coordinator before printing my relocation letter?,Partial,PDF,,,Not addressed.,original,S-0420,
Batch 3,relocation_general_process,Which state coordinator should clear me after I have been relocated?,Partial,PDF,https://www.nysc.gov.ng/downloads/onlinefaq.pdf,Relocation after Camp,'Application for Relocation after Camp' is listed as a dashboard self-service; full step-by-step process not detailed.,original,S-0591,
Batch 3,relocation_general_process,What documents are required for state-coordinator clearance after relocation?,Partial,PDF,https://www.nysc.gov.ng/downloads/onlinefaq.pdf,Marriage Certificate,"To relocate to husband's state: Marriage Certificate, Newspaper publication for change of name, Letter from husband's employer, husband's means of ID.",original,S-0592,
Batch 3,relocation_general_process,Can my LGI apply for my relocation clearance on my behalf?,Partial,PDF,,,Not addressed.,original,S-0593,
Batch 3,relocation_general_process,Can I relocate from Ekiti to Abuja and complete the clearance process there?,Partial,PDF,,,Not addressed.,original,S-0594,
Batch 3,relocation_general_process,Can I change my redeployed state after the relocation has already been approved?,Partial,PDF,,,Not addressed.,original,S-0142,
Batch 3,relocation_cost,Can I reprint a relocation letter after successfully paying the NYSC fee?,Not covered,-,,,"Not addressed (registration/relocation fees not itemized beyond the general N2,786.24 printing fee).",original,S-0595,
Batch 3,relocation_general_process,What should I do if my relocation payment was successful but the print option disappeared?,Partial,PDF,https://www.nysc.gov.ng/downloads/onlinefaq.pdf,Relocation after Camp,'Application for Relocation after Camp' is listed as a dashboard self-service; full step-by-step process not detailed.,original,S-0590,
Batch 3,relocation_general_process,Can I apply for redeployment because of security concerns?,Partial,PDF,,,Not addressed.,original,S-0596,
Batch 3,relocation_general_process,Can I apply for redeployment because of a medical condition?,Partial,PDF,,,Not addressed.,original,S-0597,
Batch 3,relocation_general_process,Can pregnancy be used as a reason for in-camp redeployment?,Partial,PDF,,,Not addressed.,original,S-0598,
Batch 3,relocation_cost,How much does in-camp relocation usually cost?,Not covered,-,,,"Not addressed (registration/relocation fees not itemized beyond the general N2,786.24 printing fee).",original,S-0599,
Batch 3,relocation_general_process,Can I apply for relocation without using an agent?,Not covered,-,,,"Not addressed (registration/relocation fees not itemized beyond the general N2,786.24 printing fee).",original,S-0600,
Batch 3,relocation_general_process,Can I get redeployment approved while still in orientation camp?,Partial,PDF,,,Not addressed.,original,S-0362,
Batch 3,relocation_general_process,Can I request redeployment after leaving orientation camp?,Partial,PDF,,,Not addressed.,original,S-0362,
Batch 3,relocation_general_process,How does the NYSC redeployment process work after camp?,Partial,PDF,,,Not addressed.,original,S-0362,
Batch 3,allowance_bank_account,Are we to open a new bank account for our allowee?,Not covered,guide,,,Not addressed.,original,S-0601,
Batch 3,allowance_bank_account,"If yes, what bank would you recommend?",Not covered,guide,,,Not addressed.,original,S-0602,
Batch 3,camp_items_allowed,Can I come with my car?,Not covered,-,,,Not addressed.,original,S-0040,
Batch 3,camp_kit,"Do we necessarily have to be on tennis shoes, or are other types of white sneakers allowed?",Not covered,-,,,Not addressed.,original,S-0604,
Batch 3,waec_certificate_requirement,I heard you can't go for service with WAEC and NECO results combined together. How true is it?,Not covered,-,,,No explicit statement on WAEC original certificate requirement for registration.,original,S-0605,
Batch 3,saed_program,What are the training programs available in the SAED program?,Not covered,-,,,SAED is a named department at nysc.gov.ng/saed.html but no FAQ detail retrieved.,original,S-0606,
Batch 3,docs_required_at_camp,Must I go to camp with my original certificate?,Covered,PDF,https://www.nysc.gov.ng/downloads/onlinefaq.pdf,original,Foreign graduates: bring all original uploaded documents + translated certificate. Medical graduates: bring practice license. Failure leads to registration cancellation and no PPA posting.,original,S-0066,
Batch 3,logistics_food,How many times do they give food in camp and at what interval?,Not covered,-,,,Not addressed.,original,S-0608,
Batch 3,logistics_general_experience,When is camp fire and what is it all about?,Not covered,guide,,,Not addressed.,original,S-0609,
Batch 3,camp_kit,Can my waist pouch be multicolour?,Not covered,-,,,Not addressed.,original,S-0610,
Batch 3,logistics_accommodation,Are there electric sockets in the hostels?,Not covered,-,,,Not addressed.,original,S-0611,
Batch 3,logistics_accommodation,Are guys allowed in female hostels and vice versa?,Not covered,-,,,Not addressed.,original,S-0612,
Batch 3,camp_items_allowed,Can I go with my chess board?,Not covered,-,,,Not addressed.,original,S-0613,
Batch 3,logistics_food,Do they give pounded yam in camp?,Not covered,-,,,Not addressed.,original,S-0614,
Batch 3,camp_kit,Am I allowed to customize my khaki?,Not covered,-,,,Not addressed.,original,S-0615,
Batch 3,logistics_general_experience,When shall we be finishing daily activities so that we can go and rest?,Not covered,guide,,,Not addressed.,original,S-0616,
Batch 3,certificate_verification,"Please, I need to verify my NYSC certificate urgently. I served in 2004 Batch A. How do I go about it?",Not covered,-,,,Not addressed.,original,S-0617,
Batch 3,jamb_name_mismatch,I have a different name on my JAMB admission letter but I was mobilized with the correct name from my school. Will there be any issue in camp?,Not covered,guide,,,No explicit list of required JAMB documents.,original,S-0618,
Batch 3,name_correction,My JAMB has my three full names and my statement of result has only my surname and first name; the middle name was omitted. Will it affect me for NYSC?,Covered,PDF,https://www.nysc.gov.ng/downloads/onlinefaq.pdf,Correction of Name,Login to dashboard > Apply for Name Correction > fill fields > Place Request. NYSC does not add/remove names; that requires institution to write NYSC directly.,original,S-0477,
Batch 3,medical_fitness_report,Is it too early to get the NYSC medical certificate before registration?,Partial,PDF,https://www.nysc.gov.ng/downloads/onlinefaq.pdf,Health Ground,For health-ground concessional deployment: upload medical report from a Federal or State General Hospital plus doctor's details.,original,S-0620,
Batch 3,ppa_rejection_reposting,My sister has been rejected more than four times in her PPA because there are no vacancies. It has been six months without a PPA. Will this affect her during POP?,Partial,PDF,https://www.nysc.gov.ng/downloads/onlinefaq.pdf,Camp Reposting,"'Printing of Place of Primary Assignment Letter after Camp Reposting' is listed as an available self-service, but the underlying process isn't detailed.",original,S-0621,
Batch 3,olevel_fslc_requirement,"My FSLC has my name arranged differently from WAEC, JAMB and my first-degree certificate. Will this affect me during NYSC or while looking for a job?",Not covered,-,,,Not addressed.,original,S-0622,
Batch 3,ppa_change_request,"I want to serve in Lagos but I don't have any PPA in mind. If I am posted to a school, can I change my PPA to a more suitable one?",Not covered,-,,,No PPA-change procedure described in these sources.,original,S-0623,
Batch 3,jamb_documents_requirement,Is JAMB admission letter compulsory when applying for NYSC?,Not covered,guide,,,No explicit list of required JAMB documents.,original,S-0624,
Batch 3,camp_items_allowed,Is it possible to go to camp with my laptop and leave it with the security?,Not covered,-,,,Not addressed.,original,S-0625,
Batch 3,posting_influence,I am from Delta State but schooled in Port Harcourt. Is it possible to work my posting to any of these states?,Not covered,-,,,Not addressed.,original,S-0282,
Batch 3,jamb_name_mismatch,My name on my JAMB CAPS is different from all my other documents because of the middle name. I applied for JAMB change of name but it wasn't approved. What is the solution towards applying for NYSC?,Covered,PDF,https://www.nysc.gov.ng/downloads/onlinefaq.pdf,Correction of Name,Login to dashboard > Apply for Name Correction > fill fields > Place Request. NYSC does not add/remove names; that requires institution to write NYSC directly.,original,S-0627,
Batch 3,callup_number_delay,I did my registration for Batch B Stream II and didn't get a call-up number. What could have been the case?,Covered,PDF/MOBREG,,Mobilization Time Table,Official Mobilization Time Table published at nysc.gov.ng/mobtable.html.,original,S-0102,
Batch 3,dob_discrepancy_correction,Will my DOB on NIN being different from the one on JAMB affect my NYSC registration?,Covered,PDF,https://www.nysc.gov.ng/downloads/onlinefaq.pdf,Date of Birth,Get 19/20-digit WAEC verification PIN from First Bank > enter on dashboard DOB correction link > verify. Gap between WAEC date and graduation date must be >=4 years. Different procedure if Exemption Certificate already issued.,original,S-0227,
Batch 3,graduation_date_correction,How can someone go about changing the date of graduation on the NYSC portal if the school keeps omitting the correction?,Covered,PDF,https://www.nysc.gov.ng/downloads/onlinefaq.pdf,wrongly exempted,"For wrongly-exempted PCMs: collect original Exemption Certificate from institution, SAO writes signed letter to NYSC HQ stating correct graduation date; then revalidate when portal reopens.",original,S-0630,
Batch 3,disability_accommodation,"Can someone with a one-leg disability go for NYSC, and how will they cope with camp training?",Not covered,-,,,No disability-specific accommodation policy found.,original,S-0631,
Batch 3,ppa_rejection_reposting,Can I still do my monthly clearance if I have been rejected by my PPA and have not yet been reposted?,Not covered,-,,,No PPA-change procedure described in these sources.,original,S-0133,
Batch 3,stream_assignment,"If NYSC deploys me in Stream 1 and I don't go, can I go with Stream 2 instead?",Not covered,-,,,No explanation of Stream 1 vs Stream 2 selection logic.,original,S-0192,
Batch 3,stream_assignment,My dashboard says 'sorry you're not in this stream'; does that mean I'm in Stream 2?,Not covered,-,,,No explanation of Stream 1 vs Stream 2 selection logic.,original,S-0193,
Batch 3,relocation_general_process,"Is Yobe an automatic redeployment state, and how can I redeploy without spending money?",Partial,PDF,,,Not addressed.,original,S-0022,
Batch 3,postpone_defer_service,"For someone who graduated four years ago but now wants to serve, what is the first step?",Not covered,-,,,No deferment procedure described.,original,S-0635,
Batch 3,relocation_general_process,"Is Adamawa an automatic redeployment state, and where is the camp located?",Partial,PDF,,,Not addressed.,original,S-0022,
Batch 3,registration_method_at_home,Can I do NYSC registration at home by myself?,Partial,PORTAL,https://portal.nysc.org.ng/nysc/FAQ.aspx,Digital Persona,Registration can be done on own computer if a Digital Persona fingerprint USB scanner is attached; otherwise use an accredited registration center/cybercafe.,original,S-0636,
Batch 3,biometric_capture,Can I capture my NYSC biometrics using my computer's fingerprint reader?,Covered,MOBREG/PORTAL,,proxy,Must not be done by proxy; same fingers used at registration are checked at camp. Digital Persona U.are.U 4500 scanner required if doing biometrics outside an NYSC office.,original,S-0637,
Batch 3,senate_list_status,Why does the Senate list search say no record found even though my school says my name has been uploaded?,Covered,PDF,https://www.nysc.gov.ng/downloads/onlinefaq.pdf,Senate,"Verify name appears on Senate/Academic Board Approved Result list before registering; if missing, contact institution directly.",original,S-0027,
Batch 3,nhis_health_insurance,"Does NYSC have health insurance, and how does it work?",Not covered,-,,,"Note: nysc.gov.ng has a separate 'NHIA Enrolment' page linked in the nav, but no FAQ content on it was retrieved.",original,S-0639,
Batch 3,posting_influence,Can NYSC influence my posting to Abuja?,Not covered,-,,,No official mechanism described for choosing/influencing PPA.,original,S-0209,
Batch 3,direct_posting,How much is direct posting to Lagos?,Not covered,-,,,Not addressed.,original,S-0641,
Batch 3,direct_posting,"If direct posting doesn't work out, is there a refund?",Not covered,-,,,Not addressed.,original,S-0642,
Batch 3,relocation_cost,How much is fast relocation from Anambra to Kaduna?,Not covered,-,,,"Not addressed (registration/relocation fees not itemized beyond the general N2,786.24 printing fee).",original,S-0643,
Batch 3,relocation_general_process,Do you do the relocation work before payment?,Partial,PDF,https://www.nysc.gov.ng/downloads/onlinefaq.pdf,Relocation after Camp,'Application for Relocation after Camp' is listed as a dashboard self-service; full step-by-step process not detailed.,original,S-0600,
Batch 3,relocation_general_process,How long does regular relocation take after payment?,Partial,PDF,https://www.nysc.gov.ng/downloads/onlinefaq.pdf,Relocation after Camp,'Application for Relocation after Camp' is listed as a dashboard self-service; full step-by-step process not detailed.,original,S-0049,
Batch 3,posting_influence,Can someone influence NYSC posting to a particular state?,Not covered,-,,,No official mechanism described for choosing/influencing PPA.,original,S-0209,
Batch 3,olevel_fslc_requirement,Do I need the original O-level certificate for NYSC registration?,Not covered,-,,,Not addressed.,original,S-0645,
Batch 3,logistics_general_experience,Can a PCM avoid taking the vaccine before going to camp?,Not covered,guide,,,Not addressed.,original,S-0646,
Batch 3,graduation_date_correction,Will the NYSC certificate carry the year entered during registration or the year supplied by the school?,Covered,PDF,https://www.nysc.gov.ng/downloads/onlinefaq.pdf,wrongly exempted,"For wrongly-exempted PCMs: collect original Exemption Certificate from institution, SAO writes signed letter to NYSC HQ stating correct graduation date; then revalidate when portal reopens.",original,S-0647,
Batch 3,relocation_general_process,"Between direct posting and redeployment to Lagos, which has the higher success rate?",Partial,PDF,,,Not addressed.,original,S-0594,
Batch 3,ppa_course_matching,Can I get a good PPA in Ogun if I studied Biochemistry and prefer a manufacturing company?,Not covered,-,,,No official mechanism described for choosing/influencing PPA.,original,S-0648,
Batch 3,logistics_arrival_timing,Can I show up at camp a day late after getting a new call-up letter?,Not covered,-,,,Not addressed.,original,S-0314,
Batch 3,batch_stream_timing,When is Batch B 2025?,Covered,PDF/MOBREG,,Mobilization Time Table,Official Mobilization Time Table published at nysc.gov.ng/mobtable.html.,original,S-0072,
Batch 3,relocation_general_process,Will I still be able to relocate without going back to my original state?,Partial,PDF,https://www.nysc.gov.ng/downloads/onlinefaq.pdf,Relocation after Camp,'Application for Relocation after Camp' is listed as a dashboard self-service; full step-by-step process not detailed.,original,S-0651,
Batch 3,relocation_general_process,What can I do if my relocation is still processing after camp closes?,Partial,PDF,https://www.nysc.gov.ng/downloads/onlinefaq.pdf,Relocation after Camp,'Application for Relocation after Camp' is listed as a dashboard self-service; full step-by-step process not detailed.,original,S-0652,
Batch 3,relocation_general_process,Why is my relocation still processing when other people have already received approval?,Partial,PDF,https://www.nysc.gov.ng/downloads/onlinefaq.pdf,Relocation after Camp,'Application for Relocation after Camp' is listed as a dashboard self-service; full step-by-step process not detailed.,original,S-0653,
Batch 3,exemption_certificate,Can I register again for NYSC after already receiving an exemption certificate?,Covered,PDF,https://www.nysc.gov.ng/downloads/onlinefaq.pdf,Exemption Certificate,Nigeria-trained: collect from institution; corrections only allowed within 3 months of online registration date. Foreign-trained: come to NYSC HQ with original documents for clearance and collection.,original,S-0654,
Batch 3,reporting_deadline_after_camp,What is the maximum number of days I can stay before reporting to my PPA after camp?,Partial,PDF,https://www.nysc.gov.ng/downloads/onlinefaq.pdf,,Not addressed.,original,S-0655,
Batch 3,cds_general,Please recommend a good CDS group that can add value to my CV.,Not covered,-,,,Not addressed (CDS is a named department at nysc.gov.ng/cds.html but no FAQ content retrieved).,original,S-0656,
Batch 3,remobilization_after_abandon,What is remobilization and how does it work?,Not covered,-,,,No remobilization/abandonment process described.,original,S-0075,
Batch 3,reporting_deadline_after_camp,How long can I stay before reporting to my PPA after leaving camp?,Partial,PDF,https://www.nysc.gov.ng/downloads/onlinefaq.pdf,,Not addressed.,original,S-0658,
Batch 3,posting_influence,Can I get a PPA at a particular organisation where I already want to work?,Not covered,-,,,No official mechanism described for choosing/influencing PPA.,original,S-1417,
Batch 3,posting_influence,How can I inform NYSC about a PPA I already have in mind?,Not covered,-,,,No official mechanism described for choosing/influencing PPA.,original,S-1417,
Batch 3,posting_influence,Can a request letter from my preferred PPA make NYSC post me there?,Not covered,-,,,No official mechanism described for choosing/influencing PPA.,original,S-0176,
Batch 3,ppa_private_sector,Can I be posted to a private company instead of a school?,Not covered,-,,,Not addressed.,original,S-0662,
Batch 3,ppa_rejection_reposting,What happens if my PPA rejects me because it has no vacancy?,Partial,PDF,https://www.nysc.gov.ng/downloads/onlinefaq.pdf,Camp Reposting,"'Printing of Place of Primary Assignment Letter after Camp Reposting' is listed as an available self-service, but the underlying process isn't detailed.",original,S-0663,
Batch 3,ppa_rejection_reposting,Can I find another PPA myself after being rejected?,Partial,PDF,https://www.nysc.gov.ng/downloads/onlinefaq.pdf,Camp Reposting,"'Printing of Place of Primary Assignment Letter after Camp Reposting' is listed as an available self-service, but the underlying process isn't detailed.",original,S-0582,
Batch 3,ppa_rejection_reposting,How long does NYSC give a corps member to sort out a rejected PPA?,Partial,PDF,https://www.nysc.gov.ng/downloads/onlinefaq.pdf,,Not addressed.,original,S-0665,
Batch 3,allowance_payment_issue,Will NYSC continue paying allowance while I am sorting out my PPA?,Not covered,-,,,Not addressed.,original,S-0666,
Batch 4,dob_discrepancy_correction,Please which JAMB office did you use for the correction?,Covered,PDF,https://www.nysc.gov.ng/downloads/onlinefaq.pdf,Date of Birth,Get 19/20-digit WAEC verification PIN from First Bank > enter on dashboard DOB correction link > verify. Gap between WAEC date and graduation date must be >=4 years. Different procedure if Exemption Certificate already issued.,original,S-0667,
Batch 4,prior_registration_history,Are there possibilities that I will still be posted again after missing two previous postings?,Not covered,-,,,No guidance on re-registration after prior/abandoned NYSC history.,original,S-0668,
Batch 4,prior_registration_history,Can I use my second degree to apply for exemption and forfeit my first NYSC registration?,Not covered,-,,,No guidance on re-registration after prior/abandoned NYSC history.,original,S-0669,
Batch 4,dob_discrepancy_correction,Can I still make correction of DOB on JAMB before registering for NYSC?,Covered,PDF,https://www.nysc.gov.ng/downloads/onlinefaq.pdf,Date of Birth,Get 19/20-digit WAEC verification PIN from First Bank > enter on dashboard DOB correction link > verify. Gap between WAEC date and graduation date must be >=4 years. Different procedure if Exemption Certificate already issued.,original,S-0267,
Batch 4,dob_discrepancy_correction,Can I visit the JAMB state office with supporting documents to correct my date of birth?,Covered,PDF,https://www.nysc.gov.ng/downloads/onlinefaq.pdf,Date of Birth,Get 19/20-digit WAEC verification PIN from First Bank > enter on dashboard DOB correction link > verify. Gap between WAEC date and graduation date must be >=4 years. Different procedure if Exemption Certificate already issued.,original,S-0667,
Batch 4,jamb_regularization,Do I need JAMB condonement to be eligible for NYSC after doing part-time OND and full-time HND?,Not covered,-,,,Not addressed.,original,S-0672,
Batch 4,portal_open_registration_window,When is the start date for Batch B Stream 2 registration?,Covered,PDF/MOBREG,,Mobilization Time Table,Official Mobilization Time Table published at nysc.gov.ng/mobtable.html.,original,S-0673,
Batch 4,callup_letter_access,Has anyone from Batch B Stream II gotten a call-up letter?,Covered,PDF/MOBREG,,Mobilization Time Table,Official Mobilization Time Table published at nysc.gov.ng/mobtable.html.,original,S-0195,
Batch 4,clearance_logistics_general,Do you need your file to do monthly clearance?,Not covered,-,,,Not addressed.,original,S-0675,
Batch 4,marital_family_accommodation,How can a nursing mother cope with a PPA that gives her 36 teaching periods a week and insists she stays until 4pm?,Covered,PDF/MOBREG,,married,"Married female PCMs upload marriage certificate, evidence of name change, and husband's place of domicile/ID during registration for concessional posting to husband's state.",original,S-0676,
Batch 4,exemption_certificate,What documents does a married graduate need to upload when applying for an exemption letter?,Covered,MOBREG,https://www.nysc.gov.ng/mobreg.html,Requirements,"Functional email + Nigerian GSM number, correct matriculation number, name must appear on Senate list, compliant passport photo (white/off-white background, full face, centered).",original,S-0677,
Batch 4,remobilization_after_abandon,How do I handle remobilisation when I need to refund the allowance received before abandoning NYSC?,Not covered,-,,,No remobilization/abandonment process described.,original,S-0278,
Batch 4,remobilization_after_abandon,Can someone in Abuja help enquire about a remobilisation issue at NYSC headquarters?,Not covered,-,,,No remobilization/abandonment process described.,original,S-0679,
Batch 4,remobilization_after_abandon,Is my remobilisation still valid or do I need to make a new request?,Not covered,-,,,No remobilization/abandonment process described.,original,S-0280,
Batch 4,remobilization_after_abandon,When will NYSC open the platform for remobilisation again?,Not covered,-,,,No remobilization/abandonment process described.,original,S-0281,
Batch 4,remobilization_after_abandon,How do I reconcile my NYSC portal showing 'present' for seven months when I only served for one month?,Not covered,-,,,No remobilization/abandonment process described.,original,S-0279,
Batch 4,jamb_name_mismatch,What is the solution if the name on my JAMB CAPS differs from all my other documents?,Partial,PDF,https://www.nysc.gov.ng/downloads/onlinefaq.pdf,Matriculation,"If matriculation/JAMB number already exists as an issue, contact your institution directly (not NYSC).",original,S-0683,
Batch 4,callup_number_delay,I registered for Batch B Stream II but did not get a call-up number. What could be the reason?,Covered,PDF/MOBREG,,Mobilization Time Table,Official Mobilization Time Table published at nysc.gov.ng/mobtable.html.,original,S-0102,
Batch 4,batch_stream_timing,When is the projected POP date for Batch C Stream 1 and Stream 2?,Covered,PDF/MOBREG,,Mobilization Time Table,Official Mobilization Time Table published at nysc.gov.ng/mobtable.html.,original,S-0685,
Batch 4,jamb_name_mismatch,How can I resolve a middle-name abbreviation in my JAMB admission letter so my school will release my certificate and statement of result?,Not covered,guide,,,No explicit list of required JAMB documents.,original,S-0686,
Batch 4,senate_list_status,Can someone who is on the graduation list but not yet on the Senate list register for NYSC?,Covered,PDF,https://www.nysc.gov.ng/downloads/onlinefaq.pdf,Senate,"Verify name appears on Senate/Academic Board Approved Result list before registering; if missing, contact institution directly.",original,S-0033,
Batch 4,graduation_date_correction,Will a certificate that shows only the certificate issue date instead of the actual graduation date cause a problem at camp?,Covered,PDF,https://www.nysc.gov.ng/downloads/onlinefaq.pdf,wrongly exempted,"For wrongly-exempted PCMs: collect original Exemption Certificate from institution, SAO writes signed letter to NYSC HQ stating correct graduation date; then revalidate when portal reopens.",original,S-0688,
Batch 4,reporting_deadline_after_camp,Can I go directly to my PPA after leaving orientation camp?,Partial,PDF,https://www.nysc.gov.ng/downloads/onlinefaq.pdf,,Not addressed.,original,S-0689,
Batch 4,ppa_change_request,Can I change my PPA to another one in the same local government?,Not covered,-,,,No PPA-change procedure described in these sources.,original,S-0247,
Batch 4,ppa_change_request,Can I change my PPA because the salary is too low and accommodation is unavailable?,Not covered,-,,,No PPA-change procedure described in these sources.,original,S-1420,
Batch 4,ppa_change_request,Can I change my PPA after already completing documentation at the secretariat?,Not covered,-,,,No PPA-change procedure described in these sources.,original,S-1421,
Batch 4,reporting_deadline_after_camp,Can I report to my PPA several days after leaving camp without being penalised?,Partial,PDF,https://www.nysc.gov.ng/downloads/onlinefaq.pdf,,Not addressed.,original,S-0693,
Batch 4,ppa_change_request,Can I get reposted to a PPA of my choice after rejection?,Not covered,-,,,No PPA-change procedure described in these sources.,original,S-0623,
Batch 4,ppa_change_request,Can I request reposting with a letter from the organisation where I want to serve?,Not covered,-,,,No PPA-change procedure described in these sources.,original,S-0623,
Batch 4,serve_at_current_workplace,Can I complete my NYSC service while working at a different organisation from my assigned PPA?,Not covered,-,,,Not addressed.,original,S-0696,
Batch 4,ppa_change_request,Can I change my PPA after starting work there?,Not covered,-,,,No PPA-change procedure described in these sources.,original,S-1421,
Batch 4,posting_influence,Can I choose my posting state?,Not covered,-,https://www.nysc.gov.ng/downloads/onlinefaq.pdf,Concessional,Only official override is concessional posting: marital ground (posting to husband's state) or health ground -- not general state choice.,original,S-1416,
Batch 4,batch_stream_timing,How do I know my NYSC batch?,Covered,PDF/MOBREG,,,Not addressed.,original,S-0699,
Batch 4,ppa_course_matching,How viable is [state] for an engineering graduate?,Not covered,-,,,No official mechanism described for choosing/influencing PPA.,original,S-0700,
Batch 4,ppa_accommodation,"If posted to a tertiary institution, can the university provide accommodation for such corp member?",Not covered,-,,,Not addressed.,original,S-0701,
Batch 4,posting_influence,Does class of degree (aside first class) determine PPA?,Not covered,-,,,No official mechanism described for choosing/influencing PPA.,original,S-0702,
Batch 4,ppa_course_matching,"I have a degree in Geology and Mining and chose Enugu, Akwa Ibom and Lagos. Can you guess a likely PPA?",Not covered,-,,,No official mechanism described for choosing/influencing PPA.,original,S-0703,
Batch 4,posting_influence,Can I influence my posting?,Not covered,-,,,No official mechanism described for choosing/influencing PPA.,original,S-0704,
Batch 4,stream_assignment,BTW how are people selected for the streams?,Not covered,-,,,No explanation of Stream 1 vs Stream 2 selection logic.,original,S-0159,
Batch 4,profile_data_error,On my NYSC mobilization list my gender appeared as female instead of male. Will this pose as a problem?,Covered,PDF,https://www.nysc.gov.ng/downloads/onlinefaq.pdf,Class of Degree,Class of Degree and Qualification corrections follow the same dashboard flow as course correction; approval is by institution's SAO.,original,S-0706,
Batch 4,general_meta_about_nysc,Why is NYSC compulsory for Nigerian youths who have just finished from the higher institution?,Not covered,guide,,,"These are administrative/procedural FAQs, not general 'what is NYSC' explainer content.",original,S-0707,
Batch 4,general_meta_about_nysc,How was your NYSC experience?,Not covered,guide,,,"These are administrative/procedural FAQs, not general 'what is NYSC' explainer content.",original,S-0708,
Batch 4,general_meta_about_nysc,What is NYSC?,Not covered,guide,,,"These are administrative/procedural FAQs, not general 'what is NYSC' explainer content.",original,S-0709,
Batch 4,registration_documents_general,How do I register for NYSC?,Covered,MOBREG,https://www.nysc.gov.ng/mobreg.html,Requirements,"Functional email + Nigerian GSM number, correct matriculation number, name must appear on Senate list, compliant passport photo (white/off-white background, full face, centered).",original,S-0710,
Batch 4,age_eligibility,Am I eligible for NYSC?,Not covered,-,,,No age-eligibility rule stated in these specific FAQ sources.,original,S-0711,
Batch 4,registration_documents_general,What documents are needed for NYSC registration?,Covered,MOBREG,https://www.nysc.gov.ng/mobreg.html,Requirements,"Functional email + Nigerian GSM number, correct matriculation number, name must appear on Senate list, compliant passport photo (white/off-white background, full face, centered).",original,S-0712,
Batch 4,portal_open_registration_window,Can I register after the deadline?,Covered,PDF/MOBREG,,Mobilization Time Table,Official Mobilization Time Table published at nysc.gov.ng/mobtable.html.,original,S-0713,
Batch 4,cds_general,What is CDS in NYSC?,Not covered,-,,,Not addressed (CDS is a named department at nysc.gov.ng/cds.html but no FAQ content retrieved).,original,S-0714,
Batch 4,general_meta_about_nysc,Is NYSC a waste of time?,Not covered,guide,,,"These are administrative/procedural FAQs, not general 'what is NYSC' explainer content.",original,S-0715,
Batch 4,biometric_capture,"I keyed in my details, was told success, login to make payment, but login says I've missed fingerprint 3 times",Covered,MOBREG/PORTAL,,proxy,Must not be done by proxy; same fingers used at registration are checked at camp. Digital Persona U.are.U 4500 scanner required if doing biometrics outside an NYSC office.,original,S-0716,
Batch 4,batch_stream_timing,"This batch B stream 2 is for those who registered March. Does that mean I can't register now, or is it Batch C I should prepare for?",Covered,PDF/MOBREG,,Mobilization Time Table,Official Mobilization Time Table published at nysc.gov.ng/mobtable.html.,original,S-0717,
Batch 4,portal_open_registration_window,When is NYSC Batch A Stream 1 registration starting?,Covered,PDF/MOBREG,,Mobilization Time Table,Official Mobilization Time Table published at nysc.gov.ng/mobtable.html.,original,S-0718,
Batch 4,logistics_arrival_timing,"Please, those that missed the online on-camp registration for very cogent reasons but showed up 6 days late and was told registration had closed -- what should I do now?",Covered,PDF/MOBREG,,Mobilization Time Table,Official Mobilization Time Table published at nysc.gov.ng/mobtable.html.,original,S-0550,
Batch 4,jamb_name_mismatch,"Heard JAMB now has embargo on correction of names, my middle name was abbreviated in my admission letter, need it corrected before certificate issued for service. Any means to correct it?",Covered,PDF,https://www.nysc.gov.ng/downloads/onlinefaq.pdf,Correction of Name,Login to dashboard > Apply for Name Correction > fill fields > Place Request. NYSC does not add/remove names; that requires institution to write NYSC directly.,original,S-0720,
Batch 4,name_correction,I'm at the JAMB office and told to change the name on my NIN to fit what's in my JAMB. Can you imagine that?,Covered,PDF,https://www.nysc.gov.ng/downloads/onlinefaq.pdf,Correction of Name,Login to dashboard > Apply for Name Correction > fill fields > Place Request. NYSC does not add/remove names; that requires institution to write NYSC directly.,original,S-0721,
Batch 4,final_clearance,My clearance officer allowed me to use affidavit and newspaper publication of change of name -- worried it won't affect final year clearance,Not covered,-,,,Not addressed.,original,S-0722,
Batch 4,age_eligibility,"Am I going to be 30 by December, please am I still eligible for NYSC?",Not covered,-,,,No age-eligibility rule stated in these specific FAQ sources.,original,S-0042,
Batch 4,age_eligibility,"Over 30 years before graduation, can I still go for NYSC?",Not covered,-,,,No age-eligibility rule stated in these specific FAQ sources.,original,S-0724,
Batch 4,age_eligibility,Can you serve at 30 or 31?,Not covered,-,,,No age-eligibility rule stated in these specific FAQ sources.,original,S-0473,
Batch 4,nerd_clearance_process,Please I need a PDF copy of the NERD clearance slip form,Partial,guide,https://www.nysc.gov.ng/downloads/onlinefaq.pdf,Exclusion Letter,Part-time graduates register online and print their Exclusion Letter from the dashboard. 'NERD' terminology not specifically addressed.,original,S-0726,
Batch 4,nerd_clearance_process,What is the role of the NERD accredited enrollment centers since I can enroll myself?,Partial,guide,https://www.nysc.gov.ng/downloads/onlinefaq.pdf,Exclusion Letter,Part-time graduates register online and print their Exclusion Letter from the dashboard. 'NERD' terminology not specifically addressed.,original,S-0727,
Batch 4,portal_open_registration_window,Please someone should differentiate between POTAL.NYSC.GOV.NG and www.NYSC.GOV.NG,Partial,PDF,https://www.nysc.gov.ng/downloads/onlinefaq.pdf,Mobilization Time Table,Timetable for registration windows published at nysc.gov.ng/mobtable.html.,original,S-0728,
Batch 4,relocation_general_process,Can I be posted to another state after receiving my call-up letter?,Partial,PDF,,,Not addressed.,original,S-0036,
Batch 4,posting_influence,What if I want to be posted to a specific location?,Not covered,-,,,No official mechanism described for choosing/influencing PPA.,original,S-0704,
Batch 4,relocation_general_process,Can I redeploy during camp?,Partial,PDF,,,Not addressed.,original,S-0362,
Batch 4,relocation_general_process,Can I apply before camp?,Partial,PDF,,,Not addressed.,original,S-0362,
Batch 4,relocation_general_process,Which documents are required for relocation (health/marriage/security)?,Partial,PDF,https://www.nysc.gov.ng/downloads/onlinefaq.pdf,Marriage Certificate,"To relocate to husband's state: Marriage Certificate, Newspaper publication for change of name, Letter from husband's employer, husband's means of ID.",original,S-0730,
Batch 4,relocation_general_process,How long does relocation approval take?,Partial,PDF,https://www.nysc.gov.ng/downloads/onlinefaq.pdf,Relocation after Camp,'Application for Relocation after Camp' is listed as a dashboard self-service; full step-by-step process not detailed.,original,S-0049,
Batch 4,relocation_general_process,Can I reapply if my relocation is rejected?,Partial,PDF,https://www.nysc.gov.ng/downloads/onlinefaq.pdf,Relocation after Camp,'Application for Relocation after Camp' is listed as a dashboard self-service; full step-by-step process not detailed.,original,S-0731,
Batch 4,relocation_general_process,Do I get to choose my preferred state for relocation?,Partial,PDF,https://www.nysc.gov.ng/downloads/onlinefaq.pdf,Relocation after Camp,'Application for Relocation after Camp' is listed as a dashboard self-service; full step-by-step process not detailed.,original,S-0732,
Batch 4,relocation_general_process,What happens if my relocation is not approved?,Partial,PDF,https://www.nysc.gov.ng/downloads/onlinefaq.pdf,Relocation after Camp,'Application for Relocation after Camp' is listed as a dashboard self-service; full step-by-step process not detailed.,original,S-0733,
Batch 4,ppa_rejection_reposting,"Pls pals I need ur help. I was posted to a school very far from my place of residence, how do I get a rejection letter?",Partial,PDF,https://www.nysc.gov.ng/downloads/onlinefaq.pdf,Camp Reposting,"'Printing of Place of Primary Assignment Letter after Camp Reposting' is listed as an available self-service, but the underlying process isn't detailed.",original,S-0734,
Batch 4,marital_family_accommodation,"Abeg NYSC, help me stay close to my husband/family/hospital/job opportunity",Covered,PDF/MOBREG,,married,"Married female PCMs upload marriage certificate, evidence of name change, and husband's place of domicile/ID during registration for concessional posting to husband's state.",original,S-0735,
Batch 4,ppa_registration_status,Is it possible to be posted to where I got a request letter from which is not registered under NYSC?,Not covered,-,,,No official mechanism described for choosing/influencing PPA.,original,S-0736,
Batch 4,relocation_general_process,"My relocation has not worked through, will I still be paid?",Partial,PDF,https://www.nysc.gov.ng/downloads/onlinefaq.pdf,Relocation after Camp,'Application for Relocation after Camp' is listed as a dashboard self-service; full step-by-step process not detailed.,original,S-0737,
Batch 4,relocation_general_process,Can I still relocate?,Partial,PDF,https://www.nysc.gov.ng/downloads/onlinefaq.pdf,Relocation after Camp,'Application for Relocation after Camp' is listed as a dashboard self-service; full step-by-step process not detailed.,original,S-0036,
Batch 4,relocation_general_process,"NYSC called me but I won't be going, why post me to Kano out of all states when I'm staying in Owerri, with insecurity there?",Partial,PDF,,,Not addressed.,original,S-0596,
Batch 4,marital_family_accommodation,Can married women serve close to their husbands?,Covered,PDF/MOBREG,,married,"Married female PCMs upload marriage certificate, evidence of name change, and husband's place of domicile/ID during registration for concessional posting to husband's state.",original,S-0738,
Batch 4,noise_nonquestion,"Married/pregnant/nursing PCMs not deployed to husband's location may report to orientation camp in husband's state of residence instead, with marriage evidence + husband's ID + proof of residence",,-,,,Not a real question -- excluded from FAQ coverage analysis.,original,S-0739,
Batch 4,ppa_rejection_reposting,Can you do clearance without a PPA?,Partial,PDF,,,Not addressed.,original,S-0133,
Batch 4,relocation_status_tracking,"My relocation not showing on dashboard, marked absent for months",Not covered,-,,,Not addressed.,original,S-0741,
Batch 4,ppa_rejection_reposting,"Rejected by PPA twice, no clearance possible -- what do I do?",Partial,PDF,https://www.nysc.gov.ng/downloads/onlinefaq.pdf,Camp Reposting,"'Printing of Place of Primary Assignment Letter after Camp Reposting' is listed as an available self-service, but the underlying process isn't detailed.",original,S-0133,
Batch 4,clearance_logistics_general,"Do I also need to bring a clearance form and where do I get it from? My PPA has not had corpers before, I am the first corper posted there.",Not covered,-,,,Not addressed.,original,S-0743,
Batch 4,monthly_clearance,How do I complete my NYSC service year?,Covered,MOBREG,https://www.nysc.gov.ng/mobreg.html,Requirements,"Functional email + Nigerian GSM number, correct matriculation number, name must appear on Senate list, compliant passport photo (white/off-white background, full face, centered).",original,S-0744,
Batch 4,final_clearance,What's the difference between LGA clearance and final clearance?,Not covered,-,,,Not addressed.,original,S-0745,
Batch 4,allowance_amount,How much is the monthly allowance?,Not covered,guide,,,Not addressed.,original,S-0746,
Batch 4,allowance_bank_account,How do I receive my allowance?,Not covered,-,,,Not addressed.,original,S-0747,
Batch 4,allowance_payment_issue,What should I do if my allowance is delayed?,Not covered,-,,,Not addressed.,original,S-0748,
Batch 4,allowance_amount,Do I get paid at my PPA?,Not covered,guide,,,Not addressed.,original,S-0464,
Batch 4,allowance_amount,When do corpers get their first allowee?,Not covered,guide,,,Not addressed.,original,S-0750,
Batch 4,allowance_amount,How much should I budget for the whole service year?,Not covered,guide,,,Not addressed.,original,S-0751,
Batch 4,allowance_payment_issue,What to do when not paid NYSC allawee,Not covered,guide,,,Not addressed.,original,S-0748,
Batch 4,allowance_amount,When will NYSC pay us allowee?,Not covered,guide,,,Not addressed.,original,S-0753,
Batch 4,noise_nonquestion,Corpers crying (delay in allawee),,-,,,Not a real question -- excluded from FAQ coverage analysis.,original,S-0754,
Batch 4,allowance_amount,Will the state I'm posted to pay anything extra?,Not covered,guide,,,Not addressed.,original,S-0755,
Batch 4,noise_nonquestion,"FG pays 77k, State pays 30k, PPA pays 35k -- total 142k monthly (example breakdown)",,-,,,Not a real question -- excluded from FAQ coverage analysis.,original,S-0756,
Batch 4,camp_kit,What should I pack for NYSC orientation camp?,Not covered,-,,,Not addressed.,original,S-0757,
Batch 4,camp_kit,Must the white sneakers be pure white? No single logo?,Not covered,-,,,Not addressed.,original,S-0604,
Batch 4,camp_kit,Is it advisable to get the rubber tennis after getting the normal/leather tennis? Don't want to waste money on unnecessary kits,Not covered,-,,,Not addressed.,original,S-0001,
Batch 4,camp_items_allowed,"Can I take beverages like Milk, Milo, Flakes etc to camp?",Not covered,-,,,Not addressed.,original,S-0760,
Batch 4,logistics_arrival_timing,"Will reporting early, like a day to camp, be allowed? Will it ease registration stress?",Not covered,-,,,Not addressed.,original,S-0761,
Batch 4,docs_required_at_camp,Does one need to present any original document in camp? If yes which?,Covered,PDF,https://www.nysc.gov.ng/downloads/onlinefaq.pdf,original,Foreign graduates: bring all original uploaded documents + translated certificate. Medical graduates: bring practice license. Failure leads to registration cancellation and no PPA posting.,original,S-0205,
Batch 4,docs_required_at_camp,My school collects our ID card before issuing certificates and doesn't give a temporary ID. Some camps ask for ID -- are we good with certificate and other documents?,Covered,PDF,,,Not addressed.,original,S-0188,
Batch 4,medical_fitness_report,Do I need a medical report for camp?,Partial,PDF,https://www.nysc.gov.ng/downloads/onlinefaq.pdf,Health Ground,For health-ground concessional deployment: upload medical report from a Federal or State General Hospital plus doctor's details.,original,S-0764,
Batch 4,id_card_replacement,"Will NYSC give us ID card on camp to wear on our neck, or do we need to buy the rope ourselves?",Not covered,-,,,Not addressed.,original,S-0765,
Batch 4,docs_required_at_camp,"My school ID expired in 2024, can I still use it in camp?",Covered,PDF,,,Not addressed.,original,S-0766,
Batch 4,docs_required_at_camp,"My SOR was given to me a year ago, can I still take it to camp or is it expired for use?",Covered,PDF,https://www.nysc.gov.ng/downloads/onlinefaq.pdf,original,Foreign graduates: bring all original uploaded documents + translated certificate. Medical graduates: bring practice license. Failure leads to registration cancellation and no PPA posting.,original,S-0767,
Batch 4,logistics_food,Is camp food really that bad?,Not covered,-,,,Not addressed.,original,S-0768,
Batch 4,logistics_food,Do I need to bring food to camp?,Not covered,-,,,Not addressed.,original,S-0769,
Batch 4,logistics_food,The food served at [state] NYSC orientation camp (watery beans),Not covered,-,,,Not addressed.,original,S-0770,
Batch 4,noise_nonquestion,Corper shows the meals they got served at NYSC camp,,-,,,Not a real question -- excluded from FAQ coverage analysis.,original,S-0771,
Batch 4,logistics_general_experience,What happens during orientation camp?,Not covered,guide,,,Not addressed.,original,S-0060,
Batch 4,logistics_general_experience,Is military training compulsory?,Not covered,guide,,,Not addressed.,original,S-0773,
Batch 4,camp_items_allowed,Are phones allowed in camp?,Not covered,-,,,Not addressed.,original,S-0774,
Batch 4,logistics_social,How do I make friends in camp?,Not covered,-,,,Not addressed.,original,S-0775,
Batch 4,logistics_social,"I'm into theatre, will drama troupe be ideal? How lively is it in and after camp?",Not covered,-,,,Not addressed.,original,S-0776,
Batch 4,logistics_general_experience,Best way to survive parade drills?,Not covered,guide,,,Not addressed.,original,S-0777,
Batch 4,logistics_curfew_leaving,Is there a curfew at camp?,Not covered,-,,,Not addressed.,original,S-0778,
Batch 4,logistics_curfew_leaving,Can I leave camp early?,Not covered,-,,,Not addressed.,original,S-0779,
Batch 4,logistics_food,"They disconnect all sockets in camp, corp members forced to charge at mami market for a fee, POS withdrawal fees, buying water when taps run dry -- is this normal / how do I manage?",Not covered,-,,,Not addressed.,original,S-0780,
Batch 4,noise_nonquestion,"Finish NYSC first before looking for a single girl, besides plenty of choices in camp",,-,,,Not a real question -- excluded from FAQ coverage analysis.,original,S-0781,
Batch 4,exclusion_letter_process,How Do I Collect My Exclusion Letter From NYSC?,Partial,PDF,https://www.nysc.gov.ng/downloads/onlinefaq.pdf,Exclusion Letter,Part-time graduates register online and print their Exclusion Letter from the dashboard. 'NERD' terminology not specifically addressed.,original,S-0782,
Batch 4,exclusion_letter_process,LETTER OF EXCLUSION: Pls I need your advice,Partial,PDF,https://www.nysc.gov.ng/downloads/onlinefaq.pdf,Exclusion Letter,Part-time graduates register online and print their Exclusion Letter from the dashboard. 'NERD' terminology not specifically addressed.,original,S-0783,
Batch 4,exclusion_letter_process,I need your help for NYSC exclusion register,Partial,PDF,https://www.nysc.gov.ng/downloads/onlinefaq.pdf,Exclusion Letter,Part-time graduates register online and print their Exclusion Letter from the dashboard. 'NERD' terminology not specifically addressed.,original,S-0784,
Batch 4,exclusion_letter_process,NYSC requirements for issuance of letter of exclusion,Partial,PDF,https://www.nysc.gov.ng/downloads/onlinefaq.pdf,Exclusion Letter,Part-time graduates register online and print their Exclusion Letter from the dashboard. 'NERD' terminology not specifically addressed.,original,S-0785,
Batch 4,exclusion_letter_process,"I registered, expected mobilization number but got an exemption letter message instead -- my ND is PT and HND is full-time, but I was told I could serve. What can I do, I don't want this exclusion letter.",Partial,PDF,https://www.nysc.gov.ng/downloads/onlinefaq.pdf,Exclusion Letter,Part-time graduates register online and print their Exclusion Letter from the dashboard. 'NERD' terminology not specifically addressed.,original,S-0786,
Batch 4,callup_letter_access,How Can I Reprint My Call-up Letter?,Partial,PDF/MOBREG,,Printing of Call,"Printing call-up letters is listed as a self-service. N2,786.24 fee required to receive call-up number via SMS and print online; otherwise collect from school.",original,S-0547,
Batch 4,callup_letter_access,Help!!! I Can't Print My Call Up Letter,Not covered,-,,,No troubleshooting guidance found for call-up number delay.,original,S-0492,
Batch 4,callup_letter_access,"My Call Up Letter Didn't Come Up, What Could Be The Problem?",Not covered,-,,,No troubleshooting guidance found for call-up number delay.,original,S-0195,
Batch 4,callup_letter_meaning,What is a call-up letter?,Not covered,-,,,Not addressed.,original,S-0790,
Batch 4,callup_letter_access,What if I lose my call-up letter?,Partial,PDF/MOBREG,,Printing of Call,"Printing call-up letters is listed as a self-service. N2,786.24 fee required to receive call-up number via SMS and print online; otherwise collect from school.",original,S-0547,
Batch 4,callup_letter_meaning,Can I attend camp without a call-up letter?,Partial,PDF/MOBREG,,Printing of Call,"Printing call-up letters is listed as a self-service. N2,786.24 fee required to receive call-up number via SMS and print online; otherwise collect from school.",original,S-0792,
Batch 4,ppa_change_request,How can I request a PPA change?,Not covered,-,,,No PPA-change procedure described in these sources.,original,S-0793,
Batch 4,relocation_general_process,Can I be redeployed from my PPA?,Partial,PDF,,,Not addressed.,original,S-0257,
Batch 4,ppa_change_request,What if I don't like my PPA?,Not covered,-,,,No PPA-change procedure described in these sources.,original,S-0229,
Batch 4,ppa_rejection_reposting,Is it possible to reject a posting for a better offer in a private firm?,Partial,PDF,https://www.nysc.gov.ng/downloads/onlinefaq.pdf,Camp Reposting,"'Printing of Place of Primary Assignment Letter after Camp Reposting' is listed as an available self-service, but the underlying process isn't detailed.",original,S-0274,
Batch 4,post_relocation_process,"No PPA after relocation, please help",Not covered,-,,,Not addressed.,original,S-0084,
Batch 4,general_meta_about_nysc,"Help, am confused about PPA",Not covered,guide,,,"These are administrative/procedural FAQs, not general 'what is NYSC' explainer content.",original,S-0797,
Batch 4,consequence_of_not_reporting,What happens if I don't attend my NYSC PPA?,Not covered,-,,,Not addressed.,original,S-0798,
Batch 4,discharge_certificate,How do I get my discharge certificate?,Not covered,-,,,Not addressed.,original,S-0799,
Batch 4,discharge_certificate,How Do I Correct Mistake On NYSC Discharge Certificate,Not covered,-,,,Not addressed.,original,S-0800,
Batch 4,discharge_certificate,What's the difference between discharge and exemption?,Not covered,-,,,Not addressed.,original,S-0801,
Batch 4,discharge_certificate,Clarification on NYSC discharge number,Not covered,-,,,Not addressed.,original,S-0802,
Batch 4,leave_travel_during_service,Can I take sick leave during service?,Not covered,-,https://www.nysc.gov.ng/downloads/onlinefaq.pdf,Health Ground,PCMs with serious health challenges should declare true health status and upload medical report + doctor's details for concessional deployment.,original,S-0803,
Batch 4,medical_fitness_report,How to obtain a medical report for NYSC orientation camp,Partial,PDF,https://www.nysc.gov.ng/downloads/onlinefaq.pdf,Health Ground,For health-ground concessional deployment: upload medical report from a Federal or State General Hospital plus doctor's details.,original,S-0804,
Batch 4,relocation_general_process,Sick corper trying to relocate back near spouse due to illness,Partial,PDF,https://www.nysc.gov.ng/downloads/onlinefaq.pdf,Relocation after Camp,'Application for Relocation after Camp' is listed as a dashboard self-service; full step-by-step process not detailed.,original,S-0805,
Batch 4,medical_fitness_report,"Camp medical staff dismissed my medical documents as fake, then I had a health emergency during drills -- what can I do if my medical report isn't accepted?",Partial,PDF,https://www.nysc.gov.ng/downloads/onlinefaq.pdf,Health Ground,PCMs with serious health challenges should declare true health status and upload medical report + doctor's details for concessional deployment.,original,S-0806,
Batch 4,exemption_certificate,Can I apply for a medical exemption from NYSC?,Covered,PDF,https://www.nysc.gov.ng/downloads/onlinefaq.pdf,Health Ground,PCMs with serious health challenges should declare true health status and upload medical report + doctor's details for concessional deployment.,original,S-0807,
Batch 4,exemption_certificate,"Please, anyone with full information on how to get exemption certificate",,-,,,Not a real question -- excluded from FAQ coverage analysis.,original,S-0808,
Batch 4,exemption_certificate,Can a 27-year-old graduate get NYSC exemption without age modification?,Covered,PDF,https://www.nysc.gov.ng/downloads/onlinefaq.pdf,Exemption Certificate,Nigeria-trained: collect from institution; corrections only allowed within 3 months of online registration date. Foreign-trained: come to NYSC HQ with original documents for clearance and collection.,original,S-0809,
Batch 4,exemption_certificate,I need help on how to get NYSC exemption letter after going to camp (mistakenly went when should've been exempted),Covered,PDF,https://www.nysc.gov.ng/downloads/onlinefaq.pdf,Exemption Certificate,Nigeria-trained: collect from institution; corrections only allowed within 3 months of online registration date. Foreign-trained: come to NYSC HQ with original documents for clearance and collection.,original,S-0810,
Batch 4,work_side_hustle_during_service,Can I have a side hustle during NYSC?,Not covered,-,,,Not addressed.,original,S-0811,
Batch 4,work_side_hustle_during_service,What side hustles can I do during service?,Not covered,-,,,Not addressed.,original,S-0812,
Batch 4,work_side_hustle_during_service,Can I work part-time during NYSC?,Not covered,-,,,Not addressed.,original,S-0813,
Batch 4,disciplinary_query,HELP! NYSC sent me a query letter,Not covered,-,,,Not addressed.,original,S-0814,
Batch 4,disciplinary_query,What happens if I refuse to go to NYSC camp after getting my call-up letter?,Not covered,-,,,Not addressed.,original,S-0815,
Batch 4,leave_travel_during_service,Can I travel abroad during service?,Not covered,-,,,Not addressed.,original,S-0816,
Batch 4,leave_travel_during_service,Can I take a leave of absence?,Not covered,-,,,Not addressed.,original,S-0817,
Batch 4,leave_travel_during_service,Can I attend a wedding during service?,Not covered,-,,,Not addressed.,original,S-0818,
Batch 4,dssc_during_service,Can serving NYSC corper apply for DSSC?,Not covered,-,,,Not addressed.,original,S-0819,
Batch 4,noise_nonquestion,Real punishment account: parade ground punishment for skipping camp activities,,-,,,Not a real question -- excluded from FAQ coverage analysis.,original,S-0820,
Batch 4,noise_nonquestion,Terminology clarity: absconding leads to suspension/discharge/dismissal depending on severity,,-,,,Not a real question -- excluded from FAQ coverage analysis.,original,S-0821,
Batch 4,id_card_replacement,Do I need to replace my NYSC ID card if lost or stolen?,Not covered,-,,,Not addressed.,original,S-0822,
Batch 4,noise_nonquestion,"Process: police report + affidavit of loss from magistrate court + submission at secretariat, or online portal replacement option",,-,,,Not a real question -- excluded from FAQ coverage analysis.,original,S-0823,
Batch 4,noise_nonquestion,There are two ID types -- temporary laminated and permanent plastic,,-,,,Not a real question -- excluded from FAQ coverage analysis.,original,S-0824,
Batch 4,noise_nonquestion,"You left out a very important detail -- if you don't have the evaluation letter from Ministry of Education during verification, you will be sent back",,-,,,Not a real question -- excluded from FAQ coverage analysis.,original,S-0825,
Batch 4,foreign_graduate_verification,How can one scale through if the person does not have a residential permit from the country they schooled in?,Covered,PDF/MOBREG,,Foreign,"Foreign graduates must bring original uploaded documents plus translated certificate to camp; verification now happens at camp, not HQ. See foreignmobreq.html for full requirements.",original,S-0826,
Batch 4,noise_nonquestion,"Physical verification required at designated centers, thumbprinting must happen in Nigeria",,-,,,Not a real question -- excluded from FAQ coverage analysis.,original,S-0827,
Batch 4,noise_nonquestion,"Certain certificates explicitly rejected: Oxford Brookes/ACCA, correspondence courses, online-only degrees",,-,,,Not a real question -- excluded from FAQ coverage analysis.,original,S-0828,
Batch 4,noise_nonquestion,Certificates must be translated if not in English,,-,,,Not a real question -- excluded from FAQ coverage analysis.,original,S-0829,
Batch 4,noise_nonquestion,Medical practitioners need license + registration certificate; pharmacists need oath certificate + Pharmacists Council letter; security agency members need letter of enlistment,,-,,,Not a real question -- excluded from FAQ coverage analysis.,original,S-0830,
Batch 4,callup_number_delay,I never see call up number ooo,Not covered,-,,,No troubleshooting guidance found for call-up number delay.,original,S-0102,
Batch 4,noise,Thank you very much. Can you please explain the process to go about that?,,-,,,Not a real question -- excluded from FAQ coverage analysis.,original,S-0832,
Batch 4,relocation_status_tracking,What changes am I going to see on the dashboard?,Not covered,-,,,Not addressed.,original,S-0833,
Batch 4,relocation_status_tracking,where will it be indicated so I can download the new state?,Not covered,-,,,Not addressed.,original,S-0834,
Batch 4,relocation_status_tracking,21st is the passing out from camp when am I going to see the changes on my dashboard?,Not covered,-,,,Not addressed.,original,S-0835,
Batch 4,relocation_status_tracking,What I want to know is on the 21st am I to go ogun state camp or Lagos state camp for my PPA posting??,Not covered,-,,,Not addressed.,original,S-0836,
Batch 4,relocation_status_tracking,or is there anything am going to print on my dashboard that will tell where to go??,Not covered,-,,,Not addressed.,original,S-0837,
Batch 4,relocation_status_tracking,Did you update the documents online?,Not covered,-,,,Not addressed.,original,S-0838,
Batch 4,relocation_status_tracking,"No update on the dashboard till now, how we going to know if approved or not??",Not covered,-,,,Not addressed.,original,S-0839,
Batch 4,allowance_bank_account,Does it mean that they will send the money to my account? Instead of the physical handout they do in camp?,Not covered,guide,,,Not addressed.,original,S-0747,
Batch 4,noise,"Someone I met in camp just recently told me that on the last day of camp, there will be buses available to convey corpers to their PPAs, and that those relocating have to visit their PPAs first. I personally do not think that this makes sense because why will they post corpers to a PPA in a state that they wouldn't be staying at?",,-,,,Not a real question -- excluded from FAQ coverage analysis.,original,S-0841,
Batch 4,noise,"A friend said that I may not even need to return to Osun on that last day of camp. That I should just visit the portal, print the relocation application approval letter and take it to the secretariat in Lagos. How true is this?",,-,,,Not a real question -- excluded from FAQ coverage analysis.,original,S-0842,
Batch 4,relocation_general_process,When am I expected to see the relocation approval on the portal? Is it on the last day of camp?,Partial,PDF,https://www.nysc.gov.ng/downloads/onlinefaq.pdf,Relocation after Camp,'Application for Relocation after Camp' is listed as a dashboard self-service; full step-by-step process not detailed.,original,S-0249,
Batch 4,relocation_general_process,"I applied for relocation in camp, what are the odds of it working out?",Partial,PDF,https://www.nysc.gov.ng/downloads/onlinefaq.pdf,Relocation after Camp,'Application for Relocation after Camp' is listed as a dashboard self-service; full step-by-step process not detailed.,original,S-0843,
Batch 4,noise,I have read that some people's applications are rejected. I don't know what I will do if mine gets declined.,,-,,,Not a real question -- excluded from FAQ coverage analysis.,original,S-0844,
Batch 4,noise,"Hello Precious, how did this situation turn out?",,-,,,Not a real question -- excluded from FAQ coverage analysis.,original,S-0845,
Batch 4,noise,Did the relocation work out?,,-,,,Not a real question -- excluded from FAQ coverage analysis.,original,S-0846,
Batch 4,noise,Did you return to camp after your treatment?,,-,,,Not a real question -- excluded from FAQ coverage analysis.,original,S-0847,
Batch 4,noise,Were you give a PPA or you had to find one?,,-,,,Not a real question -- excluded from FAQ coverage analysis.,original,S-0848,
Batch 4,noise,Did you apply for relocation in camp?,,-,,,Not a real question -- excluded from FAQ coverage analysis.,original,S-0849,
Batch 4,monthly_clearance,I missed two months clearance and my lgi quarried me. I was denied my certificate after POP. What should I do?,Not covered,-,,,Not addressed.,original,S-0850,
Batch 4,noise,"Those who live or have served there, anything I need to know before leaving from Lagos?",,-,,,Not a real question -- excluded from FAQ coverage analysis.,original,S-0851,
Batch 4,noise,Do you have any experience with the place?,,-,,,Not a real question -- excluded from FAQ coverage analysis.,original,S-0852,
Batch 4,noise,What other choice do I have?,,-,,,Not a real question -- excluded from FAQ coverage analysis.,original,S-0853,
Batch 4,nysc_year_structure,How many days do you actually have to stay in camp?,Not covered,guide,,,"Three weeks orientation camp, then eleven months working at your PPA plus a weekly community project (CDS) -- a full working role, not idle time.",original,S-0854,
Batch 4,allowance_amount,What is a proper upkeep allowance for a young man (23 year old)?,Not covered,guide,,,"Compulsory for graduates under 30 at graduation. Main legitimate exits are age 30+, permanent incapacitation, or qualifying prior military/paramilitary service -- via an Exemption Certificate, not by simply not registering.",original,S-0751,
Batch 4,allowance_amount,Does NYSC give an allowance?,Not covered,-,,,Not addressed.,original,S-0746,
Batch 4,noise,"Just putting out feelers for the folks making their way to their designated camps, specifically Kwara? Yikpata, Edu anyone?",,-,,,Not a real question -- excluded from FAQ coverage analysis.,original,S-0857,
Batch 4,general_meta_about_nysc,As the title says. Not moving back but I'm curious on if one would be required to do NYSC if one decided to move back and work?,,-,,,Not a real question -- excluded from FAQ coverage analysis.,original,S-0858,
Batch 4,relocation_general_process,Please can one do in-camp redeployment to his state of origin?,Partial,PDF,,,Not addressed.,original,S-0026,
Batch 4,logistics_travel_to_camp,Please how do I travel from Lagos Ajah to Kebbi NYSC camp?,Not covered,-,,,Not addressed.,original,S-0859,
Batch 4,post_relocation_process,Pls how long do I have to wait to get my PPA letter after submitting my documents at the secretariat based on relocation?,Partial,PDF,https://www.nysc.gov.ng/downloads/onlinefaq.pdf,Marriage Certificate,"To relocate to husband's state: Marriage Certificate, Newspaper publication for change of name, Letter from husband's employer, husband's means of ID.",original,S-0083,
Batch 4,ppa_change_request,How long does PPA reposting take?,Not covered,-,,,No PPA-change procedure described in these sources.,original,S-0861,
Batch 4,ppa_change_request,The initial PPA NYSC gave me turned out to be non-existent. I was told to submit a rejection letter and wait for reposting. Any idea how long it takes?,Not covered,-,,,No PPA-change procedure described in these sources.,original,S-0861,
Batch 4,post_relocation_process,"Hello house, pls I have just printed my relocation letter. Pls what is the next step?",Not covered,-,,,Not addressed.,original,S-0863,
Batch 4,post_relocation_process,"My question is, do I have to report to Niger secretariat before I go to my new state or should I just report directly to my new state?",Not covered,-,,,Not addressed.,original,S-0863,
Batch 4,relocation_general_process,What if I've been posted and given PPA already? Can you work it smoothly to another state?,Not covered,-,,,No official mechanism described for choosing/influencing PPA.,original,S-0600,
Batch 4,allowance_payment_issue,Good afternoon pls is it normal for NYSC to pay double allowance in parts?,Not covered,-,,,Not addressed.,original,S-0865,
Batch 4,allowance_payment_issue,"I received ₦21,600 on Wednesday but have not received the remaining money whereas others were paid in full.",,-,,,Not a real question -- excluded from FAQ coverage analysis.,original,S-0866,
Batch 4,bvn_name_mismatch,Please I have a question concerning BVN name. The name on my BVN does not match the NYSC name. Can I still go to camp this stream?,Not covered,-,,,Not addressed.,original,S-0867,
Batch 4,exemption_certificate,How long does it take for NYSC to send exemption certificate to the institution from the date of registration?,Covered,PDF,https://www.nysc.gov.ng/downloads/onlinefaq.pdf,Exemption Certificate,Nigeria-trained: collect from institution; corrections only allowed within 3 months of online registration date. Foreign-trained: come to NYSC HQ with original documents for clearance and collection.,original,S-0868,
Batch 4,relocation_general_process,Is it possible to relocate back to Bayelsa and to my previous PPA?,Partial,PDF,https://www.nysc.gov.ng/downloads/onlinefaq.pdf,Relocation after Camp,'Application for Relocation after Camp' is listed as a dashboard self-service; full step-by-step process not detailed.,original,S-0252,
Batch 4,clearance_logistics_general,"Pls after doing your documentation, your next destination was the LGI place or your PPA?",Not covered,-,,,Not addressed.,original,S-0869,
Batch 4,direct_posting,Is it advisable I use a plug that can help fasten the whole process or should I just make up my mind and go back to my initial state of deployment?,Not covered,-,https://www.nysc.gov.ng/downloads/onlinefaq.pdf,Concessional,Only official override is concessional posting: marital ground (posting to husband's state) or health ground -- not general state choice.,original,S-0870,
Batch 4,ppa_rejection_reposting,What if they didn't reject me? Cause I have heard lots of stories especially of private schools refusing to reject corpers.,Partial,PDF,https://www.nysc.gov.ng/downloads/onlinefaq.pdf,Camp Reposting,"'Printing of Place of Primary Assignment Letter after Camp Reposting' is listed as an available self-service, but the underlying process isn't detailed.",original,S-0734,
Batch 4,ppa_rejection_reposting,Can someone explain the process to me step by step?,Partial,PDF,https://www.nysc.gov.ng/downloads/onlinefaq.pdf,Camp Reposting,"'Printing of Place of Primary Assignment Letter after Camp Reposting' is listed as an available self-service, but the underlying process isn't detailed.",original,S-0663,
Batch 4,age_eligibility,Certificate was issued on 5th December 2019 but she clocked 30 years in February 2020. What are her chances with NYSC?,Not covered,-,,,No age-eligibility rule stated in these specific FAQ sources.,original,S-0873,
Batch 4,noise,How authentic is your source?,,-,,,Not a real question -- excluded from FAQ coverage analysis.,original,S-0874,
Batch 4,nysc_skip_consequences,Thinking of skipping it entirely.,,-,,,Not a real question -- excluded from FAQ coverage analysis.,original,S-0875,
Batch 4,noise,"Omo guy, I was posted to Kano.",,-,,,Not a real question -- excluded from FAQ coverage analysis.,original,S-0876,
Batch 4,logistics_budget,"Can one survive in camp with just ₦20,000?",Not covered,-,,,Not addressed.,original,S-0877,
Batch 4,camp_items_allowed,Do they allow phones inside the orientation camp?,Not covered,-,,,Not addressed.,original,S-0774,
Batch 4,logistics_food,Is camp food enough or do people mostly buy from mammy market?,Not covered,-,,,Not addressed.,original,S-0879,
Batch 4,logistics_curfew_leaving,Can I leave camp before the three weeks end?,Not covered,-,,,Not addressed.,original,S-0880,
Batch 4,logistics_general_experience,How strict are the camp officials?,Not covered,guide,,,Not addressed.,original,S-0457,
Batch 4,logistics_accommodation,Do corps members sleep in hostels or tents?,Not covered,-,,,Not addressed.,original,S-0882,
Batch 4,foreign_graduate_verification,Can foreign-trained graduates register online before physical verification?,Covered,PDF/MOBREG,,Foreign,"Foreign graduates must bring original uploaded documents plus translated certificate to camp; verification now happens at camp, not HQ. See foreignmobreq.html for full requirements.",original,S-0883,
Batch 4,post_relocation_process,Can I report to my new state secretariat without printing my relocation letter?,Not covered,-,,,Not addressed.,original,S-0419,
Batch 4,relocation_status_tracking,"My relocation was approved yesterday, but the portal still shows pending. What should I do?",Partial,PDF,https://www.nysc.gov.ng/downloads/onlinefaq.pdf,Relocation after Camp,'Application for Relocation after Camp' is listed as a dashboard self-service; full step-by-step process not detailed.,original,S-0885,
Batch 4,post_relocation_process,"After relocation, am I supposed to register again in my new state?",Not covered,-,,,Not addressed.,original,S-0082,
Batch 4,relocation_status_tracking,Can I start working at my PPA before my relocation reflects on the portal?,Not covered,-,,,Not addressed.,original,S-0887,
Batch 4,post_relocation_process,"I relocated to another state, but they said my file hasn't arrived yet. How long does it usually take?",Partial,PDF,https://www.nysc.gov.ng/downloads/onlinefaq.pdf,Relocation after Camp,'Application for Relocation after Camp' is listed as a dashboard self-service; full step-by-step process not detailed.,original,S-1426,
Batch 4,relocation_general_process,Can I relocate after collecting my PPA letter?,Partial,PDF,https://www.nysc.gov.ng/downloads/onlinefaq.pdf,Relocation after Camp,'Application for Relocation after Camp' is listed as a dashboard self-service; full step-by-step process not detailed.,original,S-0257,
Batch 4,relocation_general_process,"My relocation was approved, but I haven't received my acceptance letter. What do I do?",Partial,PDF,https://www.nysc.gov.ng/downloads/onlinefaq.pdf,Relocation after Camp,'Application for Relocation after Camp' is listed as a dashboard self-service; full step-by-step process not detailed.,original,S-0889,
Batch 4,ppa_change_request,Can I change my PPA after resuming there for two weeks?,Not covered,-,,,No PPA-change procedure described in these sources.,original,S-1421,
Batch 4,ppa_documentation,My PPA is asking me to bring a posting letter from the secretariat. Is that normal?,Partial,PDF,https://www.nysc.gov.ng/downloads/onlinefaq.pdf,Place of Primary Assignment Letter,PPA letter printing listed as a self-service after camp reposting.,original,S-0891,
Batch 4,ppa_private_sector,Can NYSC post me to a private company instead of a government office?,Not covered,-,,,Not addressed.,original,S-0892,
Batch 4,ppa_rejection_reposting,My place of primary assignment rejected me because they don't accept corps members anymore. What should I do?,Partial,PDF,https://www.nysc.gov.ng/downloads/onlinefaq.pdf,Camp Reposting,"'Printing of Place of Primary Assignment Letter after Camp Reposting' is listed as an available self-service, but the underlying process isn't detailed.",original,S-0663,
Batch 4,ppa_change_request,Can I request reposting because my PPA is too far from my residence?,Not covered,-,,,No PPA-change procedure described in these sources.,original,S-0894,
Batch 4,monthly_clearance,"I've completed my monthly clearance, but my dashboard still shows absent. What should I do?",Not covered,-,,,Not addressed.,original,S-0895,
Batch 4,monthly_clearance,Can I do biometric clearance a few days after the deadline?,Not covered,-,,,Not addressed.,original,S-0896,
Batch 4,monthly_clearance,My fingerprint scanner isn't working at the secretariat. Is there another way to clear?,Not covered,-,,,Not addressed.,original,S-0897,
Batch 4,clearance_ppa_wont_sign,My PPA supervisor refused to sign my clearance form. What can I do?,Not covered,-,,,Not addressed.,original,S-0898,
Batch 4,allowance_payment_issue,Can I still receive allowance if my clearance status is pending?,Not covered,-,,,Not addressed.,original,S-0899,
Batch 4,allowance_payment_issue,Has anyone received September allowance yet?,Not covered,-,,,Not addressed.,original,S-0900,
Batch 4,portal_account_access,My account number was entered incorrectly during registration. How can I fix it?,Partial,PDF,https://www.nysc.gov.ng/downloads/onlinefaq.pdf,email address,Account created with a functional email address; no password-recovery procedure described.,original,S-0901,
Batch 4,allowance_bank_account,Can NYSC pay my allowance into another person's account?,Not covered,guide,,,Not addressed.,original,S-0902,
Batch 4,allowance_payment_issue,I've been paid half of my allowance. Will the balance come later?,Not covered,-,,,Not addressed.,original,S-0903,
Batch 4,allowance_amount,Can corps members receive both federal and state allowances?,Not covered,-,,,Not addressed.,original,S-0904,
Batch 4,discharge_certificate,Can I collect my discharge certificate if I still have unresolved clearance issues?,Not covered,-,,,Not addressed.,original,S-0905,
Batch 4,discharge_certificate,My name was misspelled on my discharge certificate. Can NYSC reprint it?,Not covered,-,,,Not addressed.,original,S-0906,
Batch 4,cds_general,Can I apply for jobs with the temporary NYSC certificate?,Not covered,-,,,Not addressed (CDS is a named department at nysc.gov.ng/cds.html but no FAQ content retrieved).,original,S-0907,
Batch 4,statement_of_result_requirement,Can I use my statement of result instead of my discharge certificate?,Not covered,-,,,Not addressed.,original,S-0908,
Batch 4,id_card_replacement,My ID card is torn. Do I need to replace it immediately?,Not covered,-,,,Not addressed.,original,S-0909,
Batch 4,id_card_replacement,Can I attend CDS without my NYSC ID card?,Not covered,-,,,Not addressed.,original,S-0910,
Batch 4,id_card_replacement,Can I replace my NYSC ID card online?,Not covered,-,,,Not addressed.,original,S-0911,
Batch 4,id_card_replacement,My passport photograph on the ID card is blurry. Can it be changed?,Not covered,-,,,Not addressed.,original,S-0912,
Batch 4,foreign_graduate_verification,Can foreign-trained medical doctors skip physical verification?,Covered,PDF/MOBREG,,Foreign,"Foreign graduates must bring original uploaded documents plus translated certificate to camp; verification now happens at camp, not HQ. See foreignmobreq.html for full requirements.",original,S-0913,
Batch 4,foreign_graduate_verification,Is statement of result accepted for foreign-trained graduates?,Covered,PDF/MOBREG,,Foreign,"Foreign graduates must bring original uploaded documents plus translated certificate to camp; verification now happens at camp, not HQ. See foreignmobreq.html for full requirements.",original,S-0914,
Batch 4,foreign_graduate_verification,My transcript is still with my school abroad. Can I register for NYSC?,Covered,PDF/MOBREG,,Foreign,"Foreign graduates must bring original uploaded documents plus translated certificate to camp; verification now happens at camp, not HQ. See foreignmobreq.html for full requirements.",original,S-0527,
Batch 4,name_correction,Can I use an affidavit if my name on my certificate is different from the one on my passport?,Covered,PDF,https://www.nysc.gov.ng/downloads/onlinefaq.pdf,Correction of Name,Login to dashboard > Apply for Name Correction > fill fields > Place Request. NYSC does not add/remove names; that requires institution to write NYSC directly.,original,S-0916,
Batch 4,foreign_graduate_verification,Do I need WAEC verification as a foreign-trained graduate?,Covered,PDF/MOBREG,,Foreign,"Foreign graduates must bring original uploaded documents plus translated certificate to camp; verification now happens at camp, not HQ. See foreignmobreq.html for full requirements.",original,S-0917,
Batch 4,relocation_general_process,"My spouse works in Abuja, but I was posted to Taraba. Can I apply for relocation immediately after camp?",Partial,PDF,https://www.nysc.gov.ng/downloads/onlinefaq.pdf,Relocation after Camp,'Application for Relocation after Camp' is listed as a dashboard self-service; full step-by-step process not detailed.,original,S-0918,
Batch 4,relocation_general_process,Can I use a church marriage certificate for relocation?,Partial,PDF,https://www.nysc.gov.ng/downloads/onlinefaq.pdf,Marriage Certificate,"To relocate to husband's state: Marriage Certificate, Newspaper publication for change of name, Letter from husband's employer, husband's means of ID.",original,S-0919,
Batch 4,relocation_general_process,My marriage certificate is still being processed. What other document can I use?,Partial,PDF,https://www.nysc.gov.ng/downloads/onlinefaq.pdf,Marriage Certificate,"To relocate to husband's state: Marriage Certificate, Newspaper publication for change of name, Letter from husband's employer, husband's means of ID.",original,S-0919,
Batch 4,pregnancy_accommodation,Can pregnant women apply for relocation before entering camp?,Covered,MOBREG,https://www.nysc.gov.ng/mobreg.html,pregnant,Orientation camp is stated as 'highly not ideal' for pregnant and nursing mothers; they will not be accommodated in camp.,original,S-0920,
Batch 4,relocation_general_process,Can I relocate because my husband is a soldier?,Partial,PDF,https://www.nysc.gov.ng/downloads/onlinefaq.pdf,Relocation after Camp,'Application for Relocation after Camp' is listed as a dashboard self-service; full step-by-step process not detailed.,original,S-0921,
Batch 4,id_card_replacement,I forgot my NYSC ID card at home. Can I still participate in CDS?,Not covered,-,,,Not addressed.,original,S-0922,
Batch 4,id_card_replacement,Can I replace my ID card before the next clearance exercise?,Not covered,-,,,Not addressed.,original,S-0923,
Batch 4,id_card_replacement,My ID card got damaged in camp. What is the procedure for replacement?,Not covered,-,,,Not addressed.,original,S-0924,
Batch 4,id_card_replacement,How long does it take to process a replacement ID card?,Not covered,-,,,Not addressed.,original,S-0925,
Batch 4,id_card_replacement,Can I collect my replacement ID card in another state?,Not covered,-,,,Not addressed.,original,S-0926,
Batch 4,discharge_certificate,I misplaced my discharge certificate. Can somebody else collect the replacement for me?,Not covered,-,,,Not addressed.,original,S-0927,
Batch 4,discharge_certificate,Can I use a photocopy of my discharge certificate for job applications?,Not covered,-,,,Not addressed.,original,S-0928,
Batch 4,discharge_certificate,My discharge certificate was destroyed in a flood. What should I do?,Not covered,-,,,Not addressed.,original,S-0929,
Batch 4,discharge_certificate,Can NYSC issue another discharge certificate after many years?,Not covered,-,,,Not addressed.,original,S-0930,
Batch 4,post_relocation_process,Can my allowance be suspended because of relocation?,Partial,PDF,,,Not addressed.,original,S-0467,
Batch 4,allowance_payment_issue,Is there any allowance paid by local governments?,Not covered,-,,,Not addressed.,original,S-0932,
Batch 4,allowance_payment_issue,"I completed clearance, but my allowance has not been paid. What should I do?",Not covered,-,,,Not addressed.,original,S-0933,
Batch 4,allowance_bank_account,Can I receive allowance if my account name differs slightly from my NYSC record?,Not covered,guide,,,Not addressed.,original,S-0934,
Batch 4,allowance_bank_account,My bank account was blocked. Will NYSC still pay my allowance?,Not covered,guide,,,Not addressed.,original,S-0935,
Batch 4,final_clearance,What happens if I miss final clearance?,Not covered,-,,,Not addressed.,original,S-0936,
Batch 4,final_clearance,Can I complete final clearance after passing out?,Not covered,-,,,Not addressed.,original,S-0937,
Batch 4,final_clearance,Does final clearance require my PPA supervisor's signature?,Not covered,-,,,Not addressed.,original,S-0938,
Batch 4,final_clearance,My final clearance slip got lost. Can I print another one?,Not covered,-,,,Not addressed.,original,S-0939,
Batch 4,final_clearance,Can I authorize someone to complete my final clearance for me?,Not covered,-,,,Not addressed.,original,S-0940,
Batch 4,logistics_curfew_leaving,Can I leave camp for a family emergency and come back later?,Not covered,-,,,Not addressed.,original,S-0941,
Batch 4,allowance_payment_issue,Is there any extra allowance from the state government?,Not covered,-,,,Not addressed.,original,S-0942,
Batch 4,allowance_bank_account,"My account details are correct, but my allowance hasn't reflected.",Not covered,guide,,,Not addressed.,original,S-0943,
Batch 4,allowance_payment_issue,Can married corps members receive extra allowance?,Not covered,-,,,Not addressed.,original,S-0944,
Batch 4,allowance_payment_issue,Will NYSC pay arrears for missed months?,Not covered,-,,,Not addressed.,original,S-0945,
Batch 4,allowance_payment_issue,Why did NYSC pay some people and leave others?,Not covered,-,,,Not addressed.,original,S-1019,
Batch 4,monthly_clearance,Can I do biometric clearance after the deadline?,Not covered,-,,,Not addressed.,original,S-0947,
Batch 4,monthly_clearance,My LGI said my clearance wasn't uploaded. What should I do?,Not covered,-,,,Not addressed.,original,S-0948,
Batch 4,clearance_ppa_wont_sign,What happens if my PPA refuses to sign my clearance?,Not covered,-,,,Not addressed.,original,S-0949,
Batch 4,post_relocation_process,Can I clear in my state of relocation instead of my original state?,Partial,PDF,https://www.nysc.gov.ng/downloads/onlinefaq.pdf,Relocation after Camp,'Application for Relocation after Camp' is listed as a dashboard self-service; full step-by-step process not detailed.,original,S-0259,
Batch 4,clearance_logistics_general,Is monthly clearance done online or physically?,Not covered,-,,,Not addressed.,original,S-0951,
Batch 4,clearance_logistics_general,I lost my clearance slip. Can I get another copy?,Not covered,-,,,Not addressed.,original,S-0952,
Batch 4,clearance_logistics_general,Can I leave my place of primary assignment before clearance?,Not covered,-,,,Not addressed.,original,S-0953,
Batch 4,final_clearance,How many signatures are needed for final clearance?,Not covered,-,,,Not addressed.,original,S-0954,
Batch 4,discharge_certificate,My discharge certificate got damaged by water. How do I replace it?,Not covered,-,,,Not addressed.,original,S-0955,
Batch 4,discharge_certificate,Can someone collect my discharge certificate on my behalf?,Not covered,-,,,Not addressed.,original,S-0956,
Batch 4,discharge_certificate,I lost my discharge certificate years ago. Can I still get another one?,Not covered,-,,,Not addressed.,original,S-0957,
Batch 4,discharge_certificate,Can NYSC correct my name after I've collected my discharge certificate?,Covered,PDF,https://www.nysc.gov.ng/downloads/onlinefaq.pdf,Correction of Name,Login to dashboard > Apply for Name Correction > fill fields > Place Request. NYSC does not add/remove names; that requires institution to write NYSC directly.,original,S-0958,
Batch 4,id_card_replacement,I lost my ID card during CDS. Can I still enter the secretariat?,Not covered,-,,,Not addressed.,original,S-0959,
Batch 4,id_card_replacement,Is newspaper publication required for lost NYSC ID replacement?,Not covered,-,,,Not addressed.,original,S-0960,
Batch 4,id_card_replacement,Can I replace my ID card in another state?,Not covered,-,,,Not addressed.,original,S-0961,
Batch 4,id_card_replacement,Must I go to the police station before applying for a new ID card?,Not covered,-,,,Not addressed.,original,S-0962,
Batch 4,foreign_graduate_verification,My certificate is in Arabic. Does NYSC require translation?,Covered,PDF/MOBREG,,Foreign,"Foreign graduates must bring original uploaded documents plus translated certificate to camp; verification now happens at camp, not HQ. See foreignmobreq.html for full requirements.",original,S-0963,
Batch 4,foreign_graduate_verification,Can foreign-trained graduates register online without physical verification?,Covered,PDF/MOBREG,,Foreign,"Foreign graduates must bring original uploaded documents plus translated certificate to camp; verification now happens at camp, not HQ. See foreignmobreq.html for full requirements.",original,S-0964,
Batch 4,foreign_graduate_verification,Can foreign-trained graduates register with only transcripts?,Covered,PDF/MOBREG,,Foreign,"Foreign graduates must bring original uploaded documents plus translated certificate to camp; verification now happens at camp, not HQ. See foreignmobreq.html for full requirements.",original,S-0914,
Batch 4,foreign_graduate_verification,Does NYSC accept online degrees from foreign universities?,Covered,PDF/MOBREG,,Foreign,"Foreign graduates must bring original uploaded documents plus translated certificate to camp; verification now happens at camp, not HQ. See foreignmobreq.html for full requirements.",original,S-0125,
Batch 4,foreign_graduate_verification,I studied in the UK. Do I still need physical verification?,Covered,PDF/MOBREG,,Foreign,"Foreign graduates must bring original uploaded documents plus translated certificate to camp; verification now happens at camp, not HQ. See foreignmobreq.html for full requirements.",original,S-0967,
Batch 4,relocation_general_process,Can NYSC relocate me because I'm nursing a baby?,Partial,PDF,https://www.nysc.gov.ng/downloads/onlinefaq.pdf,Relocation after Camp,'Application for Relocation after Camp' is listed as a dashboard self-service; full step-by-step process not detailed.,original,S-0598,
Batch 4,relocation_general_process,Does NYSC accept traditional marriage certificates?,Partial,PDF,https://www.nysc.gov.ng/downloads/onlinefaq.pdf,Marriage Certificate,"To relocate to husband's state: Marriage Certificate, Newspaper publication for change of name, Letter from husband's employer, husband's means of ID.",original,S-0919,
Batch 4,relocation_general_process,Can a newly married woman apply for relocation after camp?,Partial,PDF,https://www.nysc.gov.ng/downloads/onlinefaq.pdf,Relocation after Camp,'Application for Relocation after Camp' is listed as a dashboard self-service; full step-by-step process not detailed.,original,S-0918,
Batch 4,relocation_general_process,Is an introduction letter from my husband's workplace required for marital relocation?,Partial,PDF,https://www.nysc.gov.ng/downloads/onlinefaq.pdf,Relocation after Camp,'Application for Relocation after Camp' is listed as a dashboard self-service; full step-by-step process not detailed.,original,S-0968,
Batch 4,marital_family_accommodation,My husband and I live in different states. Which state will NYSC post me to?,Covered,PDF/MOBREG,,married,"Married female PCMs upload marriage certificate, evidence of name change, and husband's place of domicile/ID during registration for concessional posting to husband's state.",original,S-0969,
Batch 4,relocation_general_process,My relocation request has been showing pending for two weeks. Is this normal?,Partial,PDF,https://www.nysc.gov.ng/downloads/onlinefaq.pdf,Relocation after Camp,'Application for Relocation after Camp' is listed as a dashboard self-service; full step-by-step process not detailed.,original,S-0049,
Batch 4,post_relocation_process,"After relocation approval, how many days do I have to report to my new state secretariat?",Not covered,-,,,Not addressed.,original,S-0970,
Batch 4,relocation_status_tracking,I paid for relocation but my dashboard hasn't changed. What should I do?,Not covered,-,,,Not addressed.,original,S-0971,
Batch 4,relocation_general_process,Can NYSC reject relocation based on health grounds?,Partial,PDF,https://www.nysc.gov.ng/downloads/onlinefaq.pdf,Marriage Certificate,"To relocate to husband's state: Marriage Certificate, Newspaper publication for change of name, Letter from husband's employer, husband's means of ID.",original,S-0972,
Batch 4,post_relocation_process,"I relocated to another state, but my file has not arrived. Who do I meet?",Not covered,-,,,Not addressed.,original,S-1426,
Batch 4,relocation_general_process,Is redeployment still possible after leaving camp?,Partial,PDF,,,Not addressed.,original,S-0362,
Batch 4,multiple_redeployment,Can I apply for relocation twice?,Partial,PDF,https://www.nysc.gov.ng/downloads/onlinefaq.pdf,Relocation after Camp,'Application for Relocation after Camp' is listed as a dashboard self-service; full step-by-step process not detailed.,original,S-0974,
Batch 4,post_relocation_process,"My relocation was approved, but my call-up number still shows the old state.",Partial,PDF,https://www.nysc.gov.ng/downloads/onlinefaq.pdf,Relocation after Camp,'Application for Relocation after Camp' is listed as a dashboard self-service; full step-by-step process not detailed.,original,S-0975,
Batch 4,relocation_general_process,Can I relocate from my state of deployment back to my state of origin?,Not covered,-,https://www.nysc.gov.ng/downloads/onlinefaq.pdf,Concessional,Only official override is concessional posting: marital ground (posting to husband's state) or health ground -- not general state choice.,original,S-0026,
Batch 4,post_relocation_process,Will my allowance stop while my relocation is being processed?,Partial,PDF,,,Not addressed.,original,S-0467,
Batch 4,serve_at_current_workplace,Can I work in a private company even though NYSC posted me to a school?,Not covered,-,,,Not addressed.,original,S-0977,
Batch 4,ppa_rejection_reposting,Is there a deadline for submitting a rejection letter from my PPA?,Partial,PDF,https://www.nysc.gov.ng/downloads/onlinefaq.pdf,Camp Reposting,"'Printing of Place of Primary Assignment Letter after Camp Reposting' is listed as an available self-service, but the underlying process isn't detailed.",original,S-0665,
Batch 4,ppa_documentation,My PPA is asking me to bring an acceptance letter. Is it compulsory?,Partial,PDF,https://www.nysc.gov.ng/downloads/onlinefaq.pdf,Place of Primary Assignment Letter,PPA letter printing listed as a self-service after camp reposting.,original,S-0979,
Batch 4,ppa_rejection_reposting,Can NYSC force me to remain in a PPA I don't like?,Partial,PDF,https://www.nysc.gov.ng/downloads/onlinefaq.pdf,Camp Reposting,"'Printing of Place of Primary Assignment Letter after Camp Reposting' is listed as an available self-service, but the underlying process isn't detailed.",original,S-0274,
Batch 4,ppa_change_request,I found another PPA myself. How do I change to it officially?,Not covered,-,,,No PPA-change procedure described in these sources.,original,S-0623,
Batch 4,ppa_documentation,I haven't received my PPA letter after camp. Who should I report to?,Partial,PDF,https://www.nysc.gov.ng/downloads/onlinefaq.pdf,Place of Primary Assignment Letter,PPA letter printing listed as a self-service after camp reposting.,original,S-0982,
Batch 4,ppa_change_request,Can I swap PPAs with another corps member?,Not covered,-,,,No PPA-change procedure described in these sources.,original,S-0983,
Batch 4,ppa_change_request,Is there any fee for changing PPA?,Partial,PDF,https://www.nysc.gov.ng/downloads/onlinefaq.pdf,Camp Reposting,"'Printing of Place of Primary Assignment Letter after Camp Reposting' is listed as an available self-service, but the underlying process isn't detailed.",original,S-0984,
Batch 4,ppa_change_request,I was posted to a village far from my lodge. Can I request another PPA?,Partial,PDF,https://www.nysc.gov.ng/downloads/onlinefaq.pdf,Camp Reposting,"'Printing of Place of Primary Assignment Letter after Camp Reposting' is listed as an available self-service, but the underlying process isn't detailed.",original,S-0894,
Batch 4,allowance_payment_issue,Has anyone received August allawee?,Not covered,-,,,Not addressed.,original,S-0900,
Batch 4,allowance_payment_issue,Will NYSC pay me after passing out?,Not covered,-,,,Not addressed.,original,S-0987,
Batch 4,allowance_payment_issue,I haven't been paid since my relocation. What should I do?,Partial,PDF,https://www.nysc.gov.ng/downloads/onlinefaq.pdf,Relocation after Camp,'Application for Relocation after Camp' is listed as a dashboard self-service; full step-by-step process not detailed.,original,S-0466,
Batch 4,allowance_bank_account,Can my bank delay my allowance payment?,Not covered,guide,,,Not addressed.,original,S-0989,
Batch 4,allowance_amount,Are corps members in all states paid on the same day?,Not covered,-,,,Not addressed.,original,S-0990,
Batch 4,discharge_certificate,Can I collect my discharge certificate in another state?,Not covered,-,,,Not addressed.,original,S-0991,
Batch 4,discharge_certificate,My discharge certificate has a spelling mistake. How do I correct it?,Not covered,-,,,Not addressed.,original,S-0992,
Batch 4,discharge_certificate,I lost my discharge certificate. Can NYSC issue another one?,Not covered,-,,,Not addressed.,original,S-0993,
Batch 4,discharge_certificate,Can I laminate my discharge certificate?,Not covered,-,,,Not addressed.,original,S-0994,
Batch 4,id_card_replacement,I lost my NYSC identity card in a bus. What documents do I need for replacement?,Not covered,-,,,Not addressed.,original,S-0995,
Batch 4,id_card_replacement,Do I need an affidavit and police report before NYSC can replace my ID card?,Not covered,-,,,Not addressed.,original,S-0996,
Batch 4,id_card_replacement,My ID card was stolen together with my phone. Can I still do clearance?,Not covered,-,,,Not addressed.,original,S-0997,
Batch 4,foreign_graduate_verification,I studied in Ghana. Will I still undergo foreign graduate verification?,Covered,PDF/MOBREG,,Foreign,"Foreign graduates must bring original uploaded documents plus translated certificate to camp; verification now happens at camp, not HQ. See foreignmobreq.html for full requirements.",original,S-0967,
Batch 4,relocation_general_process,I'm married with children and was posted far from my family. Can I apply for relocation?,Partial,PDF,https://www.nysc.gov.ng/downloads/onlinefaq.pdf,Relocation after Camp,'Application for Relocation after Camp' is listed as a dashboard self-service; full step-by-step process not detailed.,original,S-0918,
Batch 4,marital_family_accommodation,"My husband lives in Abuja, but I was posted to Sokoto. What documents do I need?",Covered,PDF/MOBREG,,married,"Married female PCMs upload marriage certificate, evidence of name change, and husband's place of domicile/ID during registration for concessional posting to husband's state.",original,S-0999,
Batch 4,post_relocation_process,"Please, after relocation approval, do I still need to go back to camp?",Not covered,-,,,Not addressed.,original,S-1000,
Batch 4,relocation_status_tracking,My relocation has been approved but I haven't received any text message. What should I do?,Partial,PDF,https://www.nysc.gov.ng/downloads/onlinefaq.pdf,Relocation after Camp,'Application for Relocation after Camp' is listed as a dashboard self-service; full step-by-step process not detailed.,original,S-1001,
Batch 4,post_relocation_process,I printed my relocation letter yesterday. Am I supposed to submit it anywhere?,Partial,PDF,https://www.nysc.gov.ng/downloads/onlinefaq.pdf,Relocation after Camp,'Application for Relocation after Camp' is listed as a dashboard self-service; full step-by-step process not detailed.,original,S-0863,
Batch 4,post_relocation_process,Is there any deadline for reporting after relocation?,Not covered,-,,,Not addressed.,original,S-0970,
Batch 4,relocation_status_tracking,"Please, my relocation was approved to Oyo, but my dashboard still shows Katsina. What do I do?",Not covered,-,,,Not addressed.,original,S-1004,
Batch 4,ppa_change_request,I relocated on health grounds. Will I still be allowed to change my PPA?,Not covered,-,,,No PPA-change procedure described in these sources.,original,S-1005,
Batch 4,post_relocation_process,How long does it take for one's file to get to the new state after relocation?,Not covered,-,,,Not addressed.,original,S-1426,
Batch 4,post_relocation_process,Must I appear physically at the secretariat after relocation approval?,Not covered,-,,,Not addressed.,original,S-0863,
Batch 4,relocation_status_tracking,"I have been at the secretariat since morning, and they said my relocation hasn't reflected. What can I do?",Not covered,-,,,Not addressed.,original,S-1008,
Batch 4,relocation_general_process,"Please, is redeployment approval done in batches?",Partial,PDF,,,Not addressed.,original,S-0653,
Batch 4,ppa_rejection_reposting,My PPA rejected me because they already have enough corpers. What is the next step?,Partial,PDF,https://www.nysc.gov.ng/downloads/onlinefaq.pdf,Camp Reposting,"'Printing of Place of Primary Assignment Letter after Camp Reposting' is listed as an available self-service, but the underlying process isn't detailed.",original,S-0663,
Batch 4,ppa_rejection_reposting,Can I personally search for another PPA after rejection?,Partial,PDF,https://www.nysc.gov.ng/downloads/onlinefaq.pdf,Camp Reposting,"'Printing of Place of Primary Assignment Letter after Camp Reposting' is listed as an available self-service, but the underlying process isn't detailed.",original,S-0582,
Batch 4,ppa_rejection_reposting,I was posted to a ministry that doesn't accept corps members. Where do I go from there?,Not covered,-,,,No official mechanism described for choosing/influencing PPA.,original,S-0663,
Batch 4,ppa_rejection_reposting,Is there any penalty for rejecting my PPA?,Partial,PDF,https://www.nysc.gov.ng/downloads/onlinefaq.pdf,Camp Reposting,"'Printing of Place of Primary Assignment Letter after Camp Reposting' is listed as an available self-service, but the underlying process isn't detailed.",original,S-1012,
Batch 4,ppa_change_request,Can NYSC repost me to another PPA automatically?,Not covered,-,,,No PPA-change procedure described in these sources.,original,S-1013,
Batch 4,ppa_change_request,My PPA is too far from my lodge. Can I request a change?,Partial,PDF,https://www.nysc.gov.ng/downloads/onlinefaq.pdf,Camp Reposting,"'Printing of Place of Primary Assignment Letter after Camp Reposting' is listed as an available self-service, but the underlying process isn't detailed.",original,S-0894,
Batch 4,ppa_change_request,Can I change my PPA after one month?,Not covered,-,,,No PPA-change procedure described in these sources.,original,S-1421,
Batch 4,ppa_change_request,Is PPA rejection letter compulsory before reposting?,Not covered,-,,,No PPA-change procedure described in these sources.,original,S-0583,
Batch 4,allowance_payment_issue,I haven't received my allowance for two months. Who do I complain to?,Not covered,-,,,Not addressed.,original,S-0748,
Batch 4,allowance_payment_issue,Why was my allowance stopped this month?,Not covered,-,,,Not addressed.,original,S-1018,
Batch 4,allowance_payment_issue,Some people have been paid while mine hasn't reflected. What should I do?,Not covered,-,,,Not addressed.,original,S-1019,
Batch 4,allowance_payment_issue,Is there any number to call concerning unpaid allowance?,Not covered,-,,,Not addressed.,original,S-1020,
Batch 4,allowance_payment_issue,Can NYSC pay arrears together with the current month's allowance?,Not covered,-,,,Not addressed.,original,S-1021,
Batch 4,post_relocation_process,Will I still receive allowance if I relocate?,Partial,PDF,,,Not addressed.,original,S-0467,
Batch 4,monthly_clearance,I missed biometric clearance because I was sick. What do I do?,Not covered,-,https://www.nysc.gov.ng/downloads/onlinefaq.pdf,Health Ground,PCMs with serious health challenges should declare true health status and upload medical report + doctor's details for concessional deployment.,original,S-1023,
Batch 4,monthly_clearance,My fingerprint keeps failing during clearance. Is there another option?,Not covered,-,,,Not addressed.,original,S-1024,
Batch 4,clearance_logistics_general,Can someone else sign clearance on my behalf?,Not covered,-,,,Not addressed.,original,S-1025,
Batch 4,monthly_clearance,I travelled and missed clearance. Will my allowance be withheld?,Not covered,-,,,Not addressed.,original,S-1026,
Batch 4,clearance_logistics_general,Is it possible to do clearance in another state?,Not covered,-,,,Not addressed.,original,S-1027,
Batch 4,final_clearance,What documents do I need for final clearance?,Not covered,-,,,Not addressed.,original,S-1028,
Batch 4,ppa_type_non_teaching,Is it only teaching jobs that every NYSC candidate will partake in?,Not covered,-,,,Not addressed.,original,S-1029,
Batch 4,statement_of_result_requirement,Does NYSC allow statement of result without certificate?,Not covered,-,,,Not addressed.,original,S-1030,
Batch 4,logistics_budget,How much do I need for camp if I'm not rich and not so poor?,Not covered,-,,,Not addressed.,original,S-1031,
Batch 4,posting_influence,What are the activities that can determine your posting?,Not covered,-,,,No official mechanism described for choosing/influencing PPA.,original,S-0238,
Batch 4,cds_general,"How exactly does one join the OBS team, and are there any qualifications needed?",Not covered,-,,,Not addressed (CDS is a named department at nysc.gov.ng/cds.html but no FAQ content retrieved).,original,S-1033,
Batch 4,allowance_amount,When exactly is the first allawee paid: when we enter camp or towards the end?,Not covered,guide,,,Not addressed.,original,S-0750,
Batch 4,allowance_bank_account,Are we to open a new bank account for our allowance?,Not covered,guide,,,Not addressed.,original,S-0601,
Batch 4,allowance_bank_account,What bank would you recommend for receiving NYSC allowance?,Not covered,guide,,,Not addressed.,original,S-0602,
Batch 4,work_side_hustle_during_service,Is it possible for someone to be serving and working at the same time?,Not covered,-,,,Not addressed.,original,S-1037,
Batch 4,senate_list_status,Does having a statement of result mean that my name is among the NYSC mobilization list?,Covered,PDF,https://www.nysc.gov.ng/downloads/onlinefaq.pdf,Senate,"Verify name appears on Senate/Academic Board Approved Result list before registering; if missing, contact institution directly.",original,S-1038,
Batch 4,senate_list_status,How does one know if their school has mobilized them?,Covered,PDF,https://www.nysc.gov.ng/downloads/onlinefaq.pdf,Senate,"Verify name appears on Senate/Academic Board Approved Result list before registering; if missing, contact institution directly.",original,S-0364,
Batch 4,graduation_date_correction,Is a one-day difference between the graduation date on my NYSC portal and statement of result an issue during registration?,Covered,PDF,https://www.nysc.gov.ng/downloads/onlinefaq.pdf,wrongly exempted,"For wrongly-exempted PCMs: collect original Exemption Certificate from institution, SAO writes signed letter to NYSC HQ stating correct graduation date; then revalidate when portal reopens.",original,S-1040,
Batch 4,medical_fitness_report,Do they verify the medical report?,Partial,PDF,https://www.nysc.gov.ng/downloads/onlinefaq.pdf,Health Ground,For health-ground concessional deployment: upload medical report from a Federal or State General Hospital plus doctor's details.,original,S-1041,
Batch 4,age_eligibility,Can someone who finished school years ago and is now over 30 still serve if they were below 30 when they graduated?,Not covered,-,,,No age-eligibility rule stated in these specific FAQ sources.,original,S-1042,
Batch 4,prior_registration_history,Can a laboratory science graduate serve without completing the compulsory internship?,Not covered,-,,,No guidance on re-registration after prior/abandoned NYSC history.,original,S-1043,
Batch 4,biometric_capture,Can I capture my biometrics using my computer's fingerprint reader?,Covered,MOBREG/PORTAL,,proxy,Must not be done by proxy; same fingers used at registration are checked at camp. Digital Persona U.are.U 4500 scanner required if doing biometrics outside an NYSC office.,original,S-1044,
Batch 4,senate_list_status,Why can't I find my name on the NYSC portal after my school says it has been uploaded?,Covered,PDF,https://www.nysc.gov.ng/downloads/onlinefaq.pdf,Senate,"Verify name appears on Senate/Academic Board Approved Result list before registering; if missing, contact institution directly.",original,S-0027,
Batch 4,change_local_government,Can someone change their local government after posting?,Not covered,-,,,Not addressed.,original,S-1046,
Batch 4,change_local_government,Can I change my local government again after already doing monthly clearance there?,Not covered,-,,,Not addressed.,original,S-1047,
Batch 4,ppa_change_request,Is it possible to change my PPA after four months?,Not covered,-,,,No PPA-change procedure described in these sources.,original,S-1421,
Batch 4,work_side_hustle_during_service,Can I work at my current job while serving NYSC somewhere else?,Not covered,-,,,Not addressed.,original,S-1049,
Batch 4,work_side_hustle_during_service,Will we be paid minimum wage during NYSC?,Not covered,-,,,Not addressed.,original,S-1050,
Batch 4,allowance_amount,My PPA has not paid my December allowance. Should I go straight to my LGI?,Not covered,guide,,,Not addressed.,original,S-1051,
Batch 4,change_local_government,Is it possible to change my PPA to another local government?,Not covered,-,,,No PPA-change procedure described in these sources.,original,S-1052,
Batch 4,medical_fitness_report,Do I need a medical fitness report if I am not seeking redeployment?,Partial,PDF,https://www.nysc.gov.ng/downloads/onlinefaq.pdf,Health Ground,For health-ground concessional deployment: upload medical report from a Federal or State General Hospital plus doctor's details.,original,S-1053,
Batch 4,callup_number_delay,I registered yesterday and my dashboard still says 'awaiting call-up number'; should I be worried?,Not covered,-,,,No troubleshooting guidance found for call-up number delay.,original,S-0014,
Batch 4,registration_method_at_home,Can I do my NYSC registration with my phone or must I use an accredited cybercafe?,Partial,PORTAL,https://portal.nysc.org.ng/nysc/FAQ.aspx,Digital Persona,Registration can be done on own computer if a Digital Persona fingerprint USB scanner is attached; otherwise use an accredited registration center/cybercafe.,original,S-1055,
Batch 4,senate_list_status,Is the Batch B Stream 2 Senate list out online?,Covered,PDF/MOBREG,,Mobilization Time Table,Official Mobilization Time Table published at nysc.gov.ng/mobtable.html.,original,S-0326,
Batch 4,logistics_belongings_mixed_up,Are there common problems in orientation camp such as clothes or personal items getting mixed up?,Not covered,-,,,Not addressed.,original,S-1057,
Batch 4,batch_stream_timing,I graduated in 2022 but haven't done clearance; when is the next registration for mobilization?,Covered,PDF/MOBREG,,Mobilization Time Table,Official Mobilization Time Table published at nysc.gov.ng/mobtable.html.,original,S-0564,
Batch 4,revalidation,"I mobilized in school and my name appeared on the Senate list, but I didn't register; do I need revalidation?",Covered,PDF,https://www.nysc.gov.ng/downloads/onlinefaq.pdf,Senate,"Verify name appears on Senate/Academic Board Approved Result list before registering; if missing, contact institution directly.",original,S-0034,
Batch 4,ppa_registration_status,"If an organization gives me a request letter for NYSC posting, will I be posted there if the organization is not on the NYSC list?",Not covered,-,,,No official mechanism described for choosing/influencing PPA.,original,S-0736,
Batch 4,exemption_certificate,Can I get an exemption letter if I studied an online BSc at a foreign university?,Covered,PDF,https://www.nysc.gov.ng/downloads/onlinefaq.pdf,Exemption Certificate,Nigeria-trained: collect from institution; corrections only allowed within 3 months of online registration date. Foreign-trained: come to NYSC HQ with original documents for clearance and collection.,original,S-1061,
Batch 4,callup_letter_access,Has NYSC started issuing call-up letters?,Not covered,-,,,No troubleshooting guidance found for call-up number delay.,original,S-0195,
Batch 4,registration_slip_printing,Why can't I print my registration slip from my dashboard?,Not covered,-,,,Not addressed.,original,S-1063,
Batch 4,green_card_printing,My green card has no call-up number and my dashboard says I have not been evaluated yet; what does this mean?,Not covered,-,,,Term 'Green Card' not addressed in these sources.,original,S-0405,
Batch 4,registration_payment_issue,What should I do if money was deducted from two different accounts but my NYSC registration payment was not successful?,Covered,MOBREG/PORTAL,,"2,786.24","N2,786.24 fee is optional (needed only for SMS call-up number + online printing). Payment troubleshooting: check Payment Status page with transaction ID, or email nyscsupport@sidmach.com for stuck ATM payments.",original,S-1065,
Batch 4,medical_fitness_report,Do married women need a medical fitness report for NYSC?,Partial,PDF,https://www.nysc.gov.ng/downloads/onlinefaq.pdf,Health Ground,For health-ground concessional deployment: upload medical report from a Federal or State General Hospital plus doctor's details.,original,S-1066,
Batch 4,batch_stream_timing,Will Stream 1 and Stream 2 pass out at the same time?,Covered,PDF/MOBREG,,Mobilization Time Table,Official Mobilization Time Table published at nysc.gov.ng/mobtable.html.,original,S-0505,
Batch 4,general_meta_about_nysc,Is it possible to skip NYSC if I don't plan to return to Nigeria?,Not covered,guide,,,"These are administrative/procedural FAQs, not general 'what is NYSC' explainer content.",original,S-1068,
Batch 4,senate_list_status,What happens if I have not completed my school clearance but want to be mobilized for NYSC?,Covered,PDF,https://www.nysc.gov.ng/downloads/onlinefaq.pdf,Senate,"Verify name appears on Senate/Academic Board Approved Result list before registering; if missing, contact institution directly.",original,S-1069,
Batch 4,olevel_fslc_requirement,Does NYSC require an original O-level certificate for registration?,Not covered,-,,,Not addressed.,original,S-1070,
Batch 4,disability_accommodation,"Can a person with a one-leg disability go for NYSC, and how would they cope with camp training?",Not covered,-,,,No disability-specific accommodation policy found.,original,S-1071,
Onboarding,general_meta_about_nysc,"What actually is NYSC, in plain terms?",Not covered,guide,,,"A mandatory one-year national service programme for Nigerian graduates: three weeks of orientation camp, then eleven months at an assigned organisation (PPA) in a different state.",original,S-1072,
Onboarding,nysc_purpose_history,Why does NYSC exist -- why can't I just skip straight to job hunting?,Not covered,guide,,,"Established 1973, post-civil-war, to deliberately mix graduates from different regions/ethnic backgrounds by posting them outside their home state, aiming to reduce purely tribal thinking.",original,S-1073,
Onboarding,general_meta_about_nysc,Is NYSC really compulsory for everyone?,Not covered,guide,,,"Compulsory for graduates under 30 at graduation. Main legitimate exits are age 30+, permanent incapacitation, or qualifying prior military/paramilitary service -- via an Exemption Certificate, not by simply not registering.",original,S-1074,
Onboarding,nysc_skip_consequences,What actually happens if I just don't do NYSC?,Not covered,guide,,,"No Discharge or Exemption Certificate typically blocks government employment and many professional certifications in Nigeria -- enforced by exclusion from those, not by force.",original,S-1075,
Onboarding,nysc_year_structure,"Why ""a year,"" specifically -- what is actually happening the whole time?",Not covered,guide,,,"Three weeks orientation camp, then eleven months working at your PPA plus a weekly community project (CDS) -- a full working role, not idle time.",original,S-1076,
Onboarding,allowance_amount,Do NYSC corps members get paid?,Not covered,guide,,,"Yes -- a federal monthly allowance (""allawee"") paid into an account opened at camp; some states/PPAs add extra, not guaranteed.",original,S-0746,
Onboarding,posting_influence,Can I pick where I am sent for NYSC?,Not covered,-,https://www.nysc.gov.ng/downloads/onlinefaq.pdf,Concessional,"Not directly -- you can indicate a preference, but placement is NYSC's call, and the norm is deliberate posting outside your home state. Only official override is concessional posting (marital/health ground).",original,S-0704,
Onboarding,nysc_terminology_corper,"What is a ""corper""?",Not covered,guide,,,Informal Nigerian term for a serving corps member.,original,S-1079,
Onboarding,logistics_general_experience,Is orientation camp actually like military training?,Not covered,guide,,,"Borrows the style (drills, parade, uniform, early mornings) for three weeks -- closer to a structured, physically active orientation than real military training.",original,S-1080,
Onboarding,foreign_graduate_verification,I studied abroad -- does that change anything about NYSC for me?,Covered,PDF/MOBREG,https://www.nysc.gov.ng/downloads/onlinefaq.pdf,Foreign,"Still register and serve, but go through extra physical document verification (original certificates + passport entry/exit stamps) that Nigeria-trained graduates skip.",original,S-1081,
Batch 5,lgi_office_location,Where is my LGI office located?,Not covered,-,,,Not addressed as its own intent previously.,original,S-1082,
Batch 5,lgi_office_location,How do I find my Local Government Inspector's office?,Not covered,-,,,Not addressed as its own intent previously.,original,S-1083,
Batch 5,lgi_office_location,Is there a fixed address for LGI offices or does it change per posting?,Not covered,-,,,Not addressed as its own intent previously.,original,S-1084,
Batch 5,lgi_office_location,Address of my LGI office for documentation?,Not covered,-,,,Not addressed as its own intent previously.,original,S-1085,
Batch 5,lgi_office_location,I don't know where my LGA secretariat is,Not covered,-,,,Not addressed as its own intent previously.,original,S-1086,
Batch 5,lgi_office_location,Where do I submit my documents to the LGI?,Not covered,-,,,Not addressed as its own intent previously.,original,S-1087,
Batch 5,lgi_office_location,How do I locate the NYSC office in my LGA?,Not covered,-,,,Not addressed as its own intent previously.,original,S-1088,
Batch 5,lgi_office_location,My posting letter doesn't show the LGI office address,Not covered,-,,,Not addressed as its own intent previously.,original,S-1089,
Batch 5,multiple_redeployment,Can I apply for relocation more than once?,Not covered,-,,,"Not addressed as its own intent previously -- existing relocation intents assume a single relocation, not a second/subsequent one.",original,S-1090,
Batch 5,multiple_redeployment,Is there a limit to how many times I can relocate?,Not covered,-,,,"Not addressed as its own intent previously -- existing relocation intents assume a single relocation, not a second/subsequent one.",original,S-1091,
Batch 5,multiple_redeployment,I already relocated once. Can I relocate again?,Not covered,-,,,"Not addressed as its own intent previously -- existing relocation intents assume a single relocation, not a second/subsequent one.",original,S-1092,
Batch 5,multiple_redeployment,Can I still relocate after being redeployed already?,Not covered,-,,,"Not addressed as its own intent previously -- existing relocation intents assume a single relocation, not a second/subsequent one.",original,S-1093,
Batch 5,multiple_redeployment,What happens if I need a second relocation for a different reason?,Not covered,-,,,"Not addressed as its own intent previously -- existing relocation intents assume a single relocation, not a second/subsequent one.",original,S-1094,
Batch 5,multiple_redeployment,Can I change my state twice during service?,Not covered,-,,,"Not addressed as its own intent previously -- existing relocation intents assume a single relocation, not a second/subsequent one.",original,S-1095,
Batch 5,multiple_redeployment,Is a second relocation harder to get approved than the first?,Not covered,-,,,"Not addressed as its own intent previously -- existing relocation intents assume a single relocation, not a second/subsequent one.",original,S-1096,
Batch 5,multiple_redeployment,Do I need a new reason each time I apply to relocate?,Not covered,-,,,"Not addressed as its own intent previously -- existing relocation intents assume a single relocation, not a second/subsequent one.",original,S-1097,
Batch 5,nysc_headquarters_location,Where is the NYSC national headquarters located?,Not covered,-,https://www.nysc.gov.ng/directorate.html,,Not addressed as its own intent previously.,original,S-1098,
Batch 5,nysc_headquarters_location,What is the address of NYSC head office in Abuja?,Not covered,-,https://www.nysc.gov.ng/directorate.html,,Not addressed as its own intent previously.,original,S-1099,
Batch 5,nysc_headquarters_location,When should I contact NYSC headquarters instead of my state secretariat?,Not covered,-,https://www.nysc.gov.ng/directorate.html,,Not addressed as its own intent previously.,original,S-1100,
Batch 5,nysc_headquarters_location,Can I visit NYSC headquarters directly for my issue?,Not covered,-,https://www.nysc.gov.ng/directorate.html,,Not addressed as its own intent previously.,original,S-1101,
Batch 5,nysc_headquarters_location,Is NYSC headquarters the same as the Abuja secretariat?,Not covered,-,https://www.nysc.gov.ng/directorate.html,,Not addressed as its own intent previously.,original,S-1102,
Batch 5,nysc_headquarters_location,Where do I write to if my state secretariat can't resolve my case?,Not covered,-,https://www.nysc.gov.ng/directorate.html,,Not addressed as its own intent previously.,original,S-1103,
Batch 5,pop_explainer,What is POP in NYSC?,Not covered,-,,,Not addressed as its own intent previously.,original,S-1104,
Batch 5,pop_explainer,What happens on passing out parade day?,Not covered,-,,,Not addressed as its own intent previously.,original,S-1105,
Batch 5,pop_explainer,What do I need to bring to my POP?,Not covered,-,,,Not addressed as its own intent previously.,original,S-1106,
Batch 5,pop_explainer,Is POP the same as collecting my discharge certificate?,Not covered,-,,,Not addressed as its own intent previously.,original,S-1107,
Batch 5,pop_explainer,Do I need my ID card at POP?,Not covered,-,,,Not addressed as its own intent previously.,original,S-1108,
Batch 5,pop_explainer,What happens if I miss my POP date?,Not covered,-,,,Not addressed as its own intent previously.,original,S-1109,
Batch 5,pop_explainer,How is POP different from my final clearance?,Not covered,-,,,Not addressed as its own intent previously.,original,S-1110,
Batch 5,pop_explainer,Is there still a physical parade or has POP changed to something else?,Not covered,-,,,Not addressed as its own intent previously.,original,S-1111,
Batch 5,ppa_checking_process,How do I check my PPA on the NYSC portal?,Not covered,-,https://portal.nysc.org.ng,,"Distinct from ppa_documentation/ppa_rejection_reposting -- pure how-to-view mechanic, not covered before.",original,S-1112,
Batch 5,ppa_checking_process,I missed collecting my posting letter from my platoon leader,Not covered,-,https://portal.nysc.org.ng,,"Distinct from ppa_documentation/ppa_rejection_reposting -- pure how-to-view mechanic, not covered before.",original,S-1113,
Batch 5,ppa_checking_process,How do I print my posting letter online?,Not covered,-,https://portal.nysc.org.ng,,"Distinct from ppa_documentation/ppa_rejection_reposting -- pure how-to-view mechanic, not covered before.",original,S-1114,
Batch 5,ppa_checking_process,My PPA letter isn't showing on my dashboard,Not covered,-,https://portal.nysc.org.ng,,"Distinct from ppa_documentation/ppa_rejection_reposting -- pure how-to-view mechanic, not covered before.",original,S-1115,
Batch 5,ppa_checking_process,Where exactly on the portal do I find my PPA details?,Not covered,-,https://portal.nysc.org.ng,,"Distinct from ppa_documentation/ppa_rejection_reposting -- pure how-to-view mechanic, not covered before.",original,S-1116,
Batch 5,ppa_checking_process,Can I check my posting letter before leaving camp?,Not covered,-,https://portal.nysc.org.ng,,"Distinct from ppa_documentation/ppa_rejection_reposting -- pure how-to-view mechanic, not covered before.",original,S-1117,
Batch 5,ppa_checking_process,How soon after camp does the PPA letter appear online?,Not covered,-,https://portal.nysc.org.ng,,"Distinct from ppa_documentation/ppa_rejection_reposting -- pure how-to-view mechanic, not covered before.",original,S-1118,
Batch 5,ppa_course_matching,Does my course of study determine my PPA?,Not covered,-,,,Not addressed as its own intent previously.,original,S-1119,
Batch 5,ppa_course_matching,Will I be posted somewhere related to what I studied?,Not covered,-,,,Not addressed as its own intent previously.,original,S-1120,
Batch 5,ppa_course_matching,Can a science student be posted to a bank or ministry?,Not covered,-,,,Not addressed as its own intent previously.,original,S-1121,
Batch 5,ppa_course_matching,How does NYSC decide which organizations match which courses?,Not covered,-,,,Not addressed as its own intent previously.,original,S-1122,
Batch 5,ppa_course_matching,I studied education,Not covered,-,,,Not addressed as its own intent previously.,original,S-1123,
Batch 5,ppa_course_matching,Does NYSC consider your course when assigning PPA type?,Not covered,-,,,Not addressed as its own intent previously.,original,S-1124,
Batch 5,ppa_course_matching,Can I request a PPA outside my course of study?,Not covered,-,,,Not addressed as its own intent previously.,original,S-1125,
Batch 5,siwes_vs_nysc,Is SIWES the same thing as NYSC?,Not covered,-,,,"Common beginner mix-up, not addressed anywhere in the existing 130 intents.",original,S-1126,
Batch 5,siwes_vs_nysc,Does doing SIWES affect my NYSC eligibility?,Not covered,-,,,"Common beginner mix-up, not addressed anywhere in the existing 130 intents.",original,S-1127,
Batch 5,siwes_vs_nysc,If I already did SIWES/IT,Not covered,-,,,"Common beginner mix-up, not addressed anywhere in the existing 130 intents.",original,S-1128,
Batch 5,siwes_vs_nysc,What's the difference between SIWES and NYSC?,Not covered,-,,,"Common beginner mix-up, not addressed anywhere in the existing 130 intents.",original,S-1129,
Batch 5,siwes_vs_nysc,Does SIWES count toward my one year of service?,Not covered,-,,,"Common beginner mix-up, not addressed anywhere in the existing 130 intents.",original,S-1130,
Batch 5,siwes_vs_nysc,I keep seeing SIWES and NYSC mentioned together,Not covered,-,,,"Common beginner mix-up, not addressed anywhere in the existing 130 intents.",original,S-1131,
Batch 5,state_secretariat_location,Where is my state secretariat located?,Not covered,-,https://www.nysc.gov.ng/secretariat.html,,Not addressed as its own intent previously.,original,S-1132,
Batch 5,state_secretariat_location,Is the state secretariat the same place as camp?,Not covered,-,https://www.nysc.gov.ng/secretariat.html,,Not addressed as its own intent previously.,original,S-1133,
Batch 5,state_secretariat_location,What's the difference between the state secretariat and my LGA office?,Not covered,-,https://www.nysc.gov.ng/secretariat.html,,Not addressed as its own intent previously.,original,S-1134,
Batch 5,state_secretariat_location,Where do I go for issues my LGI can't resolve?,Not covered,-,https://www.nysc.gov.ng/secretariat.html,,Not addressed as its own intent previously.,original,S-1135,
Batch 5,state_secretariat_location,Which state's secretariat do I report to after relocation?,Not covered,-,https://www.nysc.gov.ng/secretariat.html,,Not addressed as its own intent previously.,original,S-1136,
Batch 5,state_secretariat_location,Do I need to visit the state secretariat during service or only the LGA office?,Not covered,-,https://www.nysc.gov.ng/secretariat.html,,Not addressed as its own intent previously.,original,S-1137,
Batch 5,term_lookup,What does PPA mean in NYSC?,Not covered,-,,,"New utility intent -- extraction (term/code from message) + dict lookup, not a branching Conditional.",original,S-1138,
Batch 5,cds_general,What is a CDS group?,Not covered,-,,,"New utility intent -- extraction (term/code from message) + dict lookup, not a branching Conditional.",original,S-1139,
Batch 5,term_lookup,What does LGI stand for?,Not covered,-,,,"New utility intent -- extraction (term/code from message) + dict lookup, not a branching Conditional.",original,S-1140,
Batch 5,term_lookup,What is a state code in NYSC?,Not covered,-,,,"New utility intent -- extraction (term/code from message) + dict lookup, not a branching Conditional.",original,S-1141,
Batch 5,term_lookup,What does PV mean on the NYSC portal?,Not covered,-,,,"New utility intent -- extraction (term/code from message) + dict lookup, not a branching Conditional.",original,S-1142,
Batch 5,nysc_terminology_corper,"What is the meaning of ""corper""?",Not covered,-,,,"New utility intent -- extraction (term/code from message) + dict lookup, not a branching Conditional.",original,S-1143,
Batch 5,term_lookup,What does SAED stand for?,Not covered,-,,,"New utility intent -- extraction (term/code from message) + dict lookup, not a branching Conditional.",original,S-1144,
Batch 5,term_lookup,Is there a full list of NYSC abbreviations somewhere?,Not covered,-,,,"New utility intent -- extraction (term/code from message) + dict lookup, not a branching Conditional.",original,S-1145,
Batch 5,term_lookup,What does my institution code mean on my documents?,Not covered,-,,,"New utility intent -- extraction (term/code from message) + dict lookup, not a branching Conditional.",original,S-1146,
Batch 8 (post-audit top-up),camp_kit,Do I need to carry two pairs of white shoes to camp?,Not covered,-,,,User-sourced this pass.,original,S-0001,
Batch 8 (post-audit top-up),camp_kit,Is it worth buying a rubber sneaker as backup for when it rains?,Not covered,-,,,User-sourced this pass.,original,S-0001,
Batch 8 (post-audit top-up),camp_kit,"Should I get canvas and also rubber, or just one is enough?",Not covered,-,,,User-sourced this pass.,original,S-0001,
Batch 8 (post-audit top-up),camp_kit,"I'm posted to a rainy state, do I need extra shoes for camp?",Not covered,-,,,User-sourced this pass.,original,S-0001,
Batch 8 (post-audit top-up),camp_kit,Na must to get two white shoes or one can work?,Not covered,-,,,User-sourced this pass.,original,S-0001,
Batch 8 (post-audit top-up),camp_kit,Will laundry day mess up my only pair of white sneakers if I dont have a spare?,Not covered,-,,,User-sourced this pass.,original,S-0001,
Batch 8 (post-audit top-up),camp_kit,Is bringing a spare pair of sneakers a waste of money?,Not covered,-,,,User-sourced this pass.,original,S-0001,
Batch 8 (post-audit top-up),camp_kit,Do camp officials expect you to have a backup pair of white shoes?,Not covered,-,,,User-sourced this pass.,original,S-0001,
Batch 8 (post-audit top-up),dssc_during_service,Can I apply for DSSC while still serving my NYSC year?,Not covered,-,,,User-sourced this pass.,original,S-1155,
Batch 8 (post-audit top-up),dssc_during_service,Does Army DSSC accept people who haven't finished NYSC yet?,Not covered,-,,,User-sourced this pass.,original,S-1156,
Batch 8 (post-audit top-up),dssc_during_service,"I want to apply for Navy DSSC, do I need my discharge certificate first?",Not covered,-,,,User-sourced this pass.,original,S-1157,
Batch 8 (post-audit top-up),dssc_during_service,Can a corper apply for Air Force DSSC before service ends?,Not covered,-,,,User-sourced this pass.,original,S-1158,
Batch 8 (post-audit top-up),dssc_during_service,"If Im currently serving, fit person apply for DSSC straight from camp or corper lodge?",Not covered,-,,,User-sourced this pass.,original,S-1159,
Batch 8 (post-audit top-up),dssc_during_service,Is exemption letter enough for DSSC application or must it be discharge certificate?,Not covered,-,,,User-sourced this pass.,original,S-1160,
Batch 8 (post-audit top-up),dssc_during_service,Can I start the DSSC application process before my passing out parade?,Not covered,-,,,User-sourced this pass.,original,S-1161,
chitchat_fix,out_of_scope,What's the weather like today?,,,,,"Non-NYSC topic, needed so classifier can learn to predict out_of_scope at all.",original,S-1162,
chitchat_fix,out_of_scope,Can you help me with my homework?,,,,,"Non-NYSC topic, needed so classifier can learn to predict out_of_scope at all.",original,S-1163,
chitchat_fix,out_of_scope,Who won the match yesterday?,,,,,"Non-NYSC topic, needed so classifier can learn to predict out_of_scope at all.",original,S-1164,
chitchat_fix,out_of_scope,What's a good recipe for jollof rice?,,,,,"Non-NYSC topic, needed so classifier can learn to predict out_of_scope at all.",original,S-1165,
chitchat_fix,out_of_scope,Can you write code for me?,,,,,"Non-NYSC topic, needed so classifier can learn to predict out_of_scope at all.",original,S-1166,
chitchat_fix,out_of_scope,What's happening in the news today?,,,,,"Non-NYSC topic, needed so classifier can learn to predict out_of_scope at all.",original,S-1167,
chitchat_fix,out_of_scope,Can you help me fix my laptop?,,,,,"Non-NYSC topic, needed so classifier can learn to predict out_of_scope at all.",original,S-1168,
chitchat_fix,out_of_scope,What's the capital of France?,,,,,"Non-NYSC topic, needed so classifier can learn to predict out_of_scope at all.",original,S-1169,
chitchat_fix,general_meta_about_nysc,Can I do NYSC in Ghana instead?,,,,,"Non-NYSC topic, needed so classifier can learn to predict out_of_scope at all.",original,S-1170,
chitchat_fix,out_of_scope,Does NYSC exist in other African countries?,,,,,"Non-NYSC topic, needed so classifier can learn to predict out_of_scope at all.",original,S-1171,
chitchat_fix,out_of_scope,Can I use my WAEC result for a UK visa?,,,,,"Non-NYSC topic, needed so classifier can learn to predict out_of_scope at all.",original,S-1172,
chitchat_fix,out_of_scope,What's the best university in Nigeria?,,,,,"Non-NYSC topic, needed so classifier can learn to predict out_of_scope at all.",original,S-1173,
chitchat_fix,out_of_scope,How do I apply for a US visa?,,,,,"Non-NYSC topic, needed so classifier can learn to predict out_of_scope at all.",original,S-1174,
chitchat_fix,out_of_scope,Can you help me write a CV?,,,,,"Non-NYSC topic, needed so classifier can learn to predict out_of_scope at all.",original,S-1175,
chitchat_fix,out_of_scope,What stocks should I invest in?,,,,,"Non-NYSC topic, needed so classifier can learn to predict out_of_scope at all.",original,S-1176,
chitchat_fix,out_of_scope,How do I start a business in Nigeria?,,,,,"Non-NYSC topic, needed so classifier can learn to predict out_of_scope at all.",original,S-1177,
chitchat_fix,out_of_scope,What's the exchange rate today?,,,,,"Non-NYSC topic, needed so classifier can learn to predict out_of_scope at all.",original,S-1178,
chitchat_fix,out_of_scope,Can you recommend a good movie?,,,,,"Non-NYSC topic, needed so classifier can learn to predict out_of_scope at all.",original,S-1179,
chitchat_fix,out_of_scope,How do I get a Nigerian passport?,,,,,"Non-NYSC topic, needed so classifier can learn to predict out_of_scope at all.",original,S-1180,
chitchat_fix,out_of_scope,What's JAMB's cut-off mark for medicine?,,,,,"Non-NYSC topic, needed so classifier can learn to predict out_of_scope at all.",original,S-1181,
sourced,camp_kit,Is it a must to wear waist pouch??,Not covered,,,,,sourced,S-1182,NL-242
sourced,camp_kit,must it be waist pouch...coz wot I own is a small backpack....and its actually camou,Not covered,,,,,sourced,S-0610,NL-243
sourced,camp_items_allowed,are head phones allowed??,Not covered,,,,,sourced,S-1184,NL-245
sourced,logistics_belongings_mixed_up,Your clothes will hardly get stolen... how can I avoid my clothes getting mixed up or stolen?,Not covered,,,,,sourced,S-1185,NL-248
sourced,camp_visitors,can you visit somebody in camp to give him some money?,,,,,,sourced,S-1186,NL-249
sourced,bereavement_family_emergency,please i want to leave camp to go for the burial of my dad on November 17. But we will still be in camp then. how do i obtain permission. please advise,,,,,,sourced,S-1187,NL-250
sourced,bereavement_family_emergency,"While in camp, can someone be granted permission to attend to an urgent issue, say Exam. Scholarship exams, jamb, Direct entry exam, post utme etc",,,,,,sourced,S-1188,NL-251
sourced,service_extension,"For those whose service year is extended,would they still be paid allowee?",,,,,,sourced,S-1189,NL-252
sourced,state_code_meaning,what is the meaning of RV/12A/0074?,,,,,,sourced,S-1190,NL-253
sourced,state_code_meaning,what is the meaning of the state code on the NYSC form?,,,,,,sourced,S-1191,NL-254
sourced,cds_general,"Is it important to attend CDS, some LGI will ask the CDS president to submit your attendance before your final clearance. If you can't attend for whatsoever reason get someone that will write your name in your absence",,,,,,sourced,S-1192,NL-255
sourced,cds_general,"If one doesn't go for general CDS but goes to thumbprint and do monthly clearance, will there be any issue?",,,,,,sourced,S-1193,NL-256
sourced,postgraduate_study_during_service,pls who knows if I can be admitted for PGD during my service year??,,,,,,sourced,S-1194,NL-257
sourced,postgraduate_study_during_service,I am a final year polytechnic student looking for a school that is not that expensive do my PGD. Can I do it while serving (NYSC)?,,,,,,sourced,S-1195,NL-258
sourced,professional_study_during_service,Can I get info on any certified courses I can run as a corper?,,,,,,sourced,S-1196,NL-259
sourced,professional_study_during_service,"What has been the advantage of going for those courses? Please what can you say about going for HSE now? I need the advice before paying #19,500 for a course that 'may' not be of help to me at all.",,,,,,sourced,S-1197,NL-260
sourced,service_extension,Miss CDS for 1 month -- extension and half pay?,,,,,,sourced,S-1198,NL-261
sourced,service_extension,"How many absences → extension, and how long?",,,,,,sourced,S-1199,NL-262
sourced,decampment,"If someone is decamped from NYSC camp, can he or she be re-mobilized?",,,,,,sourced,S-1200,NL-263
sourced,decampment,"I was mobilized for Batch A Stream 2 but I didn't show up in the camp at all. Now, I want to go with Batch B. How do I go about it?",,,,,,sourced,S-1201,NL-264
sourced,postgraduate_study_during_service,can I do PGD while serving?,,,,,,sourced,S-1202,NL-265
sourced,logistics_laundry,How does one go about washing in camp since clothes get stolen?,Not covered,,,,,sourced,S-1203,NL-266
sourced,camp_kit,How many normal clothes should I go with for camp?,Not covered,,,,,sourced,S-1204,NL-268
sourced,camp_kit,Can I wear mufti in camp?,Not covered,,,,,sourced,S-1204,NL-269
sourced,camp_kit,Can I wear long trouser and wear the white short on it in camp?,Not covered,,,,,sourced,S-1206,NL-270
sourced,camp_kit,How many normal clothes will I go with?,Not covered,,,,,sourced,S-1204,NL-271
sourced,camp_kit,Is it compulsory to go with a bucket?,Not covered,,,,,sourced,S-1208,NL-272
sourced,camp_kit,What other challenges await during registration and camping?,Not covered,,,,,sourced,S-1209,NL-273
sourced,green_card_printing,Green Card printed in black and white -- will it be accepted?,Not covered,,,,,sourced,S-0545,NL-274
sourced,docs_required_at_camp,"I don't have my school ID card, what do I do?",Not covered,,,,,sourced,S-1211,NL-275
sourced,docs_required_at_camp,I lost my school ID card. Will I be registered at camp without it?,Not covered,,,,,sourced,S-0188,NL-276
sourced,state_code_meaning,What does RV mean in a NYSC state code?,,,,,,sourced,S-1213,NL-278
sourced,state_code_meaning,What is the state code for Lagos?,,,,,,sourced,S-1214,NL-279
sourced,direct_posting,Can one pay to secure one's desired PPA just like direct posting? How sure are these things?,Not covered,,,,,sourced,S-1215,NL-280
sourced,ppa_documentation,What does a PPA give you to ensure that they accepted you?,Partial,,,,,sourced,S-1216,NL-281
sourced,ppa_registration_status,Does an organization need to be registered with NYSC before I can request posting there?,Not covered,,,,,sourced,S-0316,NL-282
sourced,postgraduate_study_during_service,Can I do PGD while serving NYSC?,,,,,,sourced,S-1218,NL-283
sourced,service_extension,How many times can I be absent before NYSC gives an extension?,,,,,,sourced,S-1219,NL-284
sourced,service_extension,How long does the extension last?,,,,,,sourced,S-1220,NL-285
sourced,relocation_general_process,I have been relocated to another state. How do I print my relocation letter?,Partial,,,,,sourced,S-0590,NL-286
sourced,relocation_general_process,I have been relocated but the relocation letter is not showing on my dashboard. What should I do?,Partial,,,,,sourced,S-0590,NL-287
sourced,posting_influence,I relocated to another state. Do I need to attach a request letter from the organisation I want to work with?,Partial,,,,,sourced,S-1221,NL-288
sourced,relocation_general_process,I relocated from Taraba to Lagos but I can't print my relocation letter because I haven't been cleared by the State Coordinator. What should I do?,Partial,,,,,sourced,S-0420,NL-289
sourced,relocation_general_process,Can I relocate after I have already spent some time serving in my original state?,Partial,,,,,sourced,S-0257,NL-290
sourced,relocation_general_process,Can I apply for relocation after three months of service?,Partial,,,,,sourced,S-0257,NL-291
sourced,relocation_general_process,"Dashboard only shows insecurity/marital, not health -- can I still relocate on health grounds?",Partial,,,,,sourced,S-1222,NL-292
sourced,posting_influence,Can I be posted to my state of origin?,Not covered,,,,,sourced,S-0282,NL-293
sourced,posting_influence,Can I get posted/direct-posted to my state of origin?,Not covered,,,,,sourced,S-0282,NL-294
sourced,posting_influence,Can I take a request letter from my preferred organisation to camp?,Not covered,,,,,sourced,S-1419,NL-295
sourced,posting_influence,Does only Lagos camp accept PPA request letters?,Not covered,,,,,sourced,S-1226,NL-296
sourced,posting_influence,How can I work out my PPA before I get posted?,Not covered,,,,,sourced,S-1417,NL-297
sourced,post_relocation_process,"After relocation, state code changed but no PPA yet -- do I need to return to the secretariat / what's the sequence?",Partial,,,,,sourced,S-0081,NL-298
sourced,ppa_change_request,"Can I change my PPA even after documentation, or after changing it before?",Not covered,,,,,sourced,S-1421,NL-299
sourced,ppa_documentation,What happens if I don't report to my PPA?,Partial,,,,,sourced,S-1230,NL-300
sourced,ppa_change_request,What should I do if my PPA is far from where I live and I want somewhere closer?,Partial,,,,,sourced,S-0894,NL-301
sourced,post_relocation_process,"After relocation, do I still need to go to the new state's secretariat for documentation?",Partial,,,,,sourced,S-0082,NL-302
sourced,posting_influence,"I have a PPA in mind already, how do I inform NYSC so they don't give me another place?",Not covered,,,,,sourced,S-1417,NL-303
sourced,logistics_arrival_timing,"I redeployed and just got my new call-up letter today, when I'm supposed to be in camp. Is it possible for me to show up at camp a day late? Are there repercussions?",Not covered,,,,,sourced,S-0314,NL-304
sourced,portal_open_registration_window,When is Batch B 2025 registration beginning?,Covered,,,,,sourced,S-1235,NL-305
sourced,ppa_documentation,What is the maximum number of days one can stay before reporting to your PPA?,Partial,,,,,sourced,S-1236,NL-306
sourced,ppa_change_request,Can I change my PPA after acceptance and completion of my file at my Secretariat because the school can't pay me and there is no accommodation?,Not covered,,,,,sourced,S-1422,NL-307
sourced,ppa_change_request,"If I am looking for a PPA in the same LGA, can I change to another school?",Not covered,,,,,sourced,S-0247,NL-308
sourced,cds_general,What if I miss general CDS because I travelled out of town? What's the implication?,,,,,,sourced,S-1239,NL-309
sourced,relocation_general_process,Can I get redeployed after having a PPA if the portal only shows marital and security reasons and I don't have either?,Partial,,,,,sourced,S-1240,NL-310
sourced,post_relocation_process,"After redeployment, do I get the new state's allowance?",Partial,,,,,sourced,S-0467,NL-311
sourced,relocation_general_process,"I was posted to Borno but I'm camping in another state. After camp, will my PPA be in the state where I camped or in my original deployment state?",Partial,,,,,sourced,S-1242,NL-312
sourced,relocation_general_process,Can I redeploy to anywhere I want?,Partial,,,,,sourced,S-0732,NL-313
sourced,allowance_amount,Is the first month allowance paid physically in the NYSC camp?,Not covered,,,,,sourced,S-0079,NL-314
sourced,ppa_accommodation,Do PPAs give free accommodation?,Not covered,,,,,sourced,S-1244,NL-315
sourced,allowance_amount,"When is the transport/local transport allowance paid during orientation camp, and how much is it?",Not covered,,,,,sourced,S-1245,NL-316
sourced,ppa_accommodation,My PPA doesn't provide accommodation. What can I do?,Not covered,,,,,sourced,S-1246,NL-317
sourced,service_abscondment,"Abscond → repeat entire year, or only the absent period?",,,,,,sourced,S-1247,NL-319
sourced,relocation_general_process,Does missed clearance affect a pending relocation application?,Partial,,,,,sourced,S-1248,NL-320
sourced,relocation_general_process,Which state issues a query after relocation -- old or new?,Partial,,,,,sourced,S-1249,NL-321
sourced,jamb_regularization,JAMB regularisation not yet reflected -- advisable to register for NYSC anyway?,Covered,,,,,sourced,S-1250,NL-322
sourced,post_relocation_process,"I relocated to Lagos, my state code has changed, but I still haven't seen my PPA on my dashboard. What should I do?",Not covered,,,,,sourced,S-0081,NL-323
sourced,post_relocation_process,"My clearance has shown absent for last month and this month, I have no PPA and I have not been paid. What should I do?",Not covered,,,,,sourced,S-1252,NL-324
sourced,logistics_arrival_timing,I just got my new call-up letter today when I'm supposed to be in camp. Is it possible for me to show up at camp a day late? Are there repercussions?,Not covered,,,,,sourced,S-0314,NL-325
sourced,ppa_accommodation,Do Federal Government Colleges pay corps members an extra token?,Not covered,,,,,sourced,S-1254,NL-328
sourced,waec_certificate_requirement,WAEC name differs from JAMB/school name by one letter -- will it affect NYSC?,Covered,,,,,sourced,S-1255,NL-329
sourced,relocation_general_process,Can a married woman relocate after 7 months of service?,Partial,,,,,sourced,S-0257,NL-330
sourced,cds_general,I didn't go for clearance between the 1st and 10th because my PPA asked me to wait. What can I do if my LGA clearance is showing absent?,,,,,,sourced,S-1256,NL-331
sourced,relocation_general_process,Where do I report for PPA posting -- old state or new state?,Partial,,,,,sourced,S-1257,NL-332
sourced,relocation_general_process,I applied for after-camp relocation and was told to get clearance from my State Coordinator. What else do I need to do before the print option appears?,Partial,,,,,sourced,S-0420,NL-333
sourced,relocation_general_process,I need help accessing my relocation letter from my portal. What should I do?,Partial,,,,,sourced,S-0590,NL-334
sourced,post_relocation_process,"After relocation, my state code has changed but I don't have a PPA yet. Do I need to go back to NYSC secretariat?",Not covered,,,,,sourced,S-0081,NL-335
sourced,ppa_change_request,Can I change my PPA even if I have already done documentation at my former PPA LGA?,Not covered,,,,,sourced,S-1421,NL-336
sourced,ppa_change_request,Will changing my PPA cause any issues?,Not covered,,,,,sourced,S-0296,NL-337
sourced,ppa_change_request,Can I change my PPA even if I have changed it before?,Not covered,,,,,sourced,S-1421,NL-338
sourced,multiple_redeployment,Can I relocate again if I've already relocated before?,Partial,,,,,sourced,S-0974,NL-339
sourced,ppa_type_non_teaching,What areas are corps members normally posted to for their Place of Primary Assignment?,Not covered,,,,,sourced,S-1262,NL-340
sourced,ppa_type_non_teaching,Can corps members be posted outside the four key areas of national development?,Not covered,,,,,sourced,S-1263,NL-341
sourced,logistics_travel_to_camp,"When I leave camp, should I go home first or report to my PPA?",Not covered,,,,,sourced,S-1264,NL-342
sourced,ppa_accommodation,What happens if my PPA doesn't provide accommodation?,Not covered,,,,,sourced,S-1265,NL-343
sourced,monthly_clearance,What happens if I don't complete my LGA registration/clearance before going home?,Not covered,,,,,sourced,S-1266,NL-344
sourced,logistics_travel_to_camp,Will my PPA send a vehicle to pick me up from camp?,Not covered,,,,,sourced,S-1267,NL-345
sourced,stream_assignment,"Is Stream 2 a separate registration, or assigned after registering for the batch?",Covered,,,,,sourced,S-1268,NL-346
sourced,allowance_payment_issue,Will I have problems with my allowance if I don't complete my LGA clearance?,Not covered,,,,,sourced,S-0185,NL-347
sourced,camp_items_allowed,Can I take my laptop to camp if I'm posted to a faraway state and don't plan to return home immediately after camp?,Not covered,,,,,sourced,S-0160,NL-348
sourced,camp_kit,Does the shape of the neck of the white T-shirt matter?,Not covered,,,,,sourced,S-0002,NL-349
sourced,logistics_travel_to_camp,"After camp, should I go home first or report to my PPA?",Not covered,,,,,sourced,S-1272,NL-351
sourced,posting_influence,Can I take a request letter from a company to camp to influence where I am posted?,Not covered,,,,,sourced,S-1419,NL-352
sourced,posting_influence,Is it only Lagos camp that accepts request letters?,Not covered,,,,,sourced,S-1226,NL-353
sourced,relocation_general_process,"I was posted to Borno but camped in Nasarawa. After camp, will my PPA be in Nasarawa or Borno?",Partial,,,,,sourced,S-1275,NL-354
sourced,relocation_general_process,I was posted to Adamawa but asked to report to Taraba for camp. Will my PPA be in Taraba or Adamawa?,Partial,,,,,sourced,S-1276,NL-355
sourced,relocation_general_process,Can I redeploy to wherever I want after camp?,Partial,,,,,sourced,S-0732,NL-356
sourced,logistics_curfew_leaving,Can I apply for camp exit after registering in camp using a medical report?,Not covered,,,,,sourced,S-1277,NL-357
sourced,logistics_curfew_leaving,Do I still have to report to camp first if I want to obtain a camp exit?,Not covered,,,,,sourced,S-1278,NL-358
sourced,name_correction,Can I register / attend camp while a name correction is still pending?,Covered,,,,,sourced,S-1279,NL-359
sourced,name_correction,Can a name discrepancy actually prevent camp admission?,Covered,,,,,sourced,S-1280,NL-360
sourced,relocation_general_process,"After applying for relocation in camp, how do I know whether it was successful before PPA posting?",Partial,,,,,sourced,S-0249,NL-361
sourced,relocation_general_process,"If my relocation is successful, where do I report for PPA posting?",Partial,,,,,sourced,S-1257,NL-362
sourced,allowance_amount,Does OAU pay corps members any additional/token allowance?,Not covered,,,,,sourced,S-0128,NL-363
sourced,camp_items_allowed,Can I take food/drinks in breakable containers to camp?,Not covered,,,,,sourced,S-1282,NL-365
sourced,logistics_arrival_timing,Can I report to camp before the date written on my call-up letter?,Not covered,,,,,sourced,S-0165,NL-366
sourced,batch_stream_timing,Does Stream 1 vs 2 affect total length of service?,Not covered,,,,,sourced,S-0505,NL-367
sourced,logistics_general_experience,What activities can I join in camp that might help determine where I am posted?,Not covered,,,,,sourced,S-1285,NL-368
sourced,post_relocation_process,I relocated from Rivers to Lagos and printed my relocation letter. What is the next step?,Partial,,,,,sourced,S-0863,NL-369
sourced,relocation_general_process,I relocated to Abuja from Ekiti and my dashboard says I need State Coordinator clearance. Which State Coordinator?,Partial,,,,,sourced,S-0591,NL-370
sourced,relocation_general_process,What clearance do I need before I can print my relocation letter?,Partial,,,,,sourced,S-0420,NL-371
sourced,post_relocation_process,I relocated and my state code has changed but I have not seen my PPA on my dashboard. Will my LGA clearance be at the secretariat?,Not covered,,,,,sourced,S-0082,NL-372
sourced,name_correction,Can I still register for NYSC while waiting for a name correction to be effected?,Covered,,,,,sourced,S-1287,NL-373
sourced,waec_certificate_requirement,Will a discrepancy between my JAMB/school name and WAEC name affect NYSC?,Covered,,,,,sourced,S-1288,NL-374
sourced,ppa_type_non_teaching,What kinds of organisations can NYSC post me to for my PPA?,Not covered,,,,,sourced,S-1289,NL-375
sourced,ppa_private_sector,Can I be posted to a private company for my PPA?,Not covered,,,,,sourced,S-1290,NL-376
sourced,serve_at_current_workplace,I already work at a hospital. Can my MD write a request letter for me to take to camp so I can serve there?,Not covered,,,,,sourced,S-1291,NL-377
sourced,posting_influence,How do I work out my PPA if my organisation is already willing to write a request letter?,Not covered,,,,,sourced,S-1417,NL-378
sourced,ppa_rejection_reposting,I'm tired of my PPA / my reposting hasn't happened / can I reject NYSC posting for a private offer?,Not covered,,,,,sourced,S-0274,NL-379
sourced,ppa_rejection_reposting,I applied for PPA reposting at the local government secretariat but I haven't been reposted. What can I do?,Not covered,,,,,sourced,S-0297,NL-380
sourced,multiple_redeployment,"If I have relocated before, can I relocate back to another state again?",Partial,,,,,sourced,S-0974,NL-381
sourced,portal_open_registration_window,When will Batch B / Batch B II registration open?,Covered,,,,,sourced,S-1295,NL-382
sourced,logistics_arrival_timing,I just got my new call-up letter when I was already supposed to be in camp. Can I arrive a day late?,Not covered,,,,,sourced,S-0314,NL-383
sourced,stream_assignment,How does NYSC decide who goes to Stream 1 vs Stream 2?,Not covered,,,,,sourced,S-0159,NL-384
sourced,batch_stream_timing,Does being in Stream 2 mean you serve for less than one full year?,Not covered,,,,,sourced,S-0505,NL-385
sourced,post_relocation_process,"After relocation, do I need to return to the NYSC secretariat for bank-account/ID registration before my PPA appears?",Not covered,,,,,sourced,S-0082,NL-386
sourced,relocation_general_process,I have been relocated but I cannot print my relocation letter because the State Coordinator has not cleared me. What should I do?,Partial,,,,,sourced,S-0420,NL-387
sourced,batch_stream_timing,Can I register for Batch B Stream 1 while waiting for a name correction to be completed?,Covered,,,,,sourced,S-1300,NL-388
sourced,jamb_regularization,Part-time HND graduate who did JAMB regularisation and was mobilised -- can they serve?,Covered,,,,,sourced,S-1301,NL-389
sourced,prior_registration_history,"I registered for NYSC after my first degree but didn't go because I started Medicine. After completing Medicine, do I have to complete the first registration/service or can I serve with the new degree?",Not covered,,,,,sourced,S-1302,NL-390
sourced,ppa_private_sector,Can a corps member be posted to a private firm for PPA?,Not covered,,,,,sourced,S-1303,NL-391
sourced,ppa_registration_status,Is there a way to know which private firms in a city are registered with NYSC?,Not covered,,,,,sourced,S-0127,NL-392
sourced,ppa_type_non_teaching,Do they post corps members to Government House as a PPA?,Not covered,,,,,sourced,S-1305,NL-394
sourced,age_eligibility,"Can someone who's now 35, graduated in 2018, still serve?",Covered,,,,,sourced,S-1042,NL-395
sourced,discharge_certificate,How can I replace a lost NYSC discharge certificate?,Not covered,,,,,sourced,S-1307,NL-396
sourced,monthly_clearance,"Missing file at LGA -- can't complete monthly clearance, what can I do?",Not covered,,,,,sourced,S-1308,NL-397
sourced,callup_letter_access,I lost my NYSC call-up letter. How can I reprint it?,Partial,,,,,sourced,S-0547,NL-398
sourced,logistics_arrival_timing,"If I missed my original camp date because I got my new call-up letter late after redeployment, can I report a day late?",Not covered,,,,,sourced,S-0314,NL-399
sourced,portal_open_registration_window,When will NYSC registration begin for Batch B II 2025?,Covered,,,,,sourced,S-1311,NL-400
sourced,discharge_certificate,Please can anybody shed light on how to recover a lost NYSC discharge certificate?,Not covered,,,,,sourced,S-1312,NL-401
sourced,discharge_certificate,"A relative lost his NYSC certificate to armed robbers. Is there any hope of getting another one from NYSC, and what proof is required?",Not covered,,,,,sourced,S-1313,NL-402
sourced,monthly_clearance,I haven't gotten a PPA yet and monthly clearance is approaching. Will this affect me?,Not covered,,,,,sourced,S-1314,NL-403
sourced,monthly_clearance,Do I need my physical NYSC file at the secretariat to do monthly clearance?,Not covered,,,,,sourced,S-1315,NL-404
sourced,monthly_clearance,"If I miss one month of clearance, what happens to my service?",Not covered,,,,,sourced,S-1316,NL-405
sourced,monthly_clearance,My dashboard shows 13th month absent and my POP is coming up. Do I still need to do the monthly biometric clearance?,Not covered,,,,,sourced,S-1317,NL-406
sourced,callup_letter_access,"I am passing out and need my old NYSC call-up letter, but the option is no longer on my dashboard. How can I reprint it?",Partial,,,,,sourced,S-1318,NL-407
sourced,callup_letter_access,How can I reprint my call-up letter when only my Green Card is showing on the portal?,Partial,,,,,sourced,S-0492,NL-408
sourced,age_eligibility,Can someone who is 35 years old and graduated in 2018 still go for NYSC?,Not covered,,,,,sourced,S-1042,NL-409
sourced,age_eligibility,Turning 29 at graduation and don't want to serve -- can I postpone and go later?,Covered,,,,,sourced,S-0491,NL-410
sourced,postpone_defer_service,"How long can one defer NYSC service, and how do you defer it?",Not covered,,,,,sourced,S-1322,NL-411
sourced,stream_assignment,"Is Stream 2 registration a separate registration, or do we register for the batch and then get assigned a stream?",Not covered,,,,,sourced,S-1268,NL-412
sourced,jamb_name_mismatch,Name order differs between matriculation list and certificate -- will it affect NYSC?,Covered,,,,,sourced,S-1324,NL-413
sourced,profile_data_error,Gender listed as Male on JAMB/school records despite being female -- will this affect registration?,Covered,,,,,sourced,S-1325,NL-414
sourced,ppa_change_request,Is it possible to change my PPA after I have already spent more than a month there?,Not covered,,,,,sourced,S-1421,NL-415
sourced,ppa_change_request,"I have been posted to a school in Lagos, but I want a more suitable PPA. Can I change it?",Not covered,,,,,sourced,S-0623,NL-416
sourced,relocation_general_process,"I started my PPA in Lagos and already completed LGA documentation, but I have another place in Ibadan. What can I do?",Not covered,,,,,sourced,S-1328,NL-417
sourced,ppa_rejection_reposting,"I was given a PPA, rejected it, submitted a request letter for another PPA, but haven't been reposted. Can I still do my monthly clearance?",Not covered,,,,,sourced,S-0133,NL-418
sourced,post_relocation_process,My PPA hasn't appeared after relocation and my clearance is already showing absent. What should I do?,Not covered,,,,,sourced,S-1252,NL-419
sourced,serve_at_current_workplace,My company wants me to serve there. What letter should I collect from them -- an acceptance letter or a request letter?,Not covered,,,,,sourced,S-1331,NL-420
sourced,posting_influence,"If my company gives me a request letter, is it guaranteed that NYSC will post me there?",Not covered,,,,,sourced,S-0176,NL-421
sourced,serve_at_current_workplace,"If my company is in Abuja but I am posted to another state's orientation camp, can I submit the company's request letter there?",Not covered,,,,,sourced,S-1333,NL-422
sourced,monthly_clearance,"What exactly is CDS, and do I have to attend it every Wednesday?",Not covered,,,,,sourced,S-1334,NL-438
sourced,monthly_clearance,I missed one month of clearance because I was sick. Can NYSC say I absconded?,Not covered,,,,,sourced,S-1335,NL-439
sourced,callup_letter_access,Do I have to receive an SMS from NYSC before I can access my call-up letter?,Partial,,,,,sourced,S-0414,NL-440
sourced,green_card_printing,What is the difference between the Green Card and the call-up letter?,Partial,,,,,sourced,S-0544,NL-441
sourced,stream_assignment,"My dashboard says ""Sorry, you're not in this stream. You'll be notified when your call-up letter is out."" Does that mean I'm in Stream 2?",Not covered,,,,,sourced,S-0193,NL-442
sourced,green_card_printing,"School hasn't sent the Senate List, but I've registered -- why no Green Card yet?",Partial,,,,,sourced,S-0319,NL-443
sourced,camp_items_allowed,Are headphones allowed in NYSC camp?,Not covered,,,,,sourced,S-1184,NL-444
sourced,camp_items_allowed,"Can I take beverages such as Milo, Milk and Flakes to camp?",Not covered,,,,,sourced,S-0760,NL-445
sourced,camp_kit,Can I wear a crested vest/polo such as Polo Ralph Lauren in camp?,Not covered,,,,,sourced,S-1342,NL-447
sourced,logistics_arrival_timing,"Can I report to camp one day early, and will doing so help me avoid the registration rush?",Not covered,,,,,sourced,S-0761,NL-448
sourced,docs_required_at_camp,"Only have B.Eng certificate, no Statement of Result -- is the original certificate enough for camp?",Covered,,,,,sourced,S-0066,NL-449
sourced,posting_influence,Does the class of my degree determine my PPA?,Not covered,,,,,sourced,S-0702,NL-450
sourced,ppa_accommodation,"If posted to a tertiary institution, will the university provide accommodation?",Not covered,,,,,sourced,S-1346,NL-451
sourced,ppa_rejection_reposting,Is it possible to reject my NYSC posting and take a better offer from a private firm instead?,Not covered,,,,,sourced,S-0274,NL-452
sourced,logistics_general_experience,"If I'm interested in theatre, would joining the drama troupe be useful during NYSC camp?",Not covered,,,,,sourced,S-1348,NL-453
sourced,camp_kit,How many pairs of white shoes should I take to NYSC camp?,Not covered,,,,,sourced,S-0001,NL-454
sourced,stream_assignment,Deployed to Stream 1 but didn't go -- can I join Stream 2 instead?,Not covered,,,,,sourced,S-0192,NL-455
sourced,callup_number_vs_letter,"If I have a call-up number, does that guarantee that I will be invited to serve?",Partial,,,,,sourced,S-1351,NL-456
sourced,callup_letter_access,"If my call-up letter isn't sent to me, where do I collect it?",Partial,,,,,sourced,S-0381,NL-457
sourced,portal_account_access,I forgot the email/password I used for NYSC registration. Is there another way to get my call-up letter?,Partial,,,,,sourced,S-1353,NL-458
sourced,portal_account_access,"Call-up letter released, but can't log into the portal -- cause?",Partial,,,,,sourced,S-1354,NL-459
sourced,callup_letter_access,"Name correction still under review, but I'm due in camp -- what should I do?",Partial,,,,,sourced,S-1355,NL-460
sourced,stream_assignment,"If not selected for Stream 1, automatically placed in Stream 2?",Not covered,,,,,sourced,S-0193,NL-461
sourced,stream_assignment,"If I was assigned Stream 1 but didn't register/attend, can I simply join Stream 2?",Not covered,,,,,sourced,S-0192,NL-462
sourced,camp_kit,Are small logos allowed on the white T-shirt for camp?,Not covered,,,,,sourced,S-1342,NL-463
sourced,camp_kit,Does the white T-shirt have to be completely plain?,Not covered,,,,,sourced,S-1342,NL-464
sourced,ppa_accommodation,"Is my PPA supposed to provide accommodation, or do I have to find my own?",Not covered,,,,,sourced,S-1360,NL-465
sourced,ppa_accommodation,Does NYSC provide accommodation for corps members after camp?,Not covered,,,,,sourced,S-1361,NL-467
sourced,revalidation,"I was mobilised, got a call-up letter but didn't attend camp. Do I need remobilization or revalidation to serve later?",Not covered,,,,,sourced,S-0212,NL-468
sourced,remobilization_after_abandon,What exactly is remobilization?,Not covered,,,,,sourced,S-0075,NL-469
sourced,revalidation,"Posted, never went to camp -- automatically reposted to same state?",Not covered,,,,,sourced,S-0056,NL-470
sourced,service_abscondment,"If I abscond during NYSC, do I have to repeat the entire service year or only the period I was absent?",,,,,,sourced,S-1365,NL-471
sourced,service_abscondment,Can someone reported for absconding be mobilised again?,,,,,,sourced,S-1366,NL-472
sourced,logistics_general_experience,Which CDS group can I join that would add useful experience or qualifications to my CV?,Not covered,,,,,sourced,S-1285,NL-473
sourced,allowance_amount,Does my PPA pay me in addition to the NYSC allowance?,Not covered,,,,,sourced,S-0464,NL-474
sourced,allowance_amount,"Which type of PPA is more likely to give additional allowance -- a ministry, school or local government?",Not covered,,,,,sourced,S-1369,NL-475
sourced,logistics_travel_to_camp,How do I get from orientation camp to my PPA after the three weeks?,Not covered,,,,,sourced,S-1370,NL-476
sourced,logistics_general_experience,camp fire is when? And what is it all about?,Not covered,,,,,sourced,S-0609,NL-477
sourced,camp_kit,"As a guy that loves football and would like to participate in the football games, is it right for me to take my football boots or are we going to use the provided orange camp boots?",Not covered,,,,,sourced,S-1372,NL-478
sourced,remobilization_after_abandon,"I am a corp member of 16A Stream 1. I went to camp and worked with my PPA for one month, then became sick and stopped going. My LI said I absconded and would be remobilised. Will I be remobilised for Batch B16 or Batch A17?",Not covered,,,,,sourced,S-1373,NL-479
sourced,remobilization_after_abandon,Prefer B16 for remobilization -- how?,Not covered,,,,,sourced,S-1374,NL-480
sourced,remobilization_after_abandon,Must I receive 3 months' allowance before being remobilised?,Not covered,,,,,sourced,S-1375,NL-481
sourced,service_extension,How many months extension for missing one clearance?,,,,,,sourced,S-1376,NL-482
sourced,revalidation,When is revalidation/remobilization done for those who didn't report?,Not covered,,,,,sourced,S-1377,NL-483
sourced,service_extension,Can I be paid outstanding allowance during an imposed extension?,,,,,,sourced,S-1378,NL-484
sourced,remobilization_after_abandon,"I would prefer B16, but how will I be able to do the remobilization?",Not covered,,,,,sourced,S-1374,NL-486
sourced,remobilization_after_abandon,Is it true that I have to receive three months' allowance before I can be remobilised?,Not covered,,,,,sourced,S-1375,NL-487
sourced,remobilization_after_abandon,"If I choose to be remobilised, will I have to refund the ₦19,800 given to me at camp and the June allowance?",Not covered,,,,,sourced,S-0278,NL-488
sourced,logistics_general_experience,What kind of activities are Available in camp that one can involve themselves in? Can I bring along my chess set?,Not covered,,,,,sourced,S-1382,NL-491
sourced,stream_assignment,How do you know if you have been posted for Batch A Stream 1 or Batch A Stream 2?,Not covered,,,,,sourced,S-0219,NL-493
sourced,stream_assignment,Please how does one know if one falls in Stream 1 or 2?,Not covered,,,,,sourced,S-0219,NL-494
sourced,batch_stream_timing,What's the difference between Stream 1 and 2?,Not covered,,,,,sourced,S-0505,NL-495
sourced,camp_kit,Is it compulsory to use a waist pouch in NYSC camp?,Not covered,,,,,sourced,S-1182,NL-498
sourced,camp_kit,Can I use a small backpack instead of a waist pouch in camp?,Not covered,,,,,sourced,S-0610,NL-499
sourced,camp_kit,What should I keep in my waist pouch while in camp?,Not covered,,,,,sourced,S-1388,NL-500
sourced,logistics_laundry,How can I wash my clothes in camp without them getting mixed up with someone else's?,Not covered,,,,,sourced,S-1389,NL-501
sourced,camp_kit,Should I bring cloth pegs if I plan to wash my clothes myself in camp?,Not covered,,,,,sourced,S-1390,NL-502
sourced,logistics_laundry,Can I pay someone in Mammy Market to wash my clothes?,Not covered,,,,,sourced,S-1391,NL-503
sourced,logistics_arrival_timing,Can I arrive at the NYSC orientation camp a day before camp officially opens?,Not covered,,,,,sourced,S-0165,NL-507
sourced,logistics_arrival_timing,Is there any advantage to getting to NYSC camp early?,Not covered,,,,,sourced,S-0761,NL-508
sourced,logistics_belongings_mixed_up,How do I identify my belongings if everyone has similar white shirts and shorts in camp?,Not covered,,,,,sourced,S-1394,NL-509
sourced,logistics_belongings_mixed_up,Should I label my shoes and cap as well as my clothes in camp?,Not covered,,,,,sourced,S-1395,NL-510
sourced,camp_visitors,"Are male corps members allowed into the female hostel in NYSC camp, and vice versa?",,,,,,sourced,S-1396,NL-511
sourced,camp_items_allowed,Can I take other electronic devices such as an iPad or camera to camp?,Not covered,,,,,sourced,S-1397,NL-512
sourced,green_card_printing,"I have my Green Card, but it printed in black and white instead of green. Will that be accepted?",Not covered,,,,,sourced,S-0545,NL-513
sourced,camp_visitors,Can I visit someone in NYSC camp to give them money?,,,,,,sourced,S-1399,NL-514
sourced,camp_visitors,Can visitors come into NYSC orientation camp on weekdays?,,,,,,sourced,S-1400,NL-515
sourced,camp_visitors,Can a visitor bring money or personal items to a corps member in camp?,,,,,,sourced,S-1401,NL-516
sourced,posting_influence,Can I get posted to my state of origin for NYSC?,Not covered,,,,,sourced,S-0282,NL-517
sourced,relocation_general_process,Can I redeploy back to my state of origin after camp?,Not covered,,,,,sourced,S-1403,NL-518
sourced,professional_study_during_service,Can I do NIM during my NYSC service year?,,,,,,sourced,S-1404,NL-519
sourced,discharge_certificate,Please can anyone guide me on how I can get a replacement for my lost NYSC certificate?,Not covered,,,,,sourced,S-1405,NL-520
sourced,decampment,I'm a mother of two; will I be allowed to leave camp after registration because I cannot stay for three weeks?,,,,,,sourced,S-1406,NL-521
sourced,postgraduate_study_during_service,Can someone currently serving in NYSC apply for postgraduate admission?,,,,,,sourced,S-1407,NL-522
sourced,postgraduate_study_during_service,Do I need to finish NYSC before applying for a master's scholarship?,,,,,,sourced,S-1408,NL-523
sourced,professional_study_during_service,Is NIM available to corps members in every state?,,,,,,sourced,S-1409,NL-524
sourced,registration_slip_printing,"During my NYSC online registration, I completed the third step but didn't choose a state to serve before clicking submit. It said I'm successfully registered -- will this be a problem?",Not covered,,,,,sourced,S-1410,
sourced,green_card_printing,I didn't include the date I started my university education in the online registration and I've already printed my Green Card. Is this a problem?,Not covered,,,,,sourced,S-0401,
sourced,docs_required_at_camp,"I lost my school ID card but was given a letter of identification (with my passport photo and school stamp) that I used to clear in school and get my statement of result. Can I use that letter in camp instead, or will there be issues? I still have my department ID card too.",Not covered,,,,,sourced,S-1211,
sourced,docs_required_at_camp,"My graduation was delayed from 2014 to 2015 because of a strike, so my school ID card shows an expiry date of 2014. Can I still use it in camp, or do I need a new one?",Not covered,,,,,sourced,S-0766,
sourced,ppa_documentation,"I was posted to an office originally but never actually reported there -- I've been reporting to a different office instead (without NYSC knowing) and generating my clearance from there. Now during final clearance I submitted the PPA documents from the office I actually attended. Will my documents be verified online, or will they cross-check against what was originally provided?",Partial,,,,,sourced,S-1414,
sourced,age_eligibility,"It remained just 2 months until I turned 30 when my Statement of Result was approved by the Senate. My result was approved in January; I turned 30 two months later, in March. Is age in my favor?",Not covered,,,,,sourced,S-0873,
Phase 3 gap fix,relocation_general_process,What are the grounds for relocation?,Not covered,-,,,,sourced,S-1423,GAP-ENUM-REL
Phase 3 gap fix,relocation_general_process,What are the accepted grounds for redeployment?,Not covered,-,,,,sourced,S-1423,GAP-ENUM-REL
Phase 3 gap fix,relocation_general_process,On what grounds can I be redeployed?,Not covered,-,,,,sourced,S-1423,GAP-ENUM-REL
Phase 3 gap fix,relocation_general_process,How many grounds are there for relocation?,Not covered,-,,,,sourced,S-1423,GAP-ENUM-REL
Phase 3 gap fix,relocation_general_process,What reasons does NYSC accept for a relocation application?,Not covered,-,,,,sourced,S-1423,GAP-ENUM-REL
Phase 3 gap fix,ppa_change_request,What reasons can I give for wanting to change my PPA?,Not covered,-,,,,sourced,S-1424,GAP-ENUM-PC
Phase 3 gap fix,ppa_change_request,What are the accepted reasons for a PPA change?,Not covered,-,,,,sourced,S-1424,GAP-ENUM-PC
Phase 3 gap fix,ppa_change_request,On what grounds can I request a PPA change?,Not covered,-,,,,sourced,S-1424,GAP-ENUM-PC
Phase 3 gap fix,ppa_change_request,What counts as a valid reason to change PPA?,Not covered,-,,,,sourced,S-1424,GAP-ENUM-PC
Phase 3 gap fix,name_correction,What kinds of name correction can I do?,Not covered,-,,,,sourced,S-1425,GAP-ENUM-NC
Phase 3 gap fix,name_correction,What types of name errors can NYSC fix?,Not covered,-,,,,sourced,S-1425,GAP-ENUM-NC
Phase 3 gap fix,name_correction,What are the different name correction options?,Not covered,-,,,,sourced,S-1425,GAP-ENUM-NC
Phase 3 gap fix,name_correction,How many kinds of name correction are there?,Not covered,-,,,,sourced,S-1425,GAP-ENUM-NC
Phase 3 gap fix,dob_discrepancy_correction,My date of birth does not match across my records. Which one does NYSC actually use?,Not covered,-,,,,sourced,S-0571,GAP-ENUM-DOB
Phase 3 gap fix,dob_discrepancy_correction,"What kinds of date of birth mismatch are there, and where is each one fixed?",Not covered,-,,,,sourced,S-0571,GAP-ENUM-DOB
Phase 3 gap fix,dob_discrepancy_correction,"Where do I correct my date of birth, at JAMB or on the NYSC portal?",Not covered,-,,,,sourced,S-0571,GAP-ENUM-DOB
Phase 3 gap fix,dob_discrepancy_correction,How many different date of birth problems are there for NYSC registration?,Not covered,-,,,,sourced,S-0571,GAP-ENUM-DOB
