seed_id,intent,question,answer,terminal,kind
S-0036,relocation_general_process,Can I change my state of deployment after being posted,"Yes. Relocation and redeployment are the same process under two names. There are two windows for it. In camp you apply during week 2 and results come by the end of camp. After camp the window opens once you are three months into your service year, through the Relocation tab on your dashboard. You have to be physically registered in your original state of deployment first, so you cannot relocate without ever reporting there.",,answer
S-0449,relocation_general_process,Is there a way to change my state without applying for redeployment,"No. Relocation is the only route, and it runs through the portal and the secretariats. Your LGI administers clearance and can mediate problems, but nobody approves a state change outside the relocation process.",,answer
S-0362,relocation_general_process,"When can I apply, and is there a window before camp","Not before camp. There are two windows and the earliest is week 2 of camp, using the form handed out at the Relocation Desk, with results released on the last day of camp and sometimes showing on your dashboard before then. The second opens at the three month mark, through the Relocation tab on your dashboard, where you fill in your details and upload your supporting documents at up to 200kb each.",,answer
S-0257,relocation_general_process,Can I still relocate now that I am already at my PPA or months into service,"Yes. The after camp window opens once you are three months into your service year, so already being at your PPA does not rule it out. Apply through the Relocation tab on your dashboard and upload your supporting documents at up to 200kb each. Once it is approved and you have been cleared, print your letter in colour and report to your new state's secretariat within 21 days of approval. Miss that 21 day window and the relocation can be reversed automatically.",,answer
S-0918,relocation_general_process,"I am married and posted away from my family, can I apply immediately after camp","Not immediately. The after camp window opens at the three month mark, so that is the earliest. Marital relocation is for married female corps members, and you need a registry marriage certificate, your husband's ID, proof of his residence such as a domicile letter or utility bill, and change of name evidence if it applies. Approval commonly runs 14 to 21 days.",,answer
S-0597,relocation_general_process,Can I apply for relocation because of a medical condition,"Yes. Health is one of the three accepted grounds. You need a medical report from a government hospital carrying the doctor's details and stating your specific condition. Approval commonly runs about 14 days once the after camp window is open, and urgent documented cases have gone through in about 2 days.",,answer
S-0007,relocation_general_process,Is ulcer one of the health issues that warrants redeployment,"It can be, but not because of the name. There is no fixed list of conditions that qualify. What decides a health ground is a medical report from a government hospital carrying the doctor's details and stating your specific condition, so ulcer counts if a government hospital documents it, and it does not count if you have nothing documented. The same is true of any other condition, so the question to answer is whether a doctor will put it in writing, not whether it appears on a list.",,answer
S-0972,relocation_general_process,Can NYSC reject a relocation on health grounds,"Yes, it can. The ground being accepted in principle does not make an application succeed. What carries it is the medical report from a government hospital, with the doctor's details and your specific condition on it, so a request with nothing documented behind it is the one that gets refused. You can apply again after a rejection, and each new attempt starts the clearance and printing steps over.",,answer
S-0596,relocation_general_process,Can I relocate because of insecurity where I was posted,"Yes. Security is one of the three accepted grounds. Submit a written statement of the specific threat, with supporting evidence where you have it. These are often prioritised. From Borno, Yobe or Adamawa it is fast tracked and often approved before camp ends. From any other state the bar is much higher and it needs strong documentation.",,answer
S-0022,relocation_general_process,"Is Yobe, Adamawa or Borno an automatic redeployment state","No state gives automatic redeployment. What those three give you is a fast tracked security application, often approved before camp ends, but you still apply on security grounds with a written statement of the specific threat and evidence where you have it. On cost, this is not something you pay a person to arrange. The only payment in the process is the fee on the portal when you print your letter.",,answer
S-0598,relocation_general_process,Can pregnancy or nursing a baby be a ground,"No, neither is a relocation ground. Pregnant and nursing corps members go through the separate camp exemption track, where they complete camp registration and kit collection then leave, and they are still posted to a PPA like everyone else. Only a genuine additional medical complication becomes a health ground case.",yes,answer
S-0730,relocation_general_process,Which documents does each ground require,"Three grounds, three document sets. Health needs a medical report from a government hospital with the doctor's details and your specific condition. Marital needs a registry marriage certificate, your husband's ID, proof of his residence such as a domicile letter or utility bill, and change of name evidence if it applies. Security needs a written statement of the specific threat with supporting evidence. Upload them through the Relocation tab at up to 200kb each.",,answer
S-1222,relocation_general_process,"My dashboard does not list health as a ground, can I still apply on it","Yes. Health is an accepted ground whatever the dashboard is showing you, so take it to your state secretariat rather than filing under a ground that does not apply to you. Bring the medical report from a government hospital, with the doctor's details and your specific condition on it.",,answer
S-1240,relocation_general_process,"The portal only offers marital and security and I have neither, can I still be redeployed","No. Health, marital and security are the grounds, and without one of them there is no application to make. If you do have a health case, that counts even when the dashboard does not list it, and your state secretariat is where to take it.",yes,answer
S-0919,relocation_general_process,"Does a church or traditional marriage certificate count, and what if mine is still processing","No, only a registry marriage certificate counts, and nothing substitutes for it while it is being processed. Alongside it you need your husband's ID, proof of his residence such as a domicile letter or utility bill, and change of name evidence if it applies.",,answer
S-0968,relocation_general_process,Is an introduction letter from my husband's workplace required,"No, it is not a standard requirement. The consistently required set is a registry marriage certificate, your husband's ID, proof of his residence such as a domicile letter or utility bill, and change of name evidence if it applies. Provide an introduction letter only if your own state office asks for it.",,answer
S-0921,relocation_general_process,Can I relocate because I am married,"Yes. Marriage is one of the three accepted grounds, and your husband's job makes no difference to it, soldier or otherwise. You need a registry marriage certificate, his ID, proof of his residence such as a domicile letter or utility bill, and change of name evidence if it applies. It is for married female corps members.",,answer
S-0732,relocation_general_process,Can I choose any state I want,"No. You cannot be relocated to Lagos, Abuja, your state of origin or your state of study. Among the states that are left, what you get is not guaranteed to be your first choice, and an in camp relocation can send you somewhere else nearby if your preferred state has no space.",,answer
S-0026,relocation_general_process,Can I be redeployed to my state of origin,"No. Your state of origin is excluded, in camp and after camp alike. Lagos, Abuja and your state of study are excluded on the same footing.",,answer
S-0594,relocation_general_process,Can I relocate to Lagos or Abuja,"Neither is available. Both are excluded outright rather than merely hard to get, so there is no success rate to weigh against direct posting. Your state of origin and your state of study are excluded the same way.",,answer
S-0731,relocation_general_process,Can I apply again after my relocation was rejected,"Yes. There is no one shot rule, so a rejection does not close it, and each new attempt starts the clearance and printing steps over from scratch.",,answer
S-0733,relocation_general_process,What happens if my relocation is not approved,"You stay in the state you are in, and nothing else follows from it. You can apply again afterwards, since there is no one shot rule, and each new attempt starts the clearance and printing steps over.",,answer
S-0299,relocation_general_process,How do I cancel a relocation request,"You can. If you are still in camp, ask your platoon officer or the camp commandant to cancel it. After camp, write a formal cancellation letter to your state coordinator. Check that the cancellation actually shows on your dashboard rather than assuming it went through, and you can apply again afterwards.",,answer
S-0142,relocation_general_process,Can the state I was relocated to be changed,"Not directly. There is no edit for the state once it has been approved, so the route is to cancel and apply again, which starts the clearance and printing steps over. Cancel through your platoon officer or the camp commandant while you are in camp, or by a formal letter to your state coordinator after camp. Paying somebody to change it is not part of the process. The only payment is the fee on the portal when you print your letter.",,answer
S-0049,relocation_general_process,"How long does approval take, and is two weeks of pending normal","It depends on the ground, and two weeks is inside the normal range. Health commonly runs about 14 days once the after camp window is open, and urgent documented cases have gone through in about 2 days. Marital commonly runs 14 to 21 days. Security is often prioritised, and from Borno, Yobe or Adamawa it is fast tracked and often approved before camp ends.",,answer
S-0653,relocation_general_process,Why is mine still processing when other people have been approved,"Because the timing follows the ground rather than the order people applied in. Security is often prioritised, and fast tracked from Borno, Yobe and Adamawa. Health commonly runs about 14 days and marital 14 to 21 days. An in camp application works differently again, its result comes on the last day of camp.",,answer
S-0652,relocation_general_process,My relocation is still processing and camp is closing,"Camp closing is when you find out, not a sign it failed. An in camp result is released on the last day of camp, and it sometimes shows on your dashboard before then. If nothing comes through, the after camp route opens at the three month mark through the Relocation tab on your dashboard.",,answer
S-0249,relocation_general_process,How do I know whether my in camp application worked,"Results are released on the last day of camp, and they sometimes show on your dashboard before then. That is where you check, on the dashboard, rather than waiting on a message.",,answer
S-0843,relocation_general_process,What are the odds of an in camp application working,"There is no published success rate, so nobody can give you a number. What decides it is the ground you applied on and how well documented it is, and for a security case from Borno, Yobe or Adamawa the odds are better because those are fast tracked.",,answer
S-0420,relocation_general_process,I cannot print my letter because the State Coordinator has not cleared me,"You will not be able to until that clearance comes through, because it is what unlocks the print option. Chase the coordinator of the state you are leaving. It can take a few days to a few weeks, and going to the secretariat in person is usually faster than waiting on the portal. Print the letter in colour once it is through.",,answer
S-0591,relocation_general_process,Which State Coordinator has to clear me,"The coordinator of the state you are leaving, not the one you are moving to. Going in person is usually faster than waiting on the portal.",,answer
S-0593,relocation_general_process,Can my LGI do the relocation clearance for me,"No. Your LGI administers clearance and can mediate problems, but the clearance that unlocks printing comes from your previous state's coordinator, and relocation itself is processed centrally through the portal and the secretariats.",,answer
S-0590,relocation_general_process,The print option for my relocation letter has disappeared or never showed,"Not until your previous state's coordinator clears you, which is what makes the option appear. A payment going through does not change that. The clearance can take a few days to a few weeks, and the secretariat in person is usually faster than waiting on the portal. Print in colour once it appears.",,answer
S-1257,relocation_general_process,Where do I report once the relocation is successful,"Your new state's secretariat, not your old one, within 21 days of the approval. Missing that window can reverse the relocation automatically.",,answer
S-0651,relocation_general_process,Can I relocate without going back to my original state,"No. You have to be physically registered in your original state of deployment before a relocation can happen, so reporting there first is part of it.",,answer
S-0600,relocation_general_process,"Can somebody arrange the relocation for me, or do I need an agent","No, and you do not need one. You apply for it yourself through the portal, and the secretariats process it. The only payment in the process is the fee on the portal when you print your letter, so an offer to work it through for a fee is not part of how it runs.",,answer
S-0144,relocation_general_process,Can I do the clearance with my LGI without first printing my relocation letter,"No, the letter comes first. The clearance that unlocks printing comes from the coordinator of the state you are leaving, and your LGI cannot stand in for it. Once the letter is printed in colour you take it to your new state's secretariat within 21 days of approval, and clearance in the new state follows from there.",,answer
S-0251,relocation_general_process,Can I relocate back to the state I was originally deployed to,"Yes, provided that state is not Lagos, Abuja, your state of origin or your state of study, since those stay excluded on a second application as much as a first. There is no one shot rule, and each new attempt starts the clearance and printing steps over from scratch.",,answer
S-0252,relocation_general_process,Can I return to my previous PPA after relocating back,"Not automatically. Relocation moves your state, and your PPA is assigned again in the state you arrive in, so a previous PPA is not something a relocation carries back for you. The one lever is a PPA request letter, written by the organisation on its own letterhead to your State Coordinator and submitted through your LGI. That is a request rather than a guarantee.",,answer
S-0560,relocation_general_process,I left camp without documentation expecting my relocation to work and have now missed a clearance,"Two things to fix, and the reporting one is more urgent. A relocation cannot happen for somebody who never reported to their original state of deployment, so being physically registered there comes first, whatever the relocation was expected to do. On the missed month, take it to your LGI in writing as soon as you can and explain what happened, because a missed clearance handled early is commonly resolved while one left unexplained is what hardens into a query or an extension.",,answer
S-0805,relocation_general_process,"I am ill and I also want to be near my spouse, which ground do I use","Apply on the ground you can document, and put the full picture in the application. No rule states how two grounds combine in one request, so what carries it is the evidence: a medical report from a government hospital with the doctor's details and your specific condition for health, or a registry marriage certificate with your husband's ID and proof of his residence for marital. Where both are true, file under the one you can document better.",,answer
S-0737,relocation_general_process,"My relocation has not worked through, will I still be paid","Yes. A pending application does not change where you are serving, so your clearance and your allowance carry on in your current state on the normal cycle. The payment interruption people describe belongs to the switch itself, once you have actually moved and opened an account in the new state, not to waiting on a decision.",,answer
S-0282,posting_influence,Can I be posted to my state of origin or my state of study?,"No, neither one. Your state of origin and your state of study are both excluded from where you can be posted, and posting you away from home is the deliberate norm rather than an oversight. Growing up somewhere else or schooling somewhere else does not change which state counts as your origin. There is no unofficial route around it either, and paying anyone to arrange one is a scam.",,answer
S-0444,posting_influence,"Can I get a state I did not choose during registration, or work for a state afterwards?","No. There is no channel for requesting a state outside the ones you selected. The moment that decides this is registration itself, when you pick your preferred states, and nothing after that reopens the choice.",,answer
S-0238,posting_influence,What determines where I will be posted?,"Three things decide it: your course of study, the receiving state's needs, and quota. Your preferred state list feeds into the state side of it, and nothing else you do changes the outcome.

Worth knowing how that list is constrained, because it catches people out. Your whole geopolitical zone is off it, not just your state of origin and your state of study, and the four picks are meant to be spread across the other zones. And any state you mark as one you have visited is removed from the list you then choose from, so do not mark a state you actually want.",,answer
S-0044,posting_influence,Can I get a PPA at a particular organisation or in a particular city?,"Nobody can tell you in advance which organisation you will be posted to, and no one can promise you a particular company or city. There is no public list of registered PPAs to check either, so for a specific organisation you have to ask your LGI or State Coordinator. What decides it is your course of study and the receiving state's needs. 

The one real lever is a request letter: get the organisation to write to your NYSC State Coordinator on their letterhead, signed and stamped, and submit it at camp registration or to your LGI afterwards.",yes,answer
S-0176,posting_influence,Does a request letter guarantee that NYSC will post me there?,"No, it does not guarantee it. A genuine request letter is free to submit and it is the one lever that genuinely helps, but the decision stays with NYSC. Anyone who offers you a guaranteed outcome for a fee is a scammer.",,answer
S-0065,posting_influence,Can I choose my PPA myself?,"Not directly. Your PPA is assigned to you, and there is no option anywhere that lets you name it yourself the way you name your preferred states.",,answer
S-0702,posting_influence,Does my class of degree determine my PPA?,"At the top end it does. NYSC posts first class and distinction graduates to tertiary institutions to serve as lecturers, and first class and second class upper graduates get priority for federal parastatals.

Below that it makes no difference. On a second class lower, third class or a pass, nothing indicates your class of degree changes where you go, and what decides it is your course of study, the receiving state's needs and quota.",,answer
S-0309,posting_influence,My home address changed. Will that affect my posting?,"Not which state you get. That runs on the preferred states you picked at registration, your state of origin and state of study being excluded, each state's capacity, your course of study and quota, and your address is not in that list.

Where it can matter is smaller and later. Once you already know your state, telling NYSC where in that state you are living can influence which local government area or PPA you land in. That is a within state detail rather than something that changes the state itself.",yes,answer
S-1226,posting_influence,Is it only Lagos camp that accepts PPA request letters?,"No, it is not only Lagos. A request letter is submitted at camp registration wherever your camp is, or to your LGI after camp. The letter itself has to come from the organisation, addressed to your NYSC State Coordinator, on their letterhead, signed and stamped.",yes,answer
S-0209,posting_influence,Can anyone influence or manipulate my posting?,"No, and there is no channel for it. NYSC does not sell state postings, PPA placements or redeployments, and anyone offering to guarantee one for a fee, including someone claiming to be NYSC staff, is a scammer. Corps members caught trying to pay for a posting can face disciplinary consequences on top of losing the money.",,answer
S-1221,posting_influence,I relocated to another state. Do I need a request letter for the organisation I want to work with?,"You do not need one. After your relocation is approved, your new PPA is assigned and appears on your dashboard. A request letter is only how you ask for a particular organisation, so if you have one in mind, get them to write to your NYSC State Coordinator on their letterhead, signed and stamped, and submit it to your LGI in your new state.",yes,answer
S-1416,posting_influence,Can I choose the state I get posted to?,"Not exactly. What you get is a list of preferences rather than a choice, and the final call is NYSC's.",,answer
S-1419,posting_influence,Can I take a request letter to camp?,"Yes, camp registration is exactly when to hand it in.",,answer
S-1421,ppa_change_request,"Can I still change my PPA after documentation, or after months there, or after changing once already?","Yes, you can still ask for a change. Finishing your documentation at the secretariat or at your former PPA's LGA does not stop you, having already changed once does not either, and there is no fixed time window for asking. Start with a rejection letter from your current PPA's head stating they cannot keep you, then take that with a written request explaining your reason to your LGI or your State Coordinator's office. A long delay makes your case harder to argue, but it does not rule it out.",,answer
S-0296,ppa_change_request,Will changing my PPA cause problems later?,"An official change causes no problems. Your allowance is not affected by it, and once your new posting letter comes you report to the new PPA, collect their acceptance letter and do fresh documentation with the new LGI. What does cause problems is leaving your current PPA before the approval arrives, because that counts as absconding.",,answer
S-0107,ppa_change_request,Can I stay at my old PPA after the change has already gone through?,"No. Once the change shows on your dashboard the new PPA is the one that signs your monthly clearance, so staying at the old one leaves nobody able to clear you and reads as not reporting at all. Report to the new PPA, collect their acceptance letter and do your documentation with the new LGI.",yes,answer
S-0583,ppa_change_request,Is a rejection letter compulsory before reposting?,"Treat it as required. Some corps members say an acceptance letter from the new organisation is enough on its own, but that route is not reliable, so the rejection letter from your current PPA's head is the safe default.",,answer
S-0567,ppa_change_request,Can I change my PPA without the LGI or my PPA approving it?,"No. Your LGI is who processes the change and your current PPA has to release you, so there is no route that skips either of them. Simply leaving instead counts as absconding, which is a disciplinary matter rather than a shortcut.",,answer
S-0247,ppa_change_request,Can I change my PPA to another place inside the same local government?,"Yes, and inside the same LGA there is nothing extra beyond the normal change. Get a rejection letter from your current PPA's head stating they cannot keep you, take it with a written request to your LGI or your State Coordinator's office, and they repost you within the same area. Moving to a different LGA is a separate transfer process, and for that one your current PPA has to formally release you before it goes anywhere.",,answer
S-0623,ppa_change_request,I found a PPA myself. Can I be reposted to the one I want?,"You can, and the lever is an acceptance letter from the place you want. Wanting something more suitable is not accepted as a reason by itself, so get the new organisation to write that they will take you, put it together with the rejection letter from your current PPA's head, and take both to your LGI or your State Coordinator's office.",,answer
S-1420,ppa_change_request,"Can I change my PPA because the pay is too low, there is no accommodation, or the environment is bad?","No PPA is obliged to pay you anything on top of your NYSC allowance, and none is obliged to house you either, so low pay or missing accommodation is not misconduct on its own. It can still be the reason you give. Put it in writing to your LGI with the rejection letter from your current PPA's head and any evidence you have, and say plainly that you cannot sustain the posting.",yes,answer
S-0861,ppa_change_request,How long does a PPA reposting take?,"Usually about two weeks, and it can stretch to a month depending on your state. Once it is approved you get a new posting letter, then you report to the new PPA, collect their acceptance letter and complete fresh documentation with the new LGI.",,answer
S-1013,ppa_change_request,Will NYSC repost me to another PPA automatically?,"No, nothing moves on its own. A reposting only happens once you ask for it, with a rejection letter from your current PPA's head stating they cannot keep you, taken with a written request explaining your reason to your LGI or your State Coordinator's office.",,answer
S-0983,ppa_change_request,Can I swap PPAs with another corps member?,"There is no set process for swapping with another corps member, so it comes down to what your LGI will accept and practice varies by state. Ask your LGI directly rather than arranging it between yourselves, because on paper you would each still belong to your original PPA, and that is the one that signs your monthly clearance.",yes,answer
S-0146,ppa_change_request,Can I change my PPA in my state?,"Yes, the process is the same in every state. What changes is the timing, usually about two weeks and sometimes up to a month, so ask your LGI what to expect where you are.",,answer
S-1005,ppa_change_request,I already relocated. Can I still change my PPA?,"Yes. Having relocated does not use anything up. Once your new PPA shows on your dashboard in the new state, changing it follows the normal route there: a rejection letter from that PPA's head stating they cannot keep you, taken with a written request to your LGI in the new state.",yes,answer
S-0793,ppa_change_request,How do I request a PPA change?,"Start with a rejection letter from your current PPA's head stating they cannot keep you. Take that, plus a written request explaining your reason, to your LGI or your State Coordinator's office. Approval usually takes about two weeks and can stretch to a month depending on your state. Do not leave your current PPA before the approval arrives, because that counts as absconding.",,answer
S-0070,batch_stream_timing,What decides which batch I am put in?,"You do not choose it, and registering later does not move you into a later batch. Two things decide it automatically. The first is when your institution uploads your Senate List, so a late upload pushes you back no matter when you graduated. The second is your age on your graduation date, which has to be 30 or under, worked out from the date of birth on your JAMB record. Over 30 at graduation means an Exemption Certificate instead of a batch.",yes,answer
S-0564,batch_stream_timing,"I graduated years ago and never registered. Am I still eligible, and when can I register?","The gap does not disqualify you. Eligibility goes by your age on your graduation date rather than your age now, so if you were 30 or under when you graduated you are still eligible today. What you are waiting for is the next registration window.",,answer
S-0211,batch_stream_timing,Does every batch have a Stream 2?,Usually yes. Each batch normally splits into Stream 1 and Stream 2.,,answer
S-0505,batch_stream_timing,"Do Stream 1 and Stream 2 pass out together, and does Stream 2 serve less?","No, the two streams do not pass out together, and no, Stream 2 does not serve less. Stream 2 trails Stream 1 rather than finishing before it, so it is the same one year of service starting and ending later. The size of the gap changes by batch and by year, so there is no fixed number of weeks to plan around.",yes,answer
S-0685,batch_stream_timing,When is the projected POP date for my batch and stream?,"No projected date is published ahead of time. POP comes about a year after your own batch and stream started service, and the two streams do not pass out together, so Stream 2's ceremony trails Stream 1's by a gap that changes each year.",,answer
S-0342,batch_stream_timing,What do NUA and ABU mean on my call-up letter?,"Those are institution codes rather than states. A call-up number runs NYSC, then the institution code, then the year, then a serial number, so NYSC/LAG/2026/008343 is University of Lagos in 2026. NUA is Nnamdi Azikiwe University Awka and ABU is Ahmadu Bello University Zaria.",yes,answer
S-0717,batch_stream_timing,The window closed. Can I still register for this batch or do I prepare for the next one?,If the window has closed you prepare for the next batch rather than the current one. Registration for a batch runs in a single window and you cannot join one whose window has already passed. Which batch you land in then still turns on your institution's Senate List upload rather than on how quickly you register.,,answer
S-0072,batch_stream_timing,"When is the next batch, and will Batch C still go to camp this year?",There is no date to give you until NYSC publishes it.,,answer
S-1422,ppa_change_request,Can I change my PPA after documentation when the school cannot pay and there is no accommodation?,"Yes, you can still ask for a change, but the reason will not carry it on its own. Finishing your documentation at the secretariat does not stop you, and there is no fixed time window for asking. 

On the reason though, no PPA is obliged to pay you anything on top of your NYSC allowance and none is obliged to house you, so a school that cannot pay and has no accommodation is not misconduct. Put it in writing anyway, with a rejection letter from your current PPA's head stating they cannot keep you and any evidence you have, and say plainly that you cannot sustain the posting.",yes,answer
S-0870,direct_posting,"Should I use a plug to speed things up, or just go back to my initial state of deployment?","Go back to your initial state of deployment. A plug cannot speed anything up because there is no official channel for it to work through, NYSC has never sanctioned it, and paying puts both your money and your posting at risk with no refund if it fails. The only real route is concessional posting or relocation on health, marital or security grounds, applied for through NYSC itself, so if none of those applies to you there is nothing to fasten and accepting the posting is the quicker path.",,answer
S-0001,camp_kit,Do I need a second pair of white shoes for camp?,"No rule requires a second pair, and camp officials do not check how many you own. It is still worth having one. The canvas NYSC issues is poor and flimsy, wash your only pair and it may not dry before the next parade, rain makes that worse on a muddy posting, and emergency footwear inside Mammy Market is priced up. If you are only bringing one extra, pick a synthetic or rubber pair, because it does not absorb water and dries fast where canvas does not.",,answer
S-0604,camp_kit,"Must camp shoes be tennis shoes, and must they be pure white with no logo?","Any plain white sneaker works, tennis shoes are not the only option. What matters is that it is genuinely all white, with no large contrasting logo or colour panel, because camp dress code is white on white and anything that visibly breaks it stands out at inspection. There is no published spec on how big a logo can be, so the safe choice is none.",,answer
S-0002,camp_kit,"Is a V-neck white T-shirt allowed, or does the neck shape matter?","Neck shape does not matter, V-neck and round-neck are both fine. The requirement is plain white with no prints or logos. Round-neck is the more common default if you would rather not stand out.",,answer
S-1342,camp_kit,"Does the white T-shirt have to be completely plain, and are small logos or a crested polo allowed?","It has to be plain white. Small logos work against that, and so does a crested vest or polo like a Polo Ralph Lauren, so keep those for mufti rather than parade.",,answer
S-0003,camp_kit,Is three white T-shirts enough for camp?,"Three of your own is the common baseline for the three weeks, on top of the two NYSC issues. That is a comfort and laundry choice rather than a camp requirement, so nobody counts them.",,answer
S-1182,camp_kit,Is a waist pouch compulsory in camp?,"Not formally compulsory, but it is the standard carry item and you will want one. Parade and outdoor activities need your hands free and your valuables on you rather than left in the hostel.",,answer
S-0610,camp_kit,"Can my waist pouch be multicolour, or can I use a small backpack instead?","Multicolour is very likely fine. The white requirement covers your T-shirt, shorts and socks, and nothing puts a colour rule on the pouch, though something plain is a reasonable default if you would rather not stand out. A small backpack is the common alternative if you are carrying more, just bulkier during drills, and avoid a camouflage print given the uniform context.",,answer
S-1388,camp_kit,What should I keep in my waist pouch at camp?,"Your phone, cash, ID and small valuables. The point is keeping them on you during parade and outdoor activities rather than in the hostel.",,answer
S-0615,camp_kit,Am I allowed to customize my khaki?,"No. NYSC management has publicly called reshaping or slim-fitting khaki trousers defacing the uniform, and camp guides consistently describe altered khaki as something that can get you punished. Wearing a custom-made set instead of what you are issued is not allowed either. The one thing you can do is buy a replacement or spare set from approved camp vendors if your issued size does not fit or wears out.",,answer
S-1204,camp_kit,"How many mufti outfits do I need, and when can I wear them?","Three to five outfits is the common baseline. You can wear mufti in the evenings, at weekends and during off-parade hours, but not during drills, parade or official activities, where the white or khaki dress code applies.",,answer
S-1208,camp_kit,Is it compulsory to bring a bucket to camp?,"Not formally compulsory, but treat it as essential. Bathrooms and laundry are shared and water is often stored rather than running, which is why nearly every packing list includes one.",,answer
S-0216,camp_kit,How do I get my NYSC uniform if mine got lost in transit?,"Your NYSC kit is not something you would have been carrying. The khaki, vest, T-shirt and boots are issued to you at camp after you register and collect your state code, so they reach you regardless of what happened on the way. For your own things, the extra whites and the pouch, there is no NYSC replacement process, and the usual fix is buying replacements from vendors in Mammy Market once you arrive, normally at a markup.",,answer
S-1209,camp_kit,What challenges should I expect during registration and camp?,"The ones people report most are documentation gaps at the gate, long queues, issued kit that fits badly, unreliable power, and shared bathrooms and laundry. Most of the packing advice exists to absorb exactly those.",,answer
S-0292,name_correction,Can I correct my name on the portal after I have already registered?,"Yes, you can. A spelling or word-order fix is still done on your dashboard after registration. Do it promptly though, because NYSC's own FAQ says corrections are only entertained within three months of your online registration date.",,answer
S-1280,name_correction,Can a name discrepancy actually stop me getting into camp?,"Yes, and which records disagree is what decides it. A mismatch between your school's Senate List submission and your JAMB Matriculation List blocks registration outright. A JAMB against statement-of-result difference has to be fixed before you can be reliably cleared. A NIN or BVN difference on its own generally does not stop you.",,answer
S-0035,name_correction,Can I use my school records to correct a name difference on the NYSC portal?,"Only for one kind of change. If a whole name has to be added or removed, your institution's Student Affairs Officer has to write to NYSC for you, and your school records are what they act on. A spelling or word-order fix does not involve your school at all, you do that yourself on your dashboard.",,answer
S-0055,name_correction,I have two conflicting middle names in my records. How do I resolve it?,"Fix it at JAMB, because that is the record NYSC checks against. JAMB's Correction of Data runs on the eFacility portal and costs 2,500 naira for a date of birth, plus the CBT centre's service charge, and it needs your supporting documents and your institution's approval. Do not count on Regularization as the fallback if you miss it: that is a separate JAMB service for admission cases rather than a general second chance at a personal-data correction. Start it as soon as you know something is wrong.",,answer
S-0104,name_correction,My NIN and my statement of result do not match my JAMB name. What should I do?,"Go by JAMB, because that is the reference NYSC's checks use. A NIN difference on its own generally does not block registration, but a JAMB against statement-of-result difference does need fixing first.",,answer
S-0477,name_correction,My middle name is missing from or extra on one record. Will that stop me being mobilised?,"A missing or extra middle name between JAMB and your statement of result is the kind of difference that does need fixing, because NYSC checks those two against each other. It is not a bar to being mobilised once you clear it.",,answer
S-0291,name_correction,"Why is my name arranged differently across JAMB, my school records and my result?","Nothing keeps those records in step with each other, so differences are common. What matters for NYSC is that your JAMB record and your school's submission agree, so that is the pair to line up rather than every document you own.",,answer
S-0916,name_correction,Can I use an affidavit if my certificate and my passport have different names?,"Yes, an affidavit is accepted for a general name difference between documents like your certificate and your passport. It is not accepted for a date-of-birth correction, so do not assume it covers everything.",,answer
S-0721,name_correction,JAMB told me to change the name on my NIN to match JAMB. Is that right?,"That advice is right, even if it feels backwards. NYSC's checks treat your JAMB record as the reference point, so aligning your NIN to JAMB is the direction that removes the problem rather than creating another one.",,answer
S-0027,senate_list_status,My school says my name has been uploaded but the portal shows no record found. What should I do?,"No record found means one of two things: your school has not actually uploaded you yet, or what they did upload does not match the details you are searching with. Search again using your matriculation number, surname and date of birth exactly as your school holds them, and if it still returns nothing, take it to your school's Student Affairs or Mobilisation Office and ask them to check your record and re-upload it. NYSC cannot add you from their end, they only publish what your school sends.",,answer
S-0236,senate_list_status,The portal shows no record or an error even though my school says it sent my name. Should I go ahead with registration?,"No, and there is nothing to go ahead with. Registration only opens to you once your name comes up on the uploaded Senate List, so while the portal is still returning an error or no record there is no way past it from your side. Get your school's Student Affairs or Mobilisation Office to check your record and re-upload it, then search again with your matriculation number, surname and date of birth.",,answer
S-0033,senate_list_status,Can I register if my name is on the graduation list but not yet on the Senate list?,"No. The graduation list is your school's own record and NYSC does not read it, so being on it does not clear you for anything. Registration only opens to you once your name is on the Senate List your school uploads, and there is no NYSC-side way to register before your name appears on it. 

Pressing your school's Student Affairs or Mobilisation Office to submit is the only lever you have, and if your school misses your registration window entirely you roll into the next batch rather than losing your place.",,answer
S-0115,senate_list_status,"Is it possible for my name to be on the Senate list but not the graduation list, or the other way round?","Yes, either way round. Your graduation list and your Senate List are two separate records your school compiles, so one can be ready while the other has not been uploaded. The one NYSC reads is the Senate List, and you cannot register until your name is on it, so if the graduation list is out and your Senate List entry is not, follow up with your school's Student Affairs or Mobilisation Office.",yes,answer
S-0326,senate_list_status,"Is the Senate list out, and is the Batch B Stream 2 one out online?","There is no single Senate List that comes out on a date, and none is released per batch or per stream either. Each institution compiles and uploads its own, so the only thing there is to check is whether your own school has uploaded you. Go to the NYSC Senate List portal, pick your institution, then enter your matriculation number, surname and date of birth and search.",yes,answer
S-0149,senate_list_status,When will the uploading of graduates into the Senate list end?,"There is no published closing date for it. What decides it in practice is your own registration window: if your school's submission misses that window entirely you miss the batch and roll into the next one, through no fault of yours. So the thing to watch is your registration window rather than a cutoff date, and keep pressing your school's Student Affairs or Mobilisation Office while it is still open.",yes,answer
S-0150,senate_list_status,Can new names be added to the Senate list while registration is still going on?,"Yes. Schools submit on their own schedule, so names keep appearing through the registration window and a later upload still counts as long as it lands before your window closes. If your school misses the window entirely, you roll into the next batch rather than losing your place.",yes,answer
S-0364,senate_list_status,"How do I know whether my school has uploaded my name, and where do I check?","Check it yourself on the NYSC Senate List portal, which your school may call the Academic Board Approved List. Pick your institution, then enter your matriculation number, surname and date of birth and search. If your details come up, your school has uploaded you and you are cleared to register. If it says no record found, either they have not uploaded you yet or the details they sent do not match. 

The graduation list is your school's own record rather than something NYSC publishes, so for that one you have to ask your school.",yes,answer
S-0114,senate_list_status,Am I supposed to see my details on the verified Senate list before mobilization starts?,"Yes, that comes first. Your details appearing on the uploaded Senate List is what clears you to register, and there is no NYSC-side way to register before your name appears on it. Check on the NYSC Senate List portal with your matriculation number, surname and date of birth.",yes,answer
S-1038,senate_list_status,Does having a statement of result mean that my name is among the NYSC mobilization list?,"No. A statement of result is your school proving you graduated, and it says nothing about whether they have uploaded you to NYSC. Those are two separate steps and it is the upload that clears you to register. Check on the NYSC Senate List portal with your matriculation number, surname and date of birth to see whether you are on it.",yes,answer
S-0052,senate_list_status,On the Senate verification list another person's name appears with my other details. Can I proceed with registration?,"Do not register against that entry. What clears you is a Senate List record that is actually yours, and this one is carrying somebody else's name, so it has to be corrected before you go any further. Take it to your school's Student Affairs or Mobilisation Office, show them what the portal is returning, and ask them to check your record and re-upload it.",,answer
S-1069,senate_list_status,What happens if I have not completed my school clearance but want to be mobilized for NYSC?,"Your school will not put you on the Senate List until your clearance is done, so it has to come first. Outstanding departmental, faculty, library or bursary clearance is enough on its own to keep your name off the list, and it is a school-side hold that NYSC has no part in and cannot waive. Clear those with the departments holding you, then check on the NYSC Senate List portal with your matriculation number, surname and date of birth.",yes,answer
S-0390,senate_list_status,I graduated in 2014 but the uploaded Senate approved list shows 2015. What is the way out?,"Your school has to correct it and resubmit, there is no NYSC-side fix for it. NYSC goes by the graduation date on the Senate List your school submitted, not the date on your certificate, so whatever they uploaded is what your record says and NYSC will not override it. 

Take it to your school's Student Affairs or Mobilisation Office, ask them to correct the year and resubmit, and put it in writing and keep a record of each attempt if they keep leaving it out. Check your portal afterwards to confirm the right year is showing before you rely on it at camp.",yes,answer
S-0396,senate_list_status,I use three names on all my documents but my institution uploaded only two names on the NYSC Senate list. What should I do?,"A whole missing name is not something you can fix on your dashboard yourself. The dashboard's Correction of Name handles spelling and word order only, so where a name has been left out entirely your institution's Student Affairs Officer has to write to NYSC on your behalf. Go to them with the documents showing all three names, ask them to write, and ask them to correct what they uploaded to the Senate List at the same time.",yes,answer
S-0429,senate_list_status,My school submitted a different arrangement of my names to the Senate list. Will this cause a problem at camp?,"Fix it rather than leave it, and this one you can do yourself. Name order is exactly what the dashboard's Apply for Correction of Name link is for, no fee and no institution involvement, so log in and submit the correct arrangement. There is no published rule on whether a different arrangement gets queried at the camp gate, so the safe move is to have it corrected before you travel.",yes,answer
S-0051,senate_list_status,I did not mobilize but my name is on the school list. Can I still mobilize and have my name uploaded to the NYSC site?,"Yes, and through fresh registration rather than revalidation. Revalidation only reactivates a registration that was completed and produced a call-up letter, so a name on the Senate List with no completed registration is not that case.

Your school does not need to upload you again. The Senate List entry you already have stays valid and fresh registration picks it up, so what you are waiting for is the next registration window opening rather than anything from your institution.",yes,answer
S-0366,senate_list_status,My school releases names in batches. Can my name still be uploaded during Stream 2 registration?,"Yes. Schools upload at different speeds and a later submission still counts, so if you were not processed in time for Stream 1 you are generally carried into Stream 2 rather than losing your place. It depends on your school actually completing the submission, including the hardcopy that has to reach NYSC, so keep checking your dashboard and keep pressing your school's Student Affairs or Mobilisation Office. That is the only lever you have.",yes,answer
S-0863,post_relocation_process,"I have printed my relocation letter. What is the next step, and where do I report?","Take it to your new state's NYSC secretariat in person, and go straight there rather than back to your old state. Bring your original relocation approval letter, printed in colour and not laminated, a photocopy of it with your camp bank name, account number and phone number written on it, and a copy of your statement of result or certificate. You submit those at the new secretariat, and your state code updates afterwards.",yes,answer
S-1000,post_relocation_process,"After relocation approval, do I still need to go back to camp?","No. Relocation changes your state or your PPA, it does not restart orientation, so there is no going back to camp. Report to your new state's NYSC secretariat instead, with your original approval letter printed in colour and not laminated.",yes,answer
S-0082,post_relocation_process,Do I have to do documentation and LGI clearance again in my new state?,"Yes, the documentation is done again in your new state, though you are not registering for NYSC afresh. Start at your new state's NYSC secretariat with your approval letter, then once your new PPA appears on your dashboard, take it to your new LGA and do the same LGI documentation and clearance a regular posting requires, because your old state's local records do not carry over.",yes,answer
S-0081,post_relocation_process,"After relocation, do I need to return to the secretariat before my PPA appears, and what is the sequence?","Once you have submitted your approval letter at your new state's secretariat, you do not need to go back while you wait, because the order is fixed: your state code commonly updates within 1 to 7 days of submitting your documents and your new PPA usually appears on your dashboard about 2 to 7 days after that, and only then do you take it to your new LGA for LGI documentation and clearance. 

You cannot carry the documentation forward before the PPA appears, and you should not travel to it or start work there either. If either step is well past those windows, contact your new state's LGI or the secretariat's relocation desk directly rather than waiting indefinitely, since there is no guaranteed escalation path for it.",yes,answer
S-0083,post_relocation_process,How long does it take for my PPA to appear after I submit my relocation documents?,"In the usual case your state code commonly updates within 1 to 7 days of submitting your documents and your new PPA usually appears on your dashboard about 2 to 7 days after that. Sources differ on the exact counts, so treat them as ranges rather than promises. If you are well past them, do not keep waiting, contact your new state's LGI or the secretariat's relocation desk directly rather than waiting indefinitely, since there is no guaranteed escalation path for it.",yes,answer
S-0084,post_relocation_process,I got relocated but my PPA has not appeared on my dashboard. What should I do?,"Go and contact your new state's LGI or the secretariat's relocation desk directly rather than waiting indefinitely, since there is no guaranteed escalation path for it. Waiting it out is not a route. So you know whether you are actually late, your state code commonly updates within 1 to 7 days of submitting your documents and your new PPA usually appears on your dashboard about 2 to 7 days after that, and do not travel to the new PPA before it shows on your dashboard.",yes,answer
S-1426,post_relocation_process,My file has not arrived at my new state. How long does that take and who do I meet?,"There is no published timeline for the file itself, so what you can actually track is your state code and then your PPA. Your state code commonly updates within 1 to 7 days of submitting your documents and your new PPA usually appears on your dashboard about 2 to 7 days after that. The person to meet is your new state's LGI or the secretariat's relocation desk, and go in person rather than waiting to be called.",yes,answer
S-0259,post_relocation_process,"After relocation, which state handles my clearance?","Your new state. Clearance moves with you, so once your new PPA appears on your dashboard, take it to your new LGA and do the same LGI documentation and clearance a regular posting requires, because your old state's local records do not carry over. Your original state does not keep handling it.",yes,answer
S-0467,post_relocation_process,"Will I still get my allowance after relocating, and does my former state keep paying?","Relocating does not cancel your allowance, but it does interrupt it. Payment moves to your new state, you open an account there, and a gap of up to about three months while the switch goes through is common, so your former state does not keep paying you through it.",yes,answer
S-0970,post_relocation_process,Is there a deadline for reporting to my new state after relocation approval?,"Yes, 21 days from the date of approval, and it is stated on the approval letter itself. Miss it and the relocation can be reversed automatically, putting you back in your original state of deployment.

So go as soon as you have the printed letter rather than waiting on anything else, and your state code does not start updating until you have submitted it at the new state's secretariat. If a clearance step is holding you up and the countdown is running, go to the secretariat and say so rather than letting the window close.",yes,answer
S-0419,post_relocation_process,Can I report to my new state before printing my relocation letter?,"No. The printed letter is what you submit at the new secretariat, so there is nothing to report with until you have it. Print it in colour and do not laminate it, and take a photocopy with your camp bank name, account number and phone number written on it.",yes,answer
S-0975,post_relocation_process,My relocation was approved but my call-up number still shows the old state.,"Your call-up number never showed your state, so it is not the thing to watch. It is a tracking code generated when you registered, and what changes after a relocation is your state code and then your new PPA on your dashboard.",,answer
S-0195,callup_letter_access,"My call-up letter has not appeared on my dashboard yet. Is it out, and when can I print it?","Your call-up number comes first and the letter follows once processing catches up, so a gap between the two is normal rather than a sign something has gone wrong. There is no single release date to wait for and no message you need first, so check your dashboard directly.",,answer
S-0332,callup_letter_access,I have had my call-up number since last stream but still no letter and I have not been mobilised. What do I do?,"Go to your state secretariat directly rather than waiting on the portal. The letter normally follows the number once processing catches up, and when a whole stream has passed without it there is no portal step left for you to take.",yes,answer
S-0414,callup_letter_access,Do I have to receive an SMS from NYSC before I can access my call-up letter?,"No. The SMS is a convenience that comes with the paid registration package, not a gate, so it is never what makes your letter available. Check your dashboard directly.",,answer
S-0381,callup_letter_access,"Can I collect my call-up letter from my school instead of paying to print it online, and is there a disadvantage?","Yes, you can collect it from your institution instead. One thing to correct first: the roughly ₦3,000 registration package fee, paid through Remita during registration is not a charge for printing, it is the registration package, and what it buys is online printing and reprinting plus SMS and email notifications. So the disadvantage of collecting from school is that if the paper copy is lost or damaged you have no way to reprint it yourself, which makes keeping it and your photocopies safe the whole job.",yes,answer
S-0547,callup_letter_access,"I lost or damaged my call-up letter. Can I reprint it, and what happens now?","Whether you can reprint it comes down to one thing, whether you paid the roughly ₦3,000 registration package fee, paid through Remita during registration, because that is what unlocks online reprinting. Either way keep the paper copy and your photocopies safe, since the letter is your entry pass into camp and you cannot register at camp without it.",,answer
S-0492,callup_letter_access,The reprint option or print icon for my call-up letter is missing or not working. Why?,"Online printing only exists if you paid the roughly ₦3,000 registration package fee, paid through Remita during registration, so that is the first thing to check. If you did pay and the link is still missing or does nothing, that is a portal fault rather than something wrong with your record.",,answer
S-0432,callup_letter_access,"If I collect my call-up letter from school, will I still need to print my Green Card?","Yes, you still print your Green Card yourself. It is a separate document from the call-up letter and the payment choice does not affect it, so collecting your letter from your institution changes nothing about the Green Card.",yes,answer
S-0133,ppa_rejection_reposting,"Can I still do my monthly clearance or thumbprint while my PPA has rejected me and I am waiting to be reposted, and where?","Yes, and you do it at the secretariat rather than through your PPA. Being rejected does not suspend your clearance, so keep clearing every month while your repost is being sorted out.",,answer
S-0663,ppa_rejection_reposting,My PPA rejected me because they have no vacancy or do not take corps members. What is the process from here?,"The organisation notes rejected on your posting letter and gives you a separate rejection letter, and you take that to your LGI or ZI at the LGA secretariat. They process a repost to a new PPA in the same area, and NYSC then issues a new posting letter which you can download from your dashboard. Having an acceptance letter from an organisation willing to take you speeds the whole thing up.",,answer
S-0297,ppa_rejection_reposting,I submitted my PPA reposting request at the local government secretariat but I have not been reposted. What can I do?,"Escalate to the State Secretariat. If the rejection letter is already in at the LGA secretariat and no repost has come, the LGI is where it has stalled, so take it above them rather than waiting. One thing to expect on the way: some LGIs first treat a rejection as if you refused the posting and may ask for a query form, so say plainly that the PPA rejected you and not the reverse.",,answer
S-0582,ppa_rejection_reposting,Can I find another PPA or school myself after being rejected?,"Yes, and it is the fastest route. Get an acceptance letter from an organisation willing to take you and bring it with your rejection letter. The repost still goes through your LGI, so you are not posting yourself, you are giving them somewhere to post you.",,answer
S-0274,ppa_rejection_reposting,"Can I reject my PPA for a better offer elsewhere, or because I do not like it?","No. A better offer is not a ground and not liking your PPA is not one either, so a valid rejection has to come from the PPA's side, or you need your own strong documented reason such as location, security or health, through your LGI. And leaving a PPA with no rejection letter at all is treated as absconding and can bring disciplinary action, so get the letter rather than simply stopping going.",,answer
S-0665,ppa_rejection_reposting,Is there a deadline for submitting a rejection letter from my PPA?,"There is no formal deadline for submitting a rejection letter, so you are not racing a date. Take it to your LGI as soon as you have it anyway, because the repost cannot start until they have it.",,answer
S-1012,ppa_rejection_reposting,Is there any penalty for rejecting my PPA?,"There is no penalty for being rejected by your PPA, because that is not something you did. What does carry one is leaving a PPA with no rejection letter at all is treated as absconding and can bring disciplinary action, so get the letter rather than simply stopping going.",,answer
S-0734,ppa_rejection_reposting,"How do I get a rejection letter, and what if my PPA refuses to sign one?","Ask the organisation to write it, and expect some resistance, because signing one can affect NYSC's willingness to post corps members to them in future. Persistence and a plain explanation help, along the lines of this location is too far and I have no way to commute. 

If they still will not sign, distance is a documented reason you can take to your LGI yourself, since a valid rejection has to come from the PPA's side, or you need your own strong documented reason such as location, security or health, through your LGI.",,answer
S-0748,allowance_payment_issue,"My allowance has not been paid or is delayed. What do I do, and who do I complain to?","Report it to your LGI first, then your state secretariat's Finance or Accounts office if it is still not resolved, since that office has more visibility on payment backlogs. Allowance delays have repeatedly been national funding problems rather than anything wrong with your own record.

That route is for the federal allowance. If what is missing is a stipend your PPA pays you on top of it, chase that with your PPA supervisor or HR instead, because it is their own arrangement rather than an NYSC payment.",,answer
S-0933,allowance_payment_issue,I completed my clearance but my allowance still has not been paid. What should I do?,"Then your clearance is not what is holding it, so it is either your own bank and BVN details or a delay that is affecting more than just you.",,answer
S-1019,allowance_payment_issue,Some people have been paid and mine has not reflected. Why does NYSC pay some people and leave others?,"When some people in your batch are paid and you are not, that points at your own record rather than a national delay, because the systemic delays hit whole batches at once.

So check your bank and BVN details on the portal, confirm your PPA submitted your clearance for the month, and confirm you completed your monthly biometric verification. If all three are right, report it to your LGI first, then your state secretariat's Finance or Accounts office if it is still not resolved, since that office has more visibility on payment backlogs.",yes,answer
S-1018,allowance_payment_issue,Why was my allowance stopped this month when it was paying normally before?,"A month that stops after paying normally usually points at your own record rather than a change in policy, most often a missed monthly biometric or CDS clearance.",,answer
S-0185,allowance_payment_issue,"Will failing to complete my monthly clearance, or missing a month's thumbprint, affect my allowance?","Yes, it can. Monthly clearance is what unlocks that month's payment and the biometric thumbprint is part of it, so an unresolved miss risks no allowance for the months you missed. There is no fixed rule for exactly when withholding starts, so do your current clearance and report the gap to your LGI rather than leaving it unaddressed.",yes,answer
S-0899,allowance_payment_issue,Can I still receive my allowance while my clearance status is still pending?,"Not while it is still pending, because the payment follows the clearance once it is recorded. A pending status is usually an upload or reporting lag on the administrative side rather than a problem with your attendance, so follow up with your LGI to confirm it was recorded, and resubmit if they ask you to.",yes,answer
S-0932,allowance_payment_issue,Is there any allowance paid by local governments?,"No. There is no local government allowance anywhere. What does exist is an extra monthly stipend paid by some state governments, and sometimes a stipend from your PPA itself, which is a private arrangement with your employer rather than an NYSC payment.",yes,answer
S-0942,allowance_payment_issue,Is there any extra allowance from the state government?,"Some state governments do pay one, on top of the federal allowance and entirely separate from it. It is optional rather than owed to you, it varies widely by state at roughly ₦5,000 to ₦50,000 where it exists, its timing is inconsistent, and in some states only corps members posted to government establishments get it, so do not budget on it.",yes,answer
S-0944,allowance_payment_issue,Can married corps members receive extra allowance?,"No. The federal allowance is flat and identical for everyone, whatever your marital status, your qualification or your state, so being married does not change it. The only extras that exist anywhere are a state government stipend or one from your PPA, and neither depends on being married.",yes,answer
S-0900,allowance_payment_issue,Has anyone received last month's allowance yet?,"I cannot tell you whether a particular month has gone out, because there is no month by month schedule to check. For your own payments, the Payment History on your dashboard is what shows which months have landed and which are outstanding. When a month is late across a whole batch it has usually been a national funding problem rather than anything on your side.",yes,answer
S-0945,allowance_payment_issue,Will NYSC pay arrears for months I missed?,"No. Allowance for months you were marked absent is normally forfeited rather than paid later, and there is no process for claiming it. If you think a month was marked absent wrongly, that is a records correction to raise with your LGI rather than a payment to claim.",yes,answer
S-1020,allowance_payment_issue,Is there any number I can call about unpaid allowance?,"There is no published NYSC number for allowance complaints. It is handled in person: report it to your LGI first, then your state secretariat's Finance or Accounts office if it is still not resolved, since that office has more visibility on payment backlogs.",yes,answer
S-0666,allowance_payment_issue,Will NYSC continue paying my allowance while my PPA is still being sorted out?,"Yes, as long as you keep doing your monthly clearance, because each month's payment follows that month's clearance. While your PPA is unsettled you do the clearance at the secretariat rather than through the PPA, so an unsettled posting does not stop your allowance by itself.",yes,answer
S-0466,allowance_payment_issue,"I have not been paid since my relocation, and my former state may still owe me. Who do I chase?","Report it through your LGI, then your state secretariat's Finance or Accounts office if it is still not resolved, and use the Payment History on your dashboard to show which months are outstanding. Nothing published says whether the state you left or the state you moved to settles money owed from before the move, so ask your LGI to confirm which office is handling yours.",yes,answer
S-0066,docs_required_at_camp,"Do I need to take my original certificate to camp, or is a Statement of Result enough?","One original is what the gate wants, and either document does it. Your certificate on its own is enough and you do not also need a Statement of Result, and if your certificate is not ready then an original Statement of Result is accepted as long as it is genuine, properly signed and stamped by your institution, and not marked provisional. If you are bringing the certificate, check that the name and graduation date on it match your NYSC dashboard exactly, because a mismatch there is a known registration risk.",,answer
S-0522,docs_required_at_camp,Can I use a photocopy of my Statement of Result at camp?,No. Photocopies are not accepted for either your certificate or your Statement of Result. Bring the original and keep a photocopy only as backup.,,answer
S-0767,docs_required_at_camp,My Statement of Result was issued a year ago. Is it too old to use at camp?,"There is no expiry on how old a Statement of Result can be, so one issued a year ago is fine and claims about expiry are wrong. Keep it in good condition, because the gate check depends on the document being legible.",,answer
S-0110,docs_required_at_camp,Will NYSC accept a Statement of Result that is stained or damaged?,"A stained or damaged original is a real risk at the gate, because verification depends on the document being legible. No rule says a stained Statement of Result is rejected outright and none says it is accepted either, so bring a clean photocopy as backup alongside the original.",,answer
S-0124,docs_required_at_camp,My school has not released my Statement of Result and camp registration is starting. What can I do?,"There is no workaround at the gate for this. You cannot be registered without an original document, so if your school has not released your Statement of Result and your certificate is not ready either, registration cannot go ahead on the strength of anything else. You do not lose your place though: your institution is expected to carry you into the next available registration window, so press your school for the original and follow up with NYSC about which batch you will be registered in.",,answer
S-0205,docs_required_at_camp,Which documents do I need to present in the original at camp?,"Originals rather than photocopies for the documents that prove your result, meaning your certificate or your Statement of Result. The full gate list is your Call-Up Letter, Green Card, Statement of Result or Certificate, your institution's ID card, recent white background passport photographs, and a Medical Fitness Certificate from a government or military hospital. JAMB documents are not needed at the gate, that is checked earlier at the online registration stage.",,answer
S-0188,docs_required_at_camp,"Is the school ID card compulsory at camp registration, and what if my school collected it or I lost it?","It is not strictly enforced. if your Statement of Result is signed and stamped and your name appears on the Senate List, you can generally still be cleared without it, so a school that has collected your ID or one you have lost is usually not what stops you. Some camps do still ask, so bring an alternative photo ID such as your NIN slip, voter's card or passport as backup.",,answer
S-1211,docs_required_at_camp,I do not have my school ID card. Can I use a letter of identification from my school instead?,"A letter of identification from your institution is the substitute that corps members report actually working, so if you have one, take it. Request one before camp if yours is lost or your school has collected it, and carry an alternative photo ID such as your NIN slip, voter's card or passport as well.",,answer
S-0378,docs_required_at_camp,Can I use a police report if I lost my school ID card?,"No, a police report is not a confirmed substitute for the school ID. What corps members report actually working is a letter of identification from your institution, so get that instead, and carry an alternative photo ID such as your NIN slip, voter's card or passport as well.",,answer
S-0766,docs_required_at_camp,My school ID card has expired. Can I still use it at camp or do I need a new one?,"No rule about the expiry date on a school ID is documented either way, and the ID is not strictly enforced in the first place, so an expired one is not worth replacing for camp. If your Statement of Result is signed and stamped and your name appears on the Senate List, you can generally still be cleared without it, and a letter of identification from your institution is the substitute that reportedly works if a camp insists.",,answer
S-0525,docs_required_at_camp,Can I attend camp with only my school ID and admission letter?,"No. Your school ID and admission letter are not a substitute for the required documents. You still need your Call-Up Letter, Green Card, an original certificate or Statement of Result, passport photographs and a Medical Fitness Certificate from a government or military hospital.",,answer
S-0079,allowance_amount,Is the first month's allowance paid physically in NYSC camp?,"No, not the monthly allowance. That one goes into the bank account opened for you at camp and there is no physical handout. What does get paid physically in camp is a separate thing, the transport or bicycle allowance, and it is ₦10,000 in total rather than one payment.

₦6,400 of it is cash in camp, usually from about day 12, collected against your school ID and your state code tag. The remaining ₦3,600 comes after camp or once you resume at your PPA. That figure has not moved even as the monthly allowance rose, so do not expect it to scale with it.",,answer
S-0750,allowance_amount,"When exactly is the first allawee or first allowee paid, in camp or after camp?","There are two answers in circulation and neither is settled. Some accounts have the first monthly payment landing while you are still in camp, around day 18, and others say it does not come until after camp at your PPA, because your bank details have to be entered and verified through NYSC's payment system first. Budget as if it may not arrive until after camp, since that is the safer assumption.

Part of why both versions circulate is the account itself: the one NYSC opens for you in camp is not fully usable until you upgrade it after leaving, so a payment sent near the end of camp can only become reachable once you are already on your way to your PPA.",yes,answer
S-1245,allowance_amount,"When is the transport allowance paid during orientation camp, and how much is it?","It is paid once, in camp, generally starting around day 12 to 18, and you collect it against your school ID and state code tag. The amount is not published anywhere, and it is a small cash payment rather than anything close to a month's allowance, so do not plan around a figure for it.",yes,answer
S-0557,allowance_amount,Will the next batch receive the old allowance figure or the new one?,"Neither of the figures usually quoted is current. It is ₦77,000 a month, which is the national minimum wage plus 10%, and it has been since March 2025. ₦33,000 was the rate before that, so anywhere still quoting it is out of date, and it is the same figure for every corps member regardless of state, course or PPA.

On what it actually covers: self-catering and sharing accommodation in an average-cost state runs about ₦40,000 to ₦55,000 a month once feeding, a room, transport and data are in, so there is a real surplus but not a large one. Eating out and living alone takes it to ₦65,000 to ₦90,000, and in Lagos or Abuja treat all of that as too low, because rent and transport are far higher.",yes,answer
S-0751,allowance_amount,"How much should I budget for the service year, and how much is a reasonable upkeep?","The only figure you can plan around is the federal ₦77,000 a month, which every corps member gets. Treat a state top up or a PPA stipend as a bonus rather than income, because neither is guaranteed and some PPAs pay nothing at all. On the spending side I cannot give you a monthly breakdown for feeding, accommodation and transport yet, so take the ₦77,000 as the income half of the question rather than an answer to whether it is enough.",yes,answer
S-0464,allowance_amount,"Can my PPA pay me an allowance on top of the NYSC one, and do I get paid at my PPA?","Some do, and it is entirely at the PPA's own discretion, not administered or guaranteed by NYSC. It is commonly ₦30,000 to ₦150,000 a month at private companies such as banks, tech firms, law firms and multinationals, while government offices, schools and public sector PPAs typically pay nothing extra or only a token amount. The federal ₦77,000 comes to your bank account either way, wherever you are posted.",yes,answer
S-1369,allowance_amount,"Which type of PPA is more likely to pay an extra allowance, a ministry, a school or a local government?","None of those three. The PPAs that commonly pay a stipend are private companies such as banks, tech firms, law firms and multinationals, at ₦30,000 to ₦150,000 a month, while ministries, schools and local government offices typically pay nothing extra or only a token amount. It is the PPA's own decision either way, so it is never guaranteed.",yes,answer
S-0128,allowance_amount,"Does a particular institution or ministry pay corps members an extra allowance, and how much?","I cannot tell you what a particular institution pays, because a stipend is set by that employer, varies widely and changes from year to year, so any figure given here would be wrong or out of date. 

The pattern is that private companies pay one, commonly ₦30,000 to ₦150,000 a month at private companies such as banks, tech firms, law firms and multinationals, while government offices, schools and public sector PPAs typically pay nothing extra or only a token amount. Ask the place directly, or ask corps members currently serving there.",yes,answer
S-0755,allowance_amount,"Will the state I am posted to pay anything extra, and does a particular state government pay corps members?","Some state governments do pay a top up, and I cannot tell you whether yours is one of them, because it varies by state and changes. Where it exists it is separate from the federal allowance, typically restricted to corps members posted to government establishments, and roughly ₦5,000 to ₦50,000 with inconsistent timing. Treat it as a bonus rather than something you are owed.",yes,answer
S-0904,allowance_amount,Can corps members receive both the federal allowance and a state allowance?,"Yes. A state top up is separate from the federal allowance and does not replace it, so where a state pays one you receive both. The federal ₦77,000 is the part that is guaranteed, and the state part depends on your state and often on being posted to a government establishment.",yes,answer
S-0465,allowance_amount,Is a PPA stipend paid from the month the corps member resumes?,"There is no rule that it starts the month you resume, because it is the organisation's own arrangement rather than anything NYSC administers, and terms vary widely between PPAs. Some pay from the first month, others wait one or two while they onboard you.

Ask your PPA's HR or admin office which month they actually pay from, and budget your first month or two as though it might not come. State top-ups behave the same way, some of them only starting after a corps member has already served several months.",yes,answer
S-1051,allowance_amount,My PPA has not paid me. Should I go straight to my LGI?,"No, not for that one. A stipend your PPA pays you is a private arrangement between you and your employer, so chase it with your PPA supervisor or HR directly, the way you would any unpaid wages. Your LGI's escalation channel is specifically for the federal ₦77,000, so a missing federal payment goes there and a missing PPA stipend goes to the PPA.",yes,answer
S-0990,allowance_amount,Are corps members in all states paid on the same day?,"The amount and the window are the same everywhere, but not the exact day. Payment lands normally between the 25th and 30th of the month, and delays of a few days up to about two weeks are not unusual, especially early in a new batch or in more remote states, so two corps members in different states can be paid days apart.",yes,answer
S-0075,remobilization_after_abandon,What is remobilization and how does it work?,"It is the official route back into service after absconding, meaning you stopped attending camp or your PPA without approval. To be clear which one you need, remobilization is for somebody who reached camp or served part of the year and then stopped, and revalidation is for somebody who never reported to camp at all.

In practice remobilization only runs through a portal NYSC opens periodically and announces per batch, and applications outside the stated window are not accepted. Which route you use depends on your state. If your state secretariat already took formal action on the abscondment you register directly for remobilization when the portal opens, and if it took no formal action a different registration route applies, so confirm which one is yours with your state secretariat before the window opens.",,answer
S-0278,remobilization_after_abandon,How do I refund the allowance I received before I abandoned NYSC?,"Through the official NYSC dashboard, and only there. You refund the exact amount you collected, a refund paid any other way is not recognised, and your application will not be processed until it is done. What the rule names is the monthly allowance, so if you also collected the one off cash payment in camp, ask your state secretariat whether that has to go back too, because no rule covering it either way is published.",,answer
S-1375,remobilization_after_abandon,Is it true that I must receive three months' allowance before I can be remobilised?,"No, there is no such rule. Nothing about being remobilised depends on how much allowance you received, and the allowance requirement runs the other way: if you collected allowance before you stopped, you must refund that exact amount through the official NYSC dashboard, because a refund paid any other way is not recognised, and it is a precondition for your application being processed.",,answer
S-0281,remobilization_after_abandon,When will NYSC open the remobilization portal again?,"There is no date to give you. Remobilization only runs through a portal NYSC opens periodically and announces per batch, and applications outside the stated window are not accepted, so the announcement is the only thing that tells you it is open and there is no standing schedule to check against. Watch for the batch announcement rather than planning around a month.",,answer
S-0280,remobilization_after_abandon,"Is my earlier remobilization request still valid, or do I need to make a new one?","Do not assume the earlier one still counts. If you registered in a previous window but could not complete your documentation in your assigned state, you have to register afresh in the next window rather than waiting on the old application.",,answer
S-1374,remobilization_after_abandon,I would prefer a particular batch for my remobilization. How do I arrange that?,"There is no documented way to choose your batch. You apply in whichever window NYSC next opens and announces, so the batch you land in follows the window rather than your preference. If which batch you end up in matters for a specific reason, put that to your state secretariat before the window opens, since they are the ones handling your case.",,answer
S-1373,remobilization_after_abandon,"I went to camp and served a month, then stopped because I was sick, and my LGI says I absconded and will be remobilised. Which batch will I be remobilised into?","Whichever window NYSC next opens, because the batch follows the window rather than your case. On the sickness though, that is worth raising before you accept being treated as an absconder: an absence with a legitimate cause you can document, illness included, is something to take to your LGI in writing as soon as possible with whatever evidence you have, and absence handled that way is commonly resolved without an extension.",,answer
S-0279,remobilization_after_abandon,My NYSC portal shows me as present for months I did not serve. How do I reconcile it?,"That is a records problem rather than something you can fix yourself, and there is no self service correction on the dashboard for it. Your state secretariat or LGI has to correct it, and they do that once you are back in the system through remobilization, so the remobilization comes first and the record follows.",,answer
S-0679,remobilization_after_abandon,Can somebody in Abuja enquire about my remobilization issue at NYSC headquarters for me?,"A relative can contact the secretariat to ask about your case, but nothing published says a third party can complete the application or be given your information, so the formal application stays yours to make. If somebody else is following up in person for you, send them with whatever authorisation and documents the secretariat asks for. If you do go in person, headquarters is at Plot 416, Tigris Crescent, off Aguiyi Ironsi Street, Maitama, Abuja, but your state secretariat is where a remobilization case is actually handled.",,answer
S-0062,remobilization_after_abandon,Can someone ghost their NYSC service year?,"You can stop going, but it is not free and it is not the same as never turning up at all. Absconding is flagged as AWOL on the portal and treated as a disciplinary matter, with a service extension commonly around one month per missed clearance, your discharge certificate withheld until it is resolved, and possible written queries from your LGI. Simply not reporting to camp in the first place carries no punishment and just moves you to a later batch, and that difference is the whole reason remobilization exists.",,answer
S-0277,remobilization_after_abandon,Can someone who has abandoned NYSC apply for remobilization?,"Yes, that is exactly what remobilization is for. Remobilization only runs through a portal NYSC opens periodically and announces per batch, and applications outside the stated window are not accepted, and if you collected allowance before you stopped, you must refund that exact amount through the official NYSC dashboard, because a refund paid any other way is not recognised, and it is a precondition for your application being processed.",,answer
S-0159,stream_assignment,"How are people selected for Stream 1 and Stream 2, and how does NYSC decide?","It is not a selection in the sense of anybody choosing. Like your batch, your stream follows processing order, mainly how quickly your institution uploaded and submitted its Senate List, including the physical hardcopy that has to reach NYSC's Abuja office. So the deciding factor sits with your school rather than with you or with NYSC's view of you.",yes,answer
S-0355,stream_assignment,"Can I choose my stream, or change from one stream to another?","No. You cannot choose your stream and there is no process for changing it once it is assigned, because your stream follows processing order, mainly how quickly your institution uploaded and submitted its Senate List, including the physical hardcopy that has to reach NYSC's Abuja office. If you were assigned Stream 1 and cannot go, that is a different question from changing your stream, and the answer to it is not a change request.",,answer
S-0193,stream_assignment,"My dashboard says I am not in this stream and I will be notified. What does it mean, and does it mean I am in Stream 2?","It means your school's submission did not reach NYSC in time for this stream's registration window, or was uploaded but the required hardcopy has not reached the Abuja office yet. It is not something wrong with your own record.

On what follows, corps members not processed in time for Stream 1 are generally carried into Stream 2 automatically rather than losing their place, though that depends on your institution eventually completing its submission. So it points that way without being a confirmation you are already in it, and following up with your school's Student Affairs office is the only lever you have, since the submission is theirs to complete.",yes,answer
S-0192,stream_assignment,"I was deployed for Stream 1 but did not go or did not register, and I cannot serve now. Can I join Stream 2 instead?","There is no documented process and no official route to move yourself from Stream 1 to Stream 2, so there is nothing you can point to that gives you the right to do it.

What corps members commonly describe is simply not printing or using the Stream 1 call-up letter and then reprinting once Stream 2's letters are released, which moves them into Stream 2. Nothing official backs it though, so ask your state secretariat before you count on it.",yes,answer
S-1268,stream_assignment,"Is Stream 2 a separate registration, or do I register for the batch and get assigned a stream?","You register once for the batch, and the stream is assigned rather than applied for. There is no separate Stream 2 registration to watch for, because corps members not processed in time for Stream 1 are generally carried into Stream 2 automatically rather than losing their place, though that depends on your institution eventually completing its submission.",yes,answer
S-0219,stream_assignment,How do I know whether I am in Stream 1 or Stream 2?,"Your dashboard and your call-up letter both state it, and that is the only place it is confirmed. There is nothing to work out in advance, because your stream follows processing order, mainly how quickly your institution uploaded and submitted its Senate List, including the physical hardcopy that has to reach NYSC's Abuja office, so until your school's submission clears there is no stream on your record to read.",yes,answer
S-1423,relocation_general_process,"What are the grounds for relocation, and how many are there?","Three: health, marital and security. Those are the only accepted grounds, so without one of them there is no application to make, and each one has its own document set.",yes,answer
S-1424,ppa_change_request,What reasons can I give for wanting a PPA change?,"Three reasons carry weight: a location or safety problem, mistreatment at your PPA, and wanting a specific different PPA. All three go to your LGI, and the last one needs an acceptance letter from the PPA you want, because not liking your posting is not grounds on its own.

Wanting a different state is not a PPA change at all. That is redeployment, which is a separate and harder process.",yes,answer
S-1425,name_correction,"What kinds of name correction are there, and where is each one done?","Three kinds, and where you fix each one differs. A spelling or order fix is done entirely on your dashboard, with no institution involved and no fee. Adding or removing a whole name goes through your school's Student Affairs Officer, who writes to NYSC for you.

The third is a mismatch between records. NYSC judges your name against your JAMB record, so a NIN or BVN mismatch alone generally does not block registration, while a JAMB against statement-of-result mismatch does need fixing first.",yes,answer
S-0042,age_eligibility,I am 29 now and will turn 30 soon. Can I still go for service next year?,"Yes. What counts is your age on the graduation date your institution recorded on the Senate List, not your age when you register or when you get to camp. Turning 30 after that date changes nothing, and neither does a mobilization delay or a late call up pushing your service later. Even being exactly 30 on that date leaves you eligible, because the NYSC Act only exempts you once you are over 30.",,answer
S-1042,age_eligibility,"I graduated years ago and I am well over 30 now. Can I still serve, and how do I start?","Yes. Your age at graduation is what decides it, so being 35 now does not remove your eligibility if you were 30 or under on your recorded graduation date. If you never registered at all, revalidation is not your route: you register normally once your institution submits your name on a Senate List, the same as any other graduate.",,answer
S-0473,age_eligibility,"Can someone exactly 30 be mobilised, and can you serve at 30 or 31?","Yes, exactly 30 at graduation is still eligible. The NYSC Act sets exemption at being over the age of thirty, so 31 on your recorded graduation date is the first age that is exempted rather than mobilised. Some third party guides simplify this to 30 or older being exempted, which would wrongly exclude you, and the statutory wording is the accurate one.",,answer
S-0724,age_eligibility,I was over 30 before I graduated. Can I still go for NYSC?,"No, and it is not a choice you make. If you were over 30 on your recorded graduation date, exemption is automatic: you still register online, but you are issued a Certificate of Exemption instead of a call-up letter, and there is no partial service or reduced term to opt for. That certificate is the one you collect physically at your institution rather than printing it from your dashboard.",,answer
S-0111,age_eligibility,I am above 30 now but graduated before I turned 30. Can I get an exemption certificate?,"No. Exemption goes by your age on your recorded graduation date and not your age now, so graduating before you turned 30 leaves you eligible to serve however old you are today. That means a call-up letter rather than a Certificate of Exemption, and there is no route that turns your current age into an exemption.",,answer
S-0174,age_eligibility,How does NYSC calculate age for mobilisation?,"NYSC compares the date of birth on your JAMB record, or your international passport if you were trained abroad, against the graduation date your institution recorded on the Senate List. Neither your registration date, your call-up date, nor the day you personally collect your certificate comes into it.",,answer
S-0103,age_eligibility,My NIN or WAEC date of birth says I am over 30 but my graduation age was under 30. Can I still apply?,"Yes. NYSC reads your date of birth off your JAMB record, so a NIN or WAEC date that disagrees with it does not decide your eligibility by itself, and neither does your age today. If the JAMB date is the wrong one, fix it at JAMB through a Correction of Data request before you complete NYSC registration, since NYSC pulls the date from there by default and will not correct your age at verification.",,answer
S-0873,age_eligibility,I turned 30 a month or two after my result was approved. Is the age in my favour?,"Yes, the timing is in your favour. The date that decides is the graduation date your institution recorded on the Senate List and on your Statement of Result, so if you were still under 30 then, turning 30 a month or two later changes nothing. The date printed on the certificate itself, or the day you collect it, is not what NYSC checks.",,answer
S-0491,age_eligibility,I will be 29 at graduation and do not want to serve yet. Can I postpone and go later?,"No, there is no formal way to postpone to a later batch on request. Your batch follows when your institution uploads you to the Senate List rather than a date you pick. Waiting costs you nothing on eligibility though: 29 at graduation keeps you eligible however long it takes, because your graduation age decides it and not when you serve.",,answer
S-0711,age_eligibility,Am I eligible for NYSC?,"It turns on your age on the date your institution recorded your graduation on the Senate List. If you were 30 or under then, you serve, whatever your age is today. Over 30 then and you are exempted instead, with a Certificate of Exemption rather than a call-up letter. Age is not the only test though: a part-time, distance learning or sandwich programme is excluded from full service whatever your age, and gets an Exclusion Letter instead of a call-up letter.",,answer
S-0012,camp_items_allowed,Is a laptop allowed in NYSC camp?,"No, laptops generally are not allowed inside camp dormitories or premises, because of security regulations and limited space, and security can confiscate them during baggage checks at the gate. Tablets fall under the same rule, and extension cords and any electrical appliance are consistently confiscated.",,answer
S-0160,camp_items_allowed,"Can I take my laptop to camp if I am posted to a faraway state and need it after camp, or can I send it to my accommodation before camp ends?","Not into camp, but you can still have it at your PPA or wherever you are staying after camp. Rather than carrying it through camp registration, have it sent to your off camp accommodation, or arranged to arrive after you have left camp. Being posted far does not change the rule at the gate.",,answer
S-0625,camp_items_allowed,Can I go to camp with my laptop and leave it with the camp security?,"No. Camp security holding a personal laptop for the three weeks is not an official service, it is an informal offer some people mention. If you need your laptop after camp, have it sent to your off camp accommodation instead.",,answer
S-0774,camp_items_allowed,Are phones allowed inside the orientation camp?,"Yes, phones are allowed. The only restriction is when and where you use it: keep it in your waist pouch, and do not have it out during drills, parades or other official activities. That is a camp rule and a practical one, because pickpocketing happens on busy parade grounds. Bring a power bank with it, because camp power is unreliable and often on for certain hours only.",,answer
S-0013,camp_items_allowed,"Can I bring my gadgets and other electronics to NYSC camp, and which ones are allowed?","It goes device by device. A phone, its charger and a power bank are fine. Laptops and tablets generally are not, and security can confiscate them during baggage checks at the gate. Extension cords and any electrical appliance are consistently confiscated. 

For a camera or headphones, NYSC publishes no list that settles it, so anything beyond a phone, its charger and a power bank can be turned back at the discretion of the officials searching your bags.",,answer
S-1184,camp_items_allowed,"Are headphones allowed in NYSC camp, and can I bring head phones through the gate?","A tablet or iPad is a clear no, named alongside laptops among the banned items and taken at the gate if found, though you get it back at the end of orientation.

On headphones and a standalone camera, NYSC publishes no list that settles either one. They are small and rarely a problem at the gate, but anything beyond a phone, its charger and a power bank can be turned back at the discretion of the officials searching your bags. Bring them accepting that, and do not bring a pair you cannot afford to lose.",,answer
S-1397,camp_items_allowed,Can I take other electronic devices such as an iPad or a camera to camp?,"An iPad and a camera split. An iPad follows the laptop rule rather than the phone rule, and tablets are commonly banned, so expect it to be turned back. For a camera, NYSC publishes no list that settles it, so it comes down to the officials searching your bags. Nothing beyond a phone, charger and power bank is safe to count on.",,answer
S-0040,camp_items_allowed,Can I come to NYSC camp with my car?,"No, personal vehicles are not allowed inside NYSC orientation camps. You, and anyone dropping you off, would arrive by public transport or be dropped outside the camp gate rather than driving in and parking on camp grounds.",,answer
S-0760,camp_items_allowed,"Can I take beverages like Milo, milk and cereal flakes to camp?","Yes, all of those are fine. Milo, powdered or tinned milk, and Golden Morn or other cereal flakes are ready to eat, and the restriction is on anything needing cooking or preparation. Raw foodstuffs, cooking appliances, boiling rings and gas cylinders are what is actually banned, not packaged food and drink.",,answer
S-1282,camp_items_allowed,Can I take food or drinks in breakable containers to camp?,"Nothing bans them outright, but decant into plastic or sachets where you can. Luggage gets handled roughly, storage is shared, and broken glass in a dormitory is a real problem. That is practical advice rather than a camp rule.",,answer
S-0613,camp_items_allowed,Can I bring my chess board or a small board game to camp?,"Yes. A chess board or similar small board game is on no NYSC banned items list, and the restrictions target electronics and appliances, weapons and bulky luggage. Several packing guides actively recommend a book, a journal or a small board game for the downtime, packed in your normal luggage with no special permission needed.",,answer
S-0163,logistics_arrival_timing,"Are there repercussions for arriving at camp late, and will I still be registered if I turn up two days late?","You will still be registered rather than turned away. Arriving any time after the date on your call-up letter, up until registration formally closes, counts as late arrival and not automatic disqualification, and NYSC has said repeatedly that late arrivals with a genuine reason still get registered. It has even extended registration deadlines in years when many corps members were held up travelling.",,answer
S-0314,logistics_arrival_timing,I just got my new call-up letter after redeployment when I was already due in camp. Can I show up a day late?,"Yes, a day's lateness with a genuine reason is generally tolerated, and a new call-up letter after redeployment is treated the same way as your first one. There is no separate rule for the redeployment case though, so what you have is the ordinary late arrival leeway rather than extra allowance because the letter reached you late.",,answer
S-0165,logistics_arrival_timing,"Can I go to camp a day before the official resumption date, or travel before camp opens?","No, there is no allowance for arriving a day early. The exact date on your call-up letter is the date you are expected, and there is no provision for turning up before the stated opening date.",,answer
S-0761,logistics_arrival_timing,"Can I report one day early, and will it help me avoid the registration rush or give me any advantage?","No on both counts. There is no allowance for arriving a day early, so there is no earlier registration to get ahead of the rush with. The exact date on your call-up letter is the date you are expected.",,answer
S-0549,logistics_arrival_timing,"Can I change my reporting date, or change the date on my call-up letter, once it has been issued?","No. Once your call-up letter is issued you generally cannot change your reporting date, because it is fixed to your batch's camp schedule.",yes,answer
S-0550,logistics_arrival_timing,What happens if I arrive at camp after registration has closed?,"Then you were not registered for that camp intake. Once the stated registration window ends, arriving after it is not late admission at all, and you would need to follow up with NYSC about being carried into the next batch instead.

That window is the first two or three days after camp opens rather than the whole three weeks, and the exact cut off is printed on your call-up letter. Corps members have been turned away for missing it, and NYSC's own position has been to hold the rule while giving late arrivals temporary accommodation and food before they leave, plus a place in the next batch through revalidation.",yes,answer
S-0227,dob_discrepancy_correction,My NIN or BVN date of birth is different from my JAMB one. Will it cause a problem for registration or my allowance account?,"No, that will not cause a problem. NYSC's reference for your date of birth is your JAMB record, not your NIN or your BVN, so a mismatch against either one on its own does not affect your registration, your camp admission or opening your NYSC allowance account.",,answer
S-0571,dob_discrepancy_correction,"My date of birth does not match across my records. Which one does NYSC use, and where do I fix each kind of mismatch?","Three cases, and which record is wrong decides where you fix it. If your JAMB record itself has the wrong date, that is a JAMB Correction of Data request on JAMB's eFacility portal.

If JAMB is right and it is the NYSC portal or your WAEC record that is off, that is the Correction of Date of Birth link on your own NYSC dashboard, using a WAEC verification PIN of 19 or 20 digits from an authorized outlet. WAEC is the only exam body NYSC accepts for it, so a NECO or NABTEB result cannot be used.

The third case is a NIN or BVN that disagrees. That one needs nothing done for NYSC purposes, because NYSC reads your date of birth from JAMB and does not check those two fields for it.",yes,answer
S-0105,dob_discrepancy_correction,"Can an affidavit fix my date of birth, or resolve a discrepancy between my WAEC and JAMB records?","No. NYSC does not accept a court affidavit as a substitute for a date of birth correction, however large the discrepancy, and the dashboard process is the only route it accepts. If your JAMB record is the one that is already correct, NYSC is reading the right date anyway, because JAMB is its reference.",yes,answer
S-0267,dob_discrepancy_correction,"My JAMB date of birth is wrong. Can I correct it before NYSC registration, and can I be mobilised with it wrong?","Yes, and do it before you complete NYSC registration. A wrong date on your JAMB record is fixed at JAMB, through a Correction of Data request on its eFacility portal, rather than anywhere on the NYSC side. NYSC pulls your date of birth from JAMB by default, so the wrong date follows you into your NYSC record, and NYSC will not correct your age at verification.",yes,answer
S-0667,dob_discrepancy_correction,"Which JAMB office do I go to for a date of birth correction, and can I visit a state office with supporting documents?","The correction is submitted online, through JAMB's Correction of Data service on its eFacility portal, so there is no particular office to send you to. An accredited JAMB CBT centre or office is where Regularization is done, and that is a different service. Nothing published says whether a JAMB office will also process a date of birth correction over the counter.",yes,answer
S-0269,dob_discrepancy_correction,Can I use JAMB regularization to correct my date of birth before NYSC?,"No, regularization is a different service. It exists for somebody admitted without a JAMB registration number, and what it gives you is that number rather than a change to data on a record you already hold. A wrong date of birth on an existing JAMB record is a Correction of Data request instead.",yes,answer
S-0343,dob_discrepancy_correction,How long does a WAEC date of birth correction take to reflect on the NYSC portal?,"It commonly takes a few days to show on your dashboard, so check there daily after you submit.",yes,answer
S-0344,dob_discrepancy_correction,My dashboard still shows the old date of birth after I submitted the WAEC correction. What now?,"Nothing published covers what to do when the dashboard does not update beyond the few days it commonly takes. What is settled is the cutoff: once your call-up letter or exemption letter is generated the correction option disappears permanently, so this is worth chasing before that point rather than after it.",yes,answer
S-0121,dob_discrepancy_correction,My date of birth is wrong on the NYSC portal but the WAEC correction link is not available. What should I do?,"Two things close the link for good, and one of them is easy to miss. The correction is one-time, so it is gone if you have already used it once. It also disappears permanently once your call-up letter or exemption letter has been generated, so if either has been issued for you, that window has closed. If neither applies, nothing published explains the link being missing.",yes,answer
S-0402,dob_discrepancy_correction,Is there any age verification to carry out when my WAEC date of birth differs from my other documents?,"There is no separate age verification step to carry out. NYSC reads your date of birth from your JAMB record, so a WAEC certificate that disagrees with your other documents does not set anything in motion by itself. What matters is whether the JAMB date is right, because that is the one NYSC uses.",yes,answer
S-0102,callup_number_delay,"Why has my call-up number not appeared or reflected, and what could the reason be?","Two things cause it, and the commoner one is a Remita registration payment that never confirmed. Check your Payment Status page on the dashboard with your transaction reference, because a payment can be confirmed at the back end and not yet showing, and do not repeat it if the money has already left your account. 

If that, your Senate List approval and your submitted registration all check out, then numbers are released in waves rather than all at once, and schools whose Senate Lists were approved later get processed later.

Worth knowing that the online processing fee is optional. What it buys is the SMS and being able to print your letter yourself, and if you would rather not pay it, collecting your call-up number and letter physically from your own institution is the documented alternative rather than waiting for a number that will not come.",,answer
S-0014,callup_number_delay,"How long should I wait for my call-up number after registering, and should I be worried after a day or a week?","There is no published waiting time to hold NYSC to, so a day or a week after registering is normal rather than a sign anything is broken, because numbers are released in waves rather than all at once, and schools whose Senate Lists were approved later get processed later. 

Check your dashboard daily yourself instead of waiting to be notified: the SMS and email only go to people who paid the optional registration package fee, and even then they can lag or not arrive at all.",,answer
S-0322,callup_number_delay,"My call-up number still has not appeared months after registering, or NYSC has not mobilised me at all. What should I do?","Months is past a normal processing wave, so treat it as a stuck record rather than a queue. Confirm the three basics first, your Senate List status approved, your registration fully submitted and your payment confirmed, because an unconfirmed payment stops a number generating at all.

If those are clean, there is no single escalation desk, but there are real channels. Use NYSC's published helpdesk lines and email with your full name, your registration number and a plain description, and keep the reference or a screenshot of the reply. Then ask your institution's mobilisation or student affairs office to confirm your Senate List upload actually processed, because an error there holds a number up even when your own registration is complete.

Going to the state secretariat in person is what many people do and some say it helped, but NYSC has publicly denied ever instructing anyone to do that for a stuck number, and warned that scammers work on PCMs who turn up desperate. If you go, go through the proper desk and pay nobody who offers to release your number for a fee.",yes,answer
S-0321,callup_number_delay,"I registered earlier but was moved to a later batch, so why are people who registered after me getting call-up numbers first?","The order follows your school rather than your registration date, because numbers are released in waves rather than all at once, and schools whose Senate Lists were approved later get processed later. So somebody who registered after you can be processed before you. A dashboard still showing your old batch while classmates have moved is most consistent with your own record waiting to be re-evaluated rather than you being left out.",yes,answer
S-0156,callup_number_delay,Does NYSC still issue call-up numbers now that registration is fully online?,"Yes. NYSC still issues call-up numbers under the fully online registration system and that part has not changed. The number is a tracking code generated after you complete registration, and it confirms your mobilisation record is valid and moving, though on its own it does not show your state of deployment.",yes,answer
S-0351,callup_number_delay,Does applying for concessional deployment hold up your call-up number?,"Nothing documents a concessional posting application affecting your call-up number either way. What a concessional request changes is where you serve rather than whether your record processes, so the number still follows your registration and payment as it does for anybody else. If it has not appeared, work the ordinary checks rather than assuming the concession is holding it.",yes,answer
S-0127,ppa_registration_status,How do I find out which PPAs or private firms are registered with NYSC in a state or city?,"There is no public NYSC registry of approved PPAs to look up. Third party sites and blogs compile crowdsourced lists of organisations known to take corps members by state, and none of them is authoritative, so treat those as leads rather than as a list you can rely on. What actually makes an organisation your PPA is the request letter it issues to your State Coordinator, which you submit through your LGI.",,answer
S-0316,ppa_registration_status,Does an organisation need to be registered with NYSC before I can request posting there?,"No. An organisation does not need to appear on any NYSC list before it can take you. The request letter it issues to your State Coordinator, submitted through your LGI and processed by NYSC, is what establishes it as your PPA, so there is no prior paperwork for the organisation to have done.",,answer
S-0736,ppa_registration_status,"Can I be posted to an organisation that is not registered with NYSC or not on the NYSC list, if it gave me a request letter?","Yes, and that is the normal route rather than an exception. An organisation that is not on any NYSC list can still take you, because the request letter it gives you for your State Coordinator is what establishes the relationship, and you submit that through your LGI for NYSC to process.",,answer
S-1252,post_relocation_process,My PPA has not appeared months after relocation and my clearance is showing absent. What do I do?,"Two months is well past every window there is, so treat this as a stuck file rather than a wait. Go to your new state's LGI or the secretariat's relocation desk in person, because a state code commonly updates within 1 to 7 days of submitting your documents and the new PPA about 2 to 7 days after that.

On the clearance, not having a PPA does not suspend it, and clearance in that position is done at the secretariat rather than through a PPA. The unpaid months follow from the absent clearance rather than being a separate problem, because unresolved missed clearance is what puts an allowance at risk.",yes,answer
S-0125,foreign_graduate_verification,Does NYSC accept an online or correspondence degree from a foreign university?,"No. Online and purely correspondence mode degrees are explicitly not accepted, and that includes routes like the Oxford Brookes ACCA one. An online only foreign degree is a real risk at verification rather than a technicality.

There is no process for having an online or correspondence degree reviewed on its own merits, and it is the mode of delivery that decides this rather than your institution's reputation or accreditation, so expect an exclusion letter rather than a call-up letter once your documents are reviewed. Confirm your own case with NYSC's foreign graduates desk before counting on verification changing it.",yes,answer
S-0526,foreign_graduate_verification,"What documents do I need to bring to foreign graduate physical verification, and do they have to be the originals?","Yes. Only people physically seen, verified and cleared with original credentials get deployed, exempted or excluded, so whatever you uploaded during online registration has to be produced in the original at verification.

Bring your original degree or HND certificate, a complete official transcript signed and stamped by your institution, your Evaluation Letter from the Federal Ministry of Education confirming your institution's accreditation, and all the relevant passport pages from your study period, including the data page, your entry visa and your first departure and return to Nigeria dates.",,answer
S-0914,foreign_graduate_verification,Is a statement of result or a transcript accepted instead of the original certificate for a foreign trained graduate?,"No. For a foreign trained graduate a statement of result, a downloaded transcript or an attestation letter is not accepted in place of your original degree or HND certificate, and transcripts on their own are not enough either.

Your transcript is a separate requirement rather than a substitute. You need the original certificate, a complete official transcript signed and stamped by your institution, and your Evaluation Letter from the Federal Ministry of Education.",,answer
S-0527,foreign_graduate_verification,My foreign university has not sent my transcript yet. Can I still register for NYSC?,"You can do the online registration, but you cannot complete physical verification without the transcript, because a downloaded or unofficial copy is not accepted in its place.

Press your school abroad directly for the official copy, signed and stamped. Some universities will forward accreditation confirmation straight to the Federal Ministry of Education's evaluation unit, which can be faster than waiting for the document to reach you.",,answer
S-0826,foreign_graduate_verification,How do I scale through verification if I do not have a residence permit from the country I studied in?,"A residence permit is not required of every foreign graduate. NYSC requires one specifically for graduates of institutions in West African countries, and otherwise it is your passport pages that have to show the travel history.

So if you studied outside West Africa this may not apply to you at all. If you studied in West Africa and do not have the permit, take it to NYSC's Foreign Trained Division rather than assuming an affidavit covers it: the immigration report and sworn affidavit route is what NYSC lists for a LOST PASSPORT, not as a substitute for the permit. Bring the data page, your entry visa and your first departure and return to Nigeria dates.",,answer
S-0883,foreign_graduate_verification,"Can a foreign trained graduate register online before physical verification, and is that the right order?","Yes, and that is the required order. You complete online registration first, then attend physical verification in Nigeria in person, bringing your original degree or HND certificate, your official transcript, your Evaluation Letter and your passport pages from your study period.",,answer
S-0964,foreign_graduate_verification,"Is physical verification compulsory for a foreign trained graduate, or can I skip it and just do my online registration instead?","No. Physical verification is mandatory and online registration on its own never substitutes for it. Only people physically seen, verified and cleared with original credentials get deployed, exempted or excluded, so plan to attend in Nigeria in person with your originals.",,answer
S-0967,foreign_graduate_verification,I studied in the UK or in Ghana. Do I still go through foreign graduate verification?,"Yes. A foreign trained graduate is any Nigerian citizen whose first degree or HND was earned outside Nigeria, whichever country that was, and Ghana and the UK are both named. There is no ECOWAS or Commonwealth exception.

So you attend the same physical verification as every other foreign trained graduate, in Nigeria and in person with your original credentials.",,answer
S-0913,foreign_graduate_verification,Can foreign trained medical doctors skip physical verification?,"No. Medical and health professional foreign graduates go through the same physical verification as everyone else and are not exempt.

There is one extra requirement on top of it. Upload proof of registration with your professional council, for example the MDCN or the PCN, and bring your practice licence to verification with your original credentials.",,answer
S-0917,foreign_graduate_verification,Do I need WAEC verification as a foreign trained graduate?,"Yes, and it is not waived because you studied abroad. Your O'level result, WAEC, NECO or GCE, with a minimum of 5 credits including English and Mathematics in not more than two sittings, is required exactly as it is for a locally trained graduate.

The difference is the document itself. Foreign trained graduates are the ones asked for the original O'level certificate at verification, where domestic graduates are not, and an online result printout is not accepted in place of it.",,answer
S-0963,foreign_graduate_verification,My certificate is in Arabic. Does NYSC require a translation?,"Yes. Any certificate that is not in English has to be translated first, and the translation is done at the embassy of the country where you studied or at a Nigerian university that teaches the language.

Bring the translated copy to camp along with your originals, because the translation is added to them rather than replacing them.",,answer
S-1081,foreign_graduate_verification,I studied abroad. Does that change anything about NYSC for me?,"What changes is the route and one extra step. You register through NYSC's foreign graduate route, and you must attend physical verification in Nigeria in person, which is the document check Nigeria trained graduates skip.

Bring your original certificates and your international passport showing a residence permit or visa covering your study period.",,answer
S-0060,logistics_general_experience,"What is orientation camp actually like, and what happens during the three weeks?","Camp is a structured routine for about three weeks, on a military style schedule with your movement in and out of camp restricted.

Expect early morning drills and roll call announced by bugle, platoon activities, classroom lectures, SAED sessions for Skills Acquisition and Entrepreneurship Development, sports, and social or cultural events in the evening.",,answer
S-1080,logistics_general_experience,Is orientation camp actually like military training?,"No, it is not full military training. It is an orientation exercise with military influenced discipline layered in, and what it borrows is the style: drills, parade, uniform and early mornings for three weeks.

The military part you will actually feel is the schedule itself and the restricted movement in and out of camp.",,answer
S-0773,logistics_general_experience,"Is the military training at camp compulsory, or can I be excused from it?","There is no separate military training to be excused from, because what camp runs is an orientation exercise rather than real military training.

The drills, parade and roll call are part of the daily routine, and camp officials and soldiers enforce that routine strictly, along with dress code and movement in and out of camp. That is the part you cannot opt out of.",,answer
S-0457,logistics_general_experience,How strict are the soldiers and camp officials during orientation?,"Strictly, and on three things in particular: the routine, the dress code, and movement in and out of camp. Both the camp officials and the soldiers enforce it.

That discipline is military influenced rather than real military training, and the routine it is enforcing is the early morning drills and roll call, the lectures and SAED sessions, sports and the evening events.",,answer
S-0609,logistics_general_experience,When is camp fire and what is it all about?,"Camp fire is an evening event and there is no fixed day for it, the exact day and timing vary by camp.

What it is: one of the evening social events, a bonfire centred social and cultural night rather than a lecture or a drill.",,answer
S-0616,logistics_general_experience,When do the daily camp activities finish so we can go and rest?,"Days typically wind down by evening, once the lectures, the drills and any scheduled social event for that day are done.

There is no single lights out time to give you, because the exact lights out or rest time depends on your camp's administration.",,answer
S-0646,logistics_general_experience,Can I avoid taking the vaccine before going to camp?,"Yes. Your medical fitness certificate is not rejected at camp for lacking a meningitis vaccination record, and NYSC has never made that vaccination a compulsory part of the certificate. Anyone telling you otherwise is running the scam narrative used to push corps members into paying for a second certificate.

Getting vaccinated is still worth it for your own health though, especially if you are posted to a northern or meningitis belt state.",,answer
S-0777,logistics_general_experience,What is the best way to survive parade drills?,"Stay hydrated, follow instructions promptly, and pace yourself rather than overexert in the first few days. That is the common advice from past corps members. The drills themselves are early morning, run alongside roll call.",,answer
S-1382,logistics_general_experience,"What activities are available in camp that I can get involved in, and can I bring my chess set?","Plenty, and yes, bring the chess set. A chess board or a small board game is on no NYSC banned items list, so it travels in your normal luggage with no special permission needed.

On the activities: platoon activities and sports, classroom lectures and SAED sessions, and evening social or cultural events including camp fire. There are also camp only groups you can join, OBS for the camp's news and media team, Man O' War for drills and physical training, Red Cross, and cultural groups like drama, choir or band.",,answer
S-1348,logistics_general_experience,"I am into theatre, would joining the drama troupe be worth it during camp?","Yes, for the experience itself. Camp based drama troupes do exist, they organise their own rehearsals and performances, for example at camp fire or cultural day events, and the friendships sometimes carry on informally after camp.

What it will not do is give you an advantage on paper. No camp group or CDS group carries a posting or CV advantage, and what makes any of it CV worthy is a leadership role and active participation rather than the group's name. How active the troupe is depends heavily on your camp and that year's group.",,answer
S-1285,logistics_general_experience,"Which camp group or CDS group gives me an advantage, on my posting or on my CV?","None of them. No camp group or CDS group carries a posting or CV advantage, and the claims that OBS membership affects your posting, or that one CDS group is objectively best for a CV, are camp folklore.

What actually makes any of it worth putting on a CV is a leadership role and active participation, in whichever group you end up in. Your CDS group itself is assigned to you after camp rather than chosen.",,answer
S-0544,green_card_printing,"Is the Green Card the same as the call-up letter, or what is the difference?","No, they are two different documents. The Green Card is your online registration slip, showing your bio-data, your passport photo and the other details captured during registration.

The call-up letter comes later and is the one that tells you your posting state, your camp and your reporting date. It is your entry pass into camp, and you cannot register at camp without it.",yes,answer
S-0210,green_card_printing,"Do I have to go back to the cyber cafe to print my Green Card, and can I print it more than once?","You print it yourself from your dashboard using Print Slip, so there is no going back to the cyber cafe you registered at, and you can reprint it as many times as you need.

On the COVID-19 slip, that was a pandemic requirement and it is not on the current document list, so go by what your dashboard and your own batch's instructions ask for rather than by an older guide.",yes,answer
S-0409,green_card_printing,"Do I have to pay the ₦3,000 before I can print my Green Card?","No, there is no separate payment for printing the Green Card. The roughly ₦3,000 registration package fee, paid through remita during registration, is not a charge for printing: what it buys is online printing and reprinting plus SMS and email notifications.

So if you completed standard registration and paid it, printing access follows from that. If you did not pay it, you collect your documents physically through your institution instead.",yes,answer
S-0545,green_card_printing,"Does the Green Card have to be printed in colour, or is black and white accepted?","Black and white is fine. You print it on plain white A4 paper and there is no requirement to print it in colour, and reprinting it any time is fine if you want another copy.",yes,answer
S-0546,green_card_printing,Can I laminate my Green Card before going to camp?,"There is no rule for or against laminating it, and some corps members do it without any issue.

If you are unsure, keep an unlaminated copy too, in case a camp officer needs to write or stamp on it later. And do not carry the call-up letter warning across to this: older camp instructions do warn against laminating your call-up letter, but that is a different document and the warning is about that one.",yes,answer
S-0319,green_card_printing,Why is my Green Card blank or missing my call-up number?,"It almost always means your call-up number has not been generated yet rather than anything being wrong with the card itself.

Three things commonly cause it: a Remita payment that never confirmed, numbers being released in stages rather than all at once, or a lag between your Senate List record and every stage of NYSC's own system catching up with it. Check your Payment Status page on the dashboard first, give it 24 hours, and press your school's Student Affairs or Mobilisation Office if it stays blank.",yes,answer
S-0401,green_card_printing,My year of admission is missing from my Green Card. Is that a problem?,"On its own, no. A missing year of admission on an otherwise generated Green Card is more likely a data-entry gap from your registration or Senate List record than a call-up delay, and it has not been reported to cause a mobilisation problem by itself.

There is no self-service correction link for year of admission, so if it is genuinely wrong your institution's Student Affairs Officer has to confirm the correct data to NYSC. A call-up number that has not appeared yet is a separate matter, so keep checking your dashboard for that.",yes,answer
S-0405,green_card_printing,I am revalidating and my dashboard says I have not been evaluated even though my documents are complete. What does that mean?,"It is an active processing-queue status rather than a rejection. Not evaluated means NYSC has not yet processed your registration against your school's Senate List and your payment, and it gates your slip, your batch and your deployment state until it clears.

If it persists unusually long, take it to your LGI or your State Coordinator in person. There is no official escalation route beyond that, and going in person is the common way to get a manual look at a stuck record.",yes,answer
S-0601,allowance_bank_account,Are we to open a new bank account for our allowance?,"Yes, a new one is mandatory during camp registration, and it is a requirement under NYSC's own bye laws rather than just what everybody happens to do. It replaces any existing personal account, and you will still be made to open a fresh one even if you already bank with the very bank they assign you.

It has to be a naira account at a CBN-licensed commercial bank, linked to your BVN. Fintech accounts like Opay, Kuda, Moniepoint or Palmpay are not accepted.",,answer
S-0602,allowance_bank_account,What bank would you recommend for receiving my NYSC allowance?,"You do not choose the bank, so there is no one to recommend. NYSC assigns it per camp and state from a pool of commercial banks.

Examples seen across recent batches include Access, UBA, Zenith, GTBank, First Bank and Fidelity. Which one you get is assigned to your platoon, so different platoons in the same camp often end up with different banks and yours will not necessarily match a friend's.",,answer
S-0747,allowance_bank_account,"How do I receive my allowance, does it go to my account rather than being handed out in camp?","It goes into the NYSC-linked account opened for you at camp registration, and that account is the only channel the monthly allowance is paid into. There is no physical handout of it.

What does get handed out physically in camp is a separate thing, a small cash payment made once, commonly called the transport or bicycle allowance, generally starting around day 12 to 18 and collected against your name.",,answer
S-0438,allowance_bank_account,I do not have a BVN. What happens when camp wants me to open the mandatory account?,"You will need to get a BVN first, through any commercial bank, because Nigerian banks generally cannot open a new account without one.

Do that before camp if you can, to avoid delays.",,answer
S-0934,allowance_bank_account,Can I receive my allowance if my account name differs slightly from my NYSC record?,"It can hold up your payment for weeks while it is investigated, even where the difference is slight.

Get it corrected through your bank branch and your LGI as early as you can, rather than waiting for a missed payment to be the thing that tells you.",,answer
S-0489,allowance_bank_account,My BVN birth year is different from my NIN birth year. Will that affect receiving or withdrawing my allowance?,"No, that on its own does not affect your allowance. NYSC's reference for your date of birth is your JAMB record rather than your NIN or your BVN, so a mismatch between those two does not stop you receiving or withdrawing.

What does hold up payment is a different mismatch, your account name not matching your BVN or your NYSC record, and that one gets corrected through your bank branch and your LGI.",,answer
S-0902,allowance_bank_account,Can NYSC pay my allowance into another person's account?,"NYSC does not do that intentionally. When it happens it is described as a technical glitch rather than a decision.

If it happens to you, report it and return the money. Keeping it risks being caught at final clearance, because bank statements are cross-checked, and the penalty is up to three months of service extension without pay.",,answer
S-0935,allowance_bank_account,My bank account was blocked. Will NYSC still pay my allowance?,"Start with your bank rather than your LGI, because a block is something only the bank can lift. Go to the branch and confirm the account is active, that your BVN is properly linked, and that there is no restriction or daily transaction limit sitting on it.

Then take what you find to your LGI, who can flag your record at the state secretariat and push it to the Director of Corps Welfare if it is not resolved quickly. The bank is where the block gets fixed, and the LGI is how NYSC's side of your payment record catches up with it.",,answer
S-0943,allowance_bank_account,My account details are correct but my allowance has not reflected.,"Then it is usually one of two things. Either something individual to your record, like a BVN mismatch or a late clearance submission from your PPA, or a batch-wide delay, which has repeatedly been a national funding problem hitting many corps members at once.

Report it to your LGI first. If it turns out to be systemic, your state secretariat's Finance or Accounts office will have more visibility on it.",,answer
S-0989,allowance_bank_account,Can my bank delay my allowance payment?,"Not usually, no. The delays that happen are either something individual to your record, like a BVN mismatch, or a batch-wide delay, which has repeatedly been a national funding problem rather than anything your bank did.",,answer
S-0005,revalidation,Will my data remain on the portal if I was mobilized but did not register?,"Yes, your data stays and there is no fresh registration to do. Being deployed and never attending camp is the exact revalidation scenario, so your record carries forward and re-enters you into the next batch once the window opens.",yes,answer
S-0212,revalidation,I was posted but never attended camp. Do I need revalidation or remobilization?,"Revalidation, not remobilization. The deciding factor is always whether you physically attended camp: never attended means revalidation, and attending camp or serving part of the year and then stopping means remobilization.

Revalidation re-enters you into the next batch without a fresh registration, and it is free.",yes,answer
S-0034,revalidation,"My name appeared on the Senate List but I never registered. Do I need revalidation, and how does it work?","Fresh registration, not revalidation. Revalidation exists to reactivate a registration you actually completed and that produced a call-up letter, so if you never got that far it is not your route.

You do not need your school to upload you again either. Your existing Senate List entry is still valid and fresh registration picks it up the same way it would for anybody else, so watch for the next registration window opening and register then.",yes,answer
S-0361,revalidation,Can I choose which later batch I revalidate into?,"No. You do not get to pick, it is whichever batch opens next when the portal reopens, so plan around that rather than waiting for a preferred one.",yes,answer
S-0056,revalidation,"Will my state change when I revalidate, or am I automatically reposted to the same state?","You cannot select your state during revalidation, NYSC deploys you through its standard system. Most people report keeping their original state, and a change is possible depending on slot availability at that point, so it is not something to plan around.

The revalidation itself is usually automatic once the portal reopens: your dashboard updates with a new call-up number and you reprint your call-up letter, with no documents to re-upload and no fingerprints to re-capture unless there is a data issue with your original record.",yes,answer
S-1377,revalidation,When is revalidation or remobilization done for those who did not report?,"Revalidation happens when the online registration portal reopens for a new batch, and it is usually automatic at that point.

Remobilization runs on a different schedule: it only goes through a portal NYSC opens periodically and announces per batch, applications outside the stated window are not accepted, and there is no standing date to check against.",,answer
S-0592,relocation_general_process,Which documents does the State Coordinator clearance itself require,,,block
S-0889,relocation_general_process,My relocation was approved but I have not received my acceptance letter,,,block
